ISO-10303-21;
HEADER;
FILE_DESCRIPTION (( 'STEP AP214' ),
    '1' );
FILE_NAME ('INA333AIDRGR.STEP',
    '2021-11-24T00:27:27',
    ( '' ),
    ( '' ),
    'SwSTEP 2.0',
    'SolidWorks 2017',
    '' );
FILE_SCHEMA (( 'AUTOMOTIVE_DESIGN' ));
ENDSEC;

DATA;
#1 = LINE ( 'NONE', #743, #1512 ) ;
#2 = ORIENTED_EDGE ( 'NONE', *, *, #1470, .T. ) ;
#3 = PRESENTATION_LAYER_ASSIGNMENT (  '', '', ( #899 ) ) ;
#4 = LINE ( 'NONE', #473, #163 ) ;
#5 = ORIENTED_EDGE ( 'NONE', *, *, #2370, .F. ) ;
#6 = CARTESIAN_POINT ( 'NONE',  ( -1.500000000000000200, 0.1999999999999999800, -0.1250000000000001100 ) ) ;
#7 = FILL_AREA_STYLE_COLOUR ( '', #1638 ) ;
#8 = VECTOR ( 'NONE', #1004, 1000.000000000000000 ) ;
#9 = EDGE_LOOP ( 'NONE', ( #1620, #301, #3125, #1583 ) ) ;
#10 = CARTESIAN_POINT ( 'NONE',  ( -0.7249999999999997600, 0.2000000000000000900, -0.8499999999999998700 ) ) ;
#11 = VECTOR ( 'NONE', #3108, 1000.000000000000000 ) ;
#12 = CARTESIAN_POINT ( 'NONE',  ( -1.125000000000000200, 0.0000000000000000000, -0.7500000000000001100 ) ) ;
#13 = DIRECTION ( 'NONE',  ( 0.0000000000000000000, 0.0000000000000000000, 1.000000000000000000 ) ) ;
#14 = VERTEX_POINT ( 'NONE', #1263 ) ;
#15 = EDGE_CURVE ( 'NONE', #1155, #3096, #3030, .T. ) ;
#16 = MANIFOLD_SOLID_BREP ( 'Pin 3', #2120 ) ;
#17 = CARTESIAN_POINT ( 'NONE',  ( -1.100000000000000300, 0.7500000000000000000, -1.100000000000000500 ) ) ;
#18 = CARTESIAN_POINT ( 'NONE',  ( 1.499999999999999800, 0.8000000000000003800, -1.500000000000000400 ) ) ;
#19 = ORIENTED_EDGE ( 'NONE', *, *, #2250, .F. ) ;
#20 = EDGE_CURVE ( 'NONE', #2032, #2834, #1593, .T. ) ;
#21 = ORIENTED_EDGE ( 'NONE', *, *, #1689, .F. ) ;
#22 = DIRECTION ( 'NONE',  ( 0.0000000000000000000, 1.000000000000000000, 0.0000000000000000000 ) ) ;
#23 = VECTOR ( 'NONE', #955, 1000.000000000000000 ) ;
#24 = ORIENTED_EDGE ( 'NONE', *, *, #1285, .F. ) ;
#25 = CARTESIAN_POINT ( 'NONE',  ( -0.3749999999999998300, 0.2000000000000000900, -1.199999999999999700 ) ) ;
#26 = DIRECTION ( 'NONE',  ( 0.0000000000000000000, 1.000000000000000000, -0.0000000000000000000 ) ) ;
#27 = LINE ( 'NONE', #2389, #1789 ) ;
#28 = CARTESIAN_POINT ( 'NONE',  ( -1.125000000000000200, 0.04999999999999999600, -0.1250000000000001100 ) ) ;
#29 = VECTOR ( 'NONE', #1221, 1000.000000000000000 ) ;
#30 = EDGE_CURVE ( 'NONE', #1282, #2154, #2235, .T. ) ;
#31 = CARTESIAN_POINT ( 'NONE',  ( -1.125000000000000200, 0.1999999999999999800, -0.2500000000000001100 ) ) ;
#32 = FACE_OUTER_BOUND ( 'NONE', #2790, .T. ) ;
#33 = ORIENTED_EDGE ( 'NONE', *, *, #423, .T. ) ;
#34 = CARTESIAN_POINT ( 'NONE',  ( -1.125000000000000200, 0.2000000000000000100, 0.6249999999999998900 ) ) ;
#35 = ORIENTED_EDGE ( 'NONE', *, *, #2437, .T. ) ;
#36 = EDGE_CURVE ( 'NONE', #2151, #1220, #2155, .T. ) ;
#37 = ORIENTED_EDGE ( 'NONE', *, *, #509, .F. ) ;
#38 = DIRECTION ( 'NONE',  ( -0.0000000000000000000, -1.000000000000000000, -0.0000000000000000000 ) ) ;
#39 = CIRCLE ( 'NONE', #1692, 0.1250000000000000000 ) ;
#40 = ORIENTED_EDGE ( 'NONE', *, *, #1600, .T. ) ;
#41 = LINE ( 'NONE', #3037, #781 ) ;
#42 = CARTESIAN_POINT ( 'NONE',  ( -1.125000000000000200, 0.2000000000000002100, 0.3749999999999998900 ) ) ;
#43 = DIRECTION ( 'NONE',  ( 0.0000000000000000000, 1.000000000000000000, 0.0000000000000000000 ) ) ;
#44 = EDGE_LOOP ( 'NONE', ( #3138, #2290, #1025, #2935 ) ) ;
#45 = PLANE ( 'NONE',  #513 ) ;
#46 = AXIS2_PLACEMENT_3D ( 'NONE', #1222, #2884, #1680 ) ;
#47 = FACE_OUTER_BOUND ( 'NONE', #289, .T. ) ;
#48 = CLOSED_SHELL ( 'NONE', ( #1085, #371, #862, #2081 ) ) ;
#49 = EDGE_LOOP ( 'NONE', ( #725, #1294, #2627, #1137 ) ) ;
#50 = VECTOR ( 'NONE', #1315, 1000.000000000000000 ) ;
#51 = AXIS2_PLACEMENT_3D ( 'NONE', #3142, #2939, #1961 ) ;
#52 = PLANE ( 'NONE',  #2279 ) ;
#53 = DIRECTION ( 'NONE',  ( 0.0000000000000000000, 0.0000000000000000000, -1.000000000000000000 ) ) ;
#54 = ORIENTED_EDGE ( 'NONE', *, *, #2406, .F. ) ;
#55 = EDGE_CURVE ( 'NONE', #1282, #1499, #946, .T. ) ;
#56 = ORIENTED_EDGE ( 'NONE', *, *, #814, .T. ) ;
#57 = CARTESIAN_POINT ( 'NONE',  ( -1.100000000000000300, 0.8000000000000000400, -1.100000000000000500 ) ) ;
#58 = CARTESIAN_POINT ( 'NONE',  ( -1.500000000000000200, 0.8000000000000003800, -1.500000000000000000 ) ) ;
#59 = ADVANCED_FACE ( 'NONE', ( #1704 ), #2196, .F. ) ;
#60 = AXIS2_PLACEMENT_3D ( 'NONE', #3093, #3072, #1864 ) ;
#61 = DIRECTION ( 'NONE',  ( 0.0000000000000000000, -1.000000000000000000, 0.0000000000000000000 ) ) ;
#62 = VERTEX_POINT ( 'NONE', #1507 ) ;
#63 = DIRECTION ( 'NONE',  ( -0.0000000000000000000, -1.000000000000000000, -0.0000000000000000000 ) ) ;
#64 = DIRECTION ( 'NONE',  ( -9.035018104045871900E-017, 0.0000000000000000000, 1.000000000000000000 ) ) ;
#65 = CARTESIAN_POINT ( 'NONE',  ( -1.500000000000000200, 0.2000000000000002100, -0.3750000000000001100 ) ) ;
#66 = MECHANICAL_DESIGN_GEOMETRIC_PRESENTATION_REPRESENTATION (  '', ( #2740 ), #1669 ) ;
#67 = VECTOR ( 'NONE', #175, 1000.000000000000000 ) ;
#68 = ORIENTED_EDGE ( 'NONE', *, *, #448, .T. ) ;
#69 = CARTESIAN_POINT ( 'NONE',  ( 1.125000000000000200, 0.7590169943749476300, 0.2499999999999998900 ) ) ;
#70 = PLANE ( 'NONE',  #1985 ) ;
#71 = CIRCLE ( 'NONE', #2286, 0.1250000000000000000 ) ;
#72 = DIRECTION ( 'NONE',  ( 0.0000000000000000000, 1.000000000000000000, -0.0000000000000000000 ) ) ;
#73 = ORIENTED_EDGE ( 'NONE', *, *, #520, .F. ) ;
#74 = CYLINDRICAL_SURFACE ( 'NONE', #3015, 0.1250000000000000000 ) ;
#75 = CARTESIAN_POINT ( 'NONE',  ( -1.125000000000000200, 0.2000000000000000100, 0.8749999999999998900 ) ) ;
#76 = DIRECTION ( 'NONE',  ( -0.0000000000000000000, 1.000000000000000000, -0.0000000000000000000 ) ) ;
#77 = AXIS2_PLACEMENT_3D ( 'NONE', #176, #3080, #167 ) ;
#78 = LINE ( 'NONE', #444, #2404 ) ;
#79 = LINE ( 'NONE', #1569, #230 ) ;
#80 = EDGE_CURVE ( 'NONE', #667, #2267, #1215, .T. ) ;
#81 = EDGE_LOOP ( 'NONE', ( #544, #1556, #142, #2722 ) ) ;
#82 = DIRECTION ( 'NONE',  ( -1.000000000000000000, -0.0000000000000000000, -2.891205793294677800E-016 ) ) ;
#83 = LINE ( 'NONE', #1170, #344 ) ;
#84 = ORIENTED_EDGE ( 'NONE', *, *, #911, .F. ) ;
#85 = FACE_OUTER_BOUND ( 'NONE', #1167, .T. ) ;
#86 = EDGE_CURVE ( 'NONE', #902, #245, #2910, .T. ) ;
#87 = VERTEX_POINT ( 'NONE', #782 ) ;
#88 = LINE ( 'NONE', #2718, #2675 ) ;
#89 = ORIENTED_EDGE ( 'NONE', *, *, #1893, .T. ) ;
#90 = DIRECTION ( 'NONE',  ( 0.0000000000000000000, -1.000000000000000000, 0.0000000000000000000 ) ) ;
#91 = CARTESIAN_POINT ( 'NONE',  ( 1.125000000000000200, 0.1999999999999999800, 0.6249999999999997800 ) ) ;
#92 = CIRCLE ( 'NONE', #903, 0.1250000000000000000 ) ;
#93 = SURFACE_SIDE_STYLE ('',( #2588 ) ) ;
#94 = ORIENTED_EDGE ( 'NONE', *, *, #1757, .F. ) ;
#95 = VERTEX_POINT ( 'NONE', #998 ) ;
#96 = DIRECTION ( 'NONE',  ( -2.891205793294677800E-016, 0.0000000000000000000, 1.000000000000000000 ) ) ;
#97 = AXIS2_PLACEMENT_3D ( 'NONE', #1027, #26, #2264 ) ;
#98 = DIRECTION ( 'NONE',  ( 0.0000000000000000000, 0.0000000000000000000, -1.000000000000000000 ) ) ;
#99 = ADVANCED_FACE ( 'NONE', ( #1172 ), #3140, .T. ) ;
#100 = EDGE_CURVE ( 'NONE', #2234, #1020, #2793, .T. ) ;
#101 = ORIENTED_EDGE ( 'NONE', *, *, #1418, .F. ) ;
#102 = ADVANCED_FACE ( 'NONE', ( #398 ), #2247, .F. ) ;
#103 = EDGE_LOOP ( 'NONE', ( #1205, #1928, #356, #855 ) ) ;
#104 = VECTOR ( 'NONE', #1109, 1000.000000000000000 ) ;
#105 = ORIENTED_EDGE ( 'NONE', *, *, #2022, .T. ) ;
#106 = ORIENTED_EDGE ( 'NONE', *, *, #1457, .T. ) ;
#107 = EDGE_CURVE ( 'NONE', #463, #2977, #2951, .T. ) ;
#108 = PRESENTATION_STYLE_ASSIGNMENT (( #479 ) ) ;
#109 = AXIS2_PLACEMENT_3D ( 'NONE', #963, #1671, #2890 ) ;
#110 = DIRECTION ( 'NONE',  ( -0.0000000000000000000, -1.000000000000000000, 0.0000000000000000000 ) ) ;
#111 = CARTESIAN_POINT ( 'NONE',  ( 1.125000000000000200, 0.7590169943749476300, 0.6249999999999997800 ) ) ;
#112 = VECTOR ( 'NONE', #2071, 1000.000000000000000 ) ;
#113 = DIRECTION ( 'NONE',  ( -0.0000000000000000000, -1.000000000000000000, -0.0000000000000000000 ) ) ;
#114 = ADVANCED_FACE ( 'NONE', ( #286 ), #2270, .T. ) ;
#115 = DIRECTION ( 'NONE',  ( 0.0000000000000000000, 1.000000000000000000, 0.0000000000000000000 ) ) ;
#116 = CARTESIAN_POINT ( 'NONE',  ( 1.125000000000000200, 0.2000000000000000100, 0.6249999999999998900 ) ) ;
#117 = ORIENTED_EDGE ( 'NONE', *, *, #877, .F. ) ;
#118 = EDGE_CURVE ( 'NONE', #1410, #384, #1454, .T. ) ;
#119 = LINE ( 'NONE', #912, #1158 ) ;
#120 = DIRECTION ( 'NONE',  ( -0.0000000000000000000, -1.000000000000000000, -0.0000000000000000000 ) ) ;
#121 = CARTESIAN_POINT ( 'NONE',  ( -1.125000000000000200, 0.0000000000000000000, 0.2499999999999998900 ) ) ;
#122 = CLOSED_SHELL ( 'NONE', ( #839, #643, #226, #1144, #609, #866, #1855 ) ) ;
#123 = ORIENTED_EDGE ( 'NONE', *, *, #1814, .F. ) ;
#124 = LINE ( 'NONE', #502, #466 ) ;
#125 = CARTESIAN_POINT ( 'NONE',  ( -1.125000000000000200, 0.04999999999999999600, -0.2500000000000001100 ) ) ;
#126 = EDGE_CURVE ( 'NONE', #1322, #1598, #135, .T. ) ;
#127 = VERTEX_POINT ( 'NONE', #42 ) ;
#128 = DIRECTION ( 'NONE',  ( 1.000000000000000000, -0.0000000000000000000, 0.0000000000000000000 ) ) ;
#129 = VECTOR ( 'NONE', #3077, 1000.000000000000000 ) ;
#130 = ORIENTED_EDGE ( 'NONE', *, *, #2085, .F. ) ;
#131 = PLANE ( 'NONE',  #1765 ) ;
#132 = COLOUR_RGB ( '',0.7921568627450980000, 0.8196078431372548800, 0.9333333333333333500 ) ;
#133 = ORIENTED_EDGE ( 'NONE', *, *, #2813, .T. ) ;
#134 = CARTESIAN_POINT ( 'NONE',  ( -0.7249999999999997600, 3.004014978561990700, -0.8499999999999998700 ) ) ;
#135 = CIRCLE ( 'NONE', #2736, 0.1250000000000000000 ) ;
#136 = ADVANCED_FACE ( 'NONE', ( #1526 ), #2752, .T. ) ;
#137 = VERTEX_POINT ( 'NONE', #1780 ) ;
#138 = ORIENTED_EDGE ( 'NONE', *, *, #36, .T. ) ;
#139 = DIRECTION ( 'NONE',  ( 0.0000000000000000000, 1.000000000000000000, 0.0000000000000000000 ) ) ;
#140 = ORIENTED_EDGE ( 'NONE', *, *, #2827, .F. ) ;
#141 = PRESENTATION_LAYER_ASSIGNMENT (  '', '', ( #2804 ) ) ;
#142 = ORIENTED_EDGE ( 'NONE', *, *, #362, .F. ) ;
#143 = CARTESIAN_POINT ( 'NONE',  ( 0.7249999999999999800, 0.2000000000000000900, 1.200000000000000000 ) ) ;
#144 = CARTESIAN_POINT ( 'NONE',  ( 1.125000000000000200, 0.7590169943749476300, 0.3749999999999998900 ) ) ;
#145 = EDGE_CURVE ( 'NONE', #342, #2895, #2645, .T. ) ;
#146 = CARTESIAN_POINT ( 'NONE',  ( -1.500000000000000200, 0.2000000000000000100, 0.1249999999999998900 ) ) ;
#147 = SURFACE_SIDE_STYLE ('',( #890 ) ) ;
#148 = LINE ( 'NONE', #2510, #1818 ) ;
#149 = EDGE_LOOP ( 'NONE', ( #472, #2181, #2597, #2717 ) ) ;
#150 = LINE ( 'NONE', #1516, #1464 ) ;
#151 = EDGE_CURVE ( 'NONE', #667, #2192, #2311, .T. ) ;
#152 = DIRECTION ( 'NONE',  ( -1.445602896647339200E-016, 0.0000000000000000000, -1.000000000000000000 ) ) ;
#153 = LINE ( 'NONE', #2348, #415 ) ;
#154 = AXIS2_PLACEMENT_3D ( 'NONE', #457, #720, #485 ) ;
#155 = DIRECTION ( 'NONE',  ( -1.000000000000000000, 0.0000000000000000000, -0.0000000000000000000 ) ) ;
#156 = PLANE ( 'NONE',  #385 ) ;
#157 = LINE ( 'NONE', #593, #2028 ) ;
#158 = VERTEX_POINT ( 'NONE', #1021 ) ;
#159 = CIRCLE ( 'NONE', #2461, 0.1999999999999999800 ) ;
#160 = EDGE_CURVE ( 'NONE', #2992, #3096, #1260, .T. ) ;
#161 = ORIENTED_EDGE ( 'NONE', *, *, #2354, .T. ) ;
#162 = CARTESIAN_POINT ( 'NONE',  ( -1.500000000000000200, 0.2000000000000002100, 0.6249999999999998900 ) ) ;
#163 = VECTOR ( 'NONE', #732, 1000.000000000000000 ) ;
#164 = ADVANCED_FACE ( 'NONE', ( #791 ), #2505, .F. ) ;
#165 = AXIS2_PLACEMENT_3D ( 'NONE', #293, #2719, #1279 ) ;
#166 = ORIENTED_EDGE ( 'NONE', *, *, #1631, .T. ) ;
#167 = DIRECTION ( 'NONE',  ( 0.0000000000000000000, 0.0000000000000000000, 1.000000000000000000 ) ) ;
#168 = ADVANCED_FACE ( 'NONE', ( #1738 ), #2741, .T. ) ;
#169 = EDGE_LOOP ( 'NONE', ( #105, #692, #2220, #1232 ) ) ;
#170 = CIRCLE ( 'NONE', #528, 0.1250000000000000000 ) ;
#171 = VERTEX_POINT ( 'NONE', #2257 ) ;
#172 = ORIENTED_EDGE ( 'NONE', *, *, #607, .F. ) ;
#173 = PRESENTATION_LAYER_ASSIGNMENT (  '', '', ( #2740 ) ) ;
#174 = DIRECTION ( 'NONE',  ( -1.445602896647339200E-016, -0.0000000000000000000, -1.000000000000000000 ) ) ;
#175 = DIRECTION ( 'NONE',  ( 1.000000000000000000, 0.0000000000000000000, 0.0000000000000000000 ) ) ;
#176 = CARTESIAN_POINT ( 'NONE',  ( -1.125000000000000200, 0.2000000000000000100, 0.7499999999999998900 ) ) ;
#177 = CARTESIAN_POINT ( 'NONE',  ( 1.125000000000000200, 0.7590169943749476300, 0.1249999999999997900 ) ) ;
#178 = VECTOR ( 'NONE', #2318, 1000.000000000000000 ) ;
#179 = ORIENTED_EDGE ( 'NONE', *, *, #1139, .F. ) ;
#180 = EDGE_CURVE ( 'NONE', #2485, #2105, #317, .T. ) ;
#181 = VECTOR ( 'NONE', #2320, 1000.000000000000000 ) ;
#182 = DIRECTION ( 'NONE',  ( 1.000000000000000000, 0.0000000000000000000, 0.0000000000000000000 ) ) ;
#183 = FACE_OUTER_BOUND ( 'NONE', #2262, .T. ) ;
#184 = DIRECTION ( 'NONE',  ( 0.0000000000000000000, 1.000000000000000000, 0.0000000000000000000 ) ) ;
#185 = EDGE_CURVE ( 'NONE', #853, #974, #358, .T. ) ;
#186 = CARTESIAN_POINT ( 'NONE',  ( -1.500000000000000200, 0.04999999999999999600, -0.1250000000000001100 ) ) ;
#187 = VECTOR ( 'NONE', #1916, 1000.000000000000000 ) ;
#188 = DIRECTION ( 'NONE',  ( 0.0000000000000000000, -1.000000000000000000, 0.0000000000000000000 ) ) ;
#189 = FACE_OUTER_BOUND ( 'NONE', #2822, .T. ) ;
#190 = CARTESIAN_POINT ( 'NONE',  ( 0.7249999999999999800, 3.004014978561990700, 1.200000000000000000 ) ) ;
#191 = CARTESIAN_POINT ( 'NONE',  ( -1.125000000000000200, 0.2000000000000002100, -0.3750000000000001100 ) ) ;
#192 = VECTOR ( 'NONE', #960, 1000.000000000000000 ) ;
#193 = FILL_AREA_STYLE_COLOUR ( '', #2268 ) ;
#194 = ORIENTED_EDGE ( 'NONE', *, *, #2165, .T. ) ;
#195 = DIRECTION ( 'NONE',  ( 0.0000000000000000000, -0.0000000000000000000, 1.000000000000000000 ) ) ;
#196 = ORIENTED_EDGE ( 'NONE', *, *, #1510, .T. ) ;
#197 = PRESENTATION_STYLE_ASSIGNMENT (( #1533 ) ) ;
#198 = EDGE_LOOP ( 'NONE', ( #996, #2109, #3064, #35 ) ) ;
#199 = CARTESIAN_POINT ( 'NONE',  ( -1.500000000000000200, 0.0000000000000000000, -0.3750000000000001100 ) ) ;
#200 = FACE_OUTER_BOUND ( 'NONE', #795, .T. ) ;
#201 = ORIENTED_EDGE ( 'NONE', *, *, #3027, .F. ) ;
#202 = CARTESIAN_POINT ( 'NONE',  ( -1.125000000000000200, 0.0000000000000000000, -0.3750000000000001100 ) ) ;
#203 = DIRECTION ( 'NONE',  ( -1.000000000000000000, 0.0000000000000000000, -2.891205793294677800E-016 ) ) ;
#204 = AXIS2_PLACEMENT_3D ( 'NONE', #1389, #1121, #1610 ) ;
#205 = ORIENTED_EDGE ( 'NONE', *, *, #612, .T. ) ;
#206 = ORIENTED_EDGE ( 'NONE', *, *, #887, .F. ) ;
#207 = VECTOR ( 'NONE', #2923, 1000.000000000000000 ) ;
#208 = DIRECTION ( 'NONE',  ( 0.0000000000000000000, 0.0000000000000000000, -1.000000000000000000 ) ) ;
#209 = EDGE_CURVE ( 'NONE', #467, #2496, #1925, .T. ) ;
#210 = ORIENTED_EDGE ( 'NONE', *, *, #2172, .F. ) ;
#211 = VERTEX_POINT ( 'NONE', #1357 ) ;
#212 = ORIENTED_EDGE ( 'NONE', *, *, #842, .F. ) ;
#213 = STYLED_ITEM ( 'NONE', ( #197 ), #991 ) ;
#214 = DIRECTION ( 'NONE',  ( 0.0000000000000000000, -1.000000000000000000, 0.0000000000000000000 ) ) ;
#215 = CARTESIAN_POINT ( 'NONE',  ( 0.7250000000000002000, 0.2000000000000000900, -1.200000000000000000 ) ) ;
#216 = CARTESIAN_POINT ( 'NONE',  ( 0.7250000000000002000, 0.2000000000000000900, -1.200000000000000000 ) ) ;
#217 = AXIS2_PLACEMENT_3D ( 'NONE', #838, #2772, #1343 ) ;
#218 = EDGE_CURVE ( 'NONE', #2189, #1745, #2681, .T. ) ;
#219 =( NAMED_UNIT ( * ) PLANE_ANGLE_UNIT ( ) SI_UNIT ( $, .RADIAN. ) );
#220 = ADVANCED_FACE ( 'NONE', ( #1449 ), #873, .F. ) ;
#221 = EDGE_LOOP ( 'NONE', ( #969, #614 ) ) ;
#222 = VECTOR ( 'NONE', #302, 1000.000000000000000 ) ;
#223 = PLANE ( 'NONE',  #437 ) ;
#224 = FACE_OUTER_BOUND ( 'NONE', #2988, .T. ) ;
#225 = CARTESIAN_POINT ( 'NONE',  ( 0.0000000000000000000, 0.05000000000000000300, 1.200000000000000000 ) ) ;
#226 = ADVANCED_FACE ( 'NONE', ( #1807 ), #2542, .T. ) ;
#227 = CARTESIAN_POINT ( 'NONE',  ( -1.500000000000000200, 0.2000000000000000100, -0.3750000000000001100 ) ) ;
#228 = PRESENTATION_STYLE_ASSIGNMENT (( #622 ) ) ;
#229 = DIRECTION ( 'NONE',  ( 0.0000000000000000000, -1.000000000000000000, 0.0000000000000000000 ) ) ;
#230 = VECTOR ( 'NONE', #2999, 1000.000000000000000 ) ;
#231 = CARTESIAN_POINT ( 'NONE',  ( -1.125000000000000200, 0.2000000000000000100, -0.6250000000000001100 ) ) ;
#232 =( GEOMETRIC_REPRESENTATION_CONTEXT ( 3 ) GLOBAL_UNCERTAINTY_ASSIGNED_CONTEXT ( ( #1072 ) ) GLOBAL_UNIT_ASSIGNED_CONTEXT ( ( #1044, #2004, #2239 ) ) REPRESENTATION_CONTEXT ( 'NONE', 'WORKASPACE' ) );
#233 = VERTEX_POINT ( 'NONE', #1603 ) ;
#234 = ORIENTED_EDGE ( 'NONE', *, *, #2271, .T. ) ;
#235 = VECTOR ( 'NONE', #378, 1000.000000000000000 ) ;
#236 = ORIENTED_EDGE ( 'NONE', *, *, #1534, .T. ) ;
#237 = ADVANCED_FACE ( 'NONE', ( #1486 ), #1168, .T. ) ;
#238 = VECTOR ( 'NONE', #174, 1000.000000000000000 ) ;
#239 = DIRECTION ( 'NONE',  ( -1.586637325588543400E-016, 0.0000000000000000000, 1.000000000000000000 ) ) ;
#240 = AXIS2_PLACEMENT_3D ( 'NONE', #570, #1340, #2043 ) ;
#241 = ORIENTED_EDGE ( 'NONE', *, *, #3112, .F. ) ;
#242 = ADVANCED_FACE ( 'NONE', ( #1370 ), #1828, .T. ) ;
#243 = VECTOR ( 'NONE', #1953, 1000.000000000000000 ) ;
#244 = DIRECTION ( 'NONE',  ( -1.000000000000000000, 0.0000000000000000000, -0.0000000000000000000 ) ) ;
#245 = VERTEX_POINT ( 'NONE', #2277 ) ;
#246 = AXIS2_PLACEMENT_3D ( 'NONE', #1537, #558, #807 ) ;
#247 = CYLINDRICAL_SURFACE ( 'NONE', #1238, 0.1250000000000000000 ) ;
#248 = CARTESIAN_POINT ( 'NONE',  ( 1.125000000000000200, 0.0000000000000000000, -0.6250000000000001100 ) ) ;
#249 = VERTEX_POINT ( 'NONE', #828 ) ;
#250 = EDGE_LOOP ( 'NONE', ( #234, #1702, #506, #1266 ) ) ;
#251 = CARTESIAN_POINT ( 'NONE',  ( -0.7249999999999998700, 0.05000000000000000300, -1.150312061051693800E-016 ) ) ;
#252 = EDGE_CURVE ( 'NONE', #1487, #563, #1734, .T. ) ;
#253 = DIRECTION ( 'NONE',  ( 0.0000000000000000000, 0.0000000000000000000, -1.000000000000000000 ) ) ;
#254 = VERTEX_POINT ( 'NONE', #1567 ) ;
#255 = UNCERTAINTY_MEASURE_WITH_UNIT (LENGTH_MEASURE( 1.000000000000000100E-005 ), #2273, 'distance_accuracy_value', 'NONE');
#256 = CARTESIAN_POINT ( 'NONE',  ( 0.7250000000000002000, 3.004014978561990700, -1.200000000000000000 ) ) ;
#257 = FACE_OUTER_BOUND ( 'NONE', #1341, .T. ) ;
#258 = VECTOR ( 'NONE', #3101, 1000.000000000000000 ) ;
#259 = DIRECTION ( 'NONE',  ( -1.000000000000000000, 0.0000000000000000000, -0.0000000000000000000 ) ) ;
#260 = VERTEX_POINT ( 'NONE', #1822 ) ;
#261 = DIRECTION ( 'NONE',  ( 0.0000000000000000000, -0.0000000000000000000, 1.000000000000000000 ) ) ;
#262 = CARTESIAN_POINT ( 'NONE',  ( 0.7250000000000000900, 0.05000000000000000300, 6.550388125433258000E-017 ) ) ;
#263 = VECTOR ( 'NONE', #657, 1000.000000000000000 ) ;
#264 = AXIS2_PLACEMENT_3D ( 'NONE', #2417, #2663, #208 ) ;
#265 = FACE_OUTER_BOUND ( 'NONE', #524, .T. ) ;
#266 = DIRECTION ( 'NONE',  ( -0.0000000000000000000, 0.0000000000000000000, 1.000000000000000000 ) ) ;
#267 = CARTESIAN_POINT ( 'NONE',  ( 1.500000000000000200, 0.0000000000000000000, 0.8749999999999998900 ) ) ;
#268 = ADVANCED_FACE ( 'NONE', ( #2070 ), #338, .F. ) ;
#269 =( LENGTH_UNIT ( ) NAMED_UNIT ( * ) SI_UNIT ( .MILLI., .METRE. ) );
#270 = VECTOR ( 'NONE', #1914, 1000.000000000000000 ) ;
#271 = ORIENTED_EDGE ( 'NONE', *, *, #1311, .F. ) ;
#272 = CARTESIAN_POINT ( 'NONE',  ( 1.125000000000000200, 0.04999999999999999600, -0.6250000000000001100 ) ) ;
#273 = ORIENTED_EDGE ( 'NONE', *, *, #1678, .T. ) ;
#274 = AXIS2_PLACEMENT_3D ( 'NONE', #2825, #2317, #3035 ) ;
#275 = FACE_OUTER_BOUND ( 'NONE', #1212, .T. ) ;
#276 = VERTEX_POINT ( 'NONE', #3018 ) ;
#277 = CARTESIAN_POINT ( 'NONE',  ( -1.500000000000000200, 0.7590169943749476300, 0.3749999999999998900 ) ) ;
#278 = VECTOR ( 'NONE', #1495, 1000.000000000000000 ) ;
#279 = ORIENTED_EDGE ( 'NONE', *, *, #2649, .T. ) ;
#280 = PLANE ( 'NONE',  #2798 ) ;
#281 = EDGE_CURVE ( 'NONE', #2944, #1799, #786, .T. ) ;
#282 = ORIENTED_EDGE ( 'NONE', *, *, #2471, .T. ) ;
#283 = DIRECTION ( 'NONE',  ( -0.0000000000000000000, -1.000000000000000000, 0.0000000000000000000 ) ) ;
#284 = VERTEX_POINT ( 'NONE', #1594 ) ;
#285 = DIRECTION ( 'NONE',  ( 0.0000000000000000000, 1.000000000000000000, 0.0000000000000000000 ) ) ;
#286 = FACE_OUTER_BOUND ( 'NONE', #1323, .T. ) ;
#287 = EDGE_CURVE ( 'NONE', #233, #321, #2230, .T. ) ;
#288 = ORIENTED_EDGE ( 'NONE', *, *, #700, .T. ) ;
#289 = EDGE_LOOP ( 'NONE', ( #1062, #3104, #827, #1453 ) ) ;
#290 = CARTESIAN_POINT ( 'NONE',  ( -1.100000000000000300, 0.7500000000000000000, -1.100000000000000500 ) ) ;
#291 = ORIENTED_EDGE ( 'NONE', *, *, #2836, .T. ) ;
#292 = CARTESIAN_POINT ( 'NONE',  ( 1.500000000000000200, 0.2000000000000000100, -0.6250000000000001100 ) ) ;
#293 = CARTESIAN_POINT ( 'NONE',  ( 1.125000000000000200, 0.2000000000000000100, 0.7499999999999998900 ) ) ;
#294 = FILL_AREA_STYLE ('',( #768 ) ) ;
#295 = DIRECTION ( 'NONE',  ( 0.0000000000000000000, -0.0000000000000000000, 1.000000000000000000 ) ) ;
#296 = CARTESIAN_POINT ( 'NONE',  ( -1.125000000000000200, 0.2000000000000000100, -0.7500000000000001100 ) ) ;
#297 = CIRCLE ( 'NONE', #1152, 0.1250000000000000000 ) ;
#298 =( GEOMETRIC_REPRESENTATION_CONTEXT ( 3 ) GLOBAL_UNCERTAINTY_ASSIGNED_CONTEXT ( ( #1781 ) ) GLOBAL_UNIT_ASSIGNED_CONTEXT ( ( #269, #777, #507 ) ) REPRESENTATION_CONTEXT ( 'NONE', 'WORKASPACE' ) );
#299 = CARTESIAN_POINT ( 'NONE',  ( 1.500000000000000200, 5.842640687119285300, 1.499999999999999800 ) ) ;
#300 = PLANE ( 'NONE',  #1339 ) ;
#301 = ORIENTED_EDGE ( 'NONE', *, *, #2731, .F. ) ;
#302 = DIRECTION ( 'NONE',  ( 1.000000000000000000, 0.0000000000000000000, 0.0000000000000000000 ) ) ;
#303 = PRESENTATION_STYLE_ASSIGNMENT (( #2278 ) ) ;
#304 = LINE ( 'NONE', #759, #3162 ) ;
#305 = ORIENTED_EDGE ( 'NONE', *, *, #636, .T. ) ;
#306 = EDGE_CURVE ( 'NONE', #276, #1270, #516, .T. ) ;
#307 = MANIFOLD_SOLID_BREP ( 'Thermal Pad', #122 ) ;
#308 = ORIENTED_EDGE ( 'NONE', *, *, #1794, .T. ) ;
#309 = LINE ( 'NONE', #34, #2823 ) ;
#310 = DIRECTION ( 'NONE',  ( 0.0000000000000000000, -1.000000000000000000, 0.0000000000000000000 ) ) ;
#311 = DIRECTION ( 'NONE',  ( -1.445602896647339200E-016, -0.0000000000000000000, -1.000000000000000000 ) ) ;
#312 = ORIENTED_EDGE ( 'NONE', *, *, #814, .F. ) ;
#313 = LINE ( 'NONE', #1971, #278 ) ;
#314 = ORIENTED_EDGE ( 'NONE', *, *, #3019, .F. ) ;
#315 = DIRECTION ( 'NONE',  ( 0.0000000000000000000, 1.000000000000000000, -0.0000000000000000000 ) ) ;
#316 = ADVANCED_FACE ( 'NONE', ( #3026 ), #247, .F. ) ;
#317 = LINE ( 'NONE', #2312, #2005 ) ;
#318 = PLANE ( 'NONE',  #831 ) ;
#319 = ORIENTED_EDGE ( 'NONE', *, *, #2941, .T. ) ;
#320 = EDGE_CURVE ( 'NONE', #2926, #583, #1999, .T. ) ;
#321 = VERTEX_POINT ( 'NONE', #645 ) ;
#322 = DIRECTION ( 'NONE',  ( -0.0000000000000000000, -1.000000000000000000, -0.0000000000000000000 ) ) ;
#323 = ORIENTED_EDGE ( 'NONE', *, *, #1685, .F. ) ;
#324 = CARTESIAN_POINT ( 'NONE',  ( 1.125000000000000200, 0.1999999999999999800, -0.2500000000000001100 ) ) ;
#325 = CARTESIAN_POINT ( 'NONE',  ( 0.0000000000000000000, 0.05000000000000000300, 0.3749999999999998900 ) ) ;
#326 = AXIS2_PLACEMENT_3D ( 'NONE', #1451, #3135, #1489 ) ;
#327 = VECTOR ( 'NONE', #2452, 1000.000000000000000 ) ;
#328 = ORIENTED_EDGE ( 'NONE', *, *, #2138, .F. ) ;
#329 = DIRECTION ( 'NONE',  ( -1.586637325588543400E-016, 0.0000000000000000000, 1.000000000000000000 ) ) ;
#330 = LINE ( 'NONE', #2134, #2809 ) ;
#331 = DIRECTION ( 'NONE',  ( 0.0000000000000000000, -0.0000000000000000000, 1.000000000000000000 ) ) ;
#332 = ADVANCED_FACE ( 'NONE', ( #1960 ), #1423, .T. ) ;
#333 = LINE ( 'NONE', #3146, #2325 ) ;
#334 = CARTESIAN_POINT ( 'NONE',  ( 1.500000000000000200, 0.2000000000000000100, 0.3749999999999998900 ) ) ;
#335 = EDGE_CURVE ( 'NONE', #467, #2605, #1258, .T. ) ;
#336 = VECTOR ( 'NONE', #343, 1000.000000000000000 ) ;
#337 = AXIS2_PLACEMENT_3D ( 'NONE', #594, #2300, #2334 ) ;
#338 = PLANE ( 'NONE',  #738 ) ;
#339 = EDGE_CURVE ( 'NONE', #1246, #1410, #1921, .T. ) ;
#340 = EDGE_LOOP ( 'NONE', ( #1735, #2785, #1711, #2797 ) ) ;
#341 = PLANE ( 'NONE',  #1231 ) ;
#342 = VERTEX_POINT ( 'NONE', #883 ) ;
#343 = DIRECTION ( 'NONE',  ( -1.445602896647339200E-016, -0.0000000000000000000, -1.000000000000000000 ) ) ;
#344 = VECTOR ( 'NONE', #2396, 1000.000000000000000 ) ;
#345 = ORIENTED_EDGE ( 'NONE', *, *, #2370, .T. ) ;
#346 = ORIENTED_EDGE ( 'NONE', *, *, #2539, .T. ) ;
#347 = FACE_OUTER_BOUND ( 'NONE', #2670, .T. ) ;
#348 = EDGE_CURVE ( 'NONE', #974, #1020, #2871, .T. ) ;
#349 = ORIENTED_EDGE ( 'NONE', *, *, #1685, .T. ) ;
#350 = ORIENTED_EDGE ( 'NONE', *, *, #1699, .F. ) ;
#351 = CARTESIAN_POINT ( 'NONE',  ( 1.125000000000000200, 0.2000000000000000100, -0.3750000000000001100 ) ) ;
#352 = ADVANCED_FACE ( 'NONE', ( #702 ), #1134, .F. ) ;
#353 = DIRECTION ( 'NONE',  ( 1.000000000000000000, 0.0000000000000000000, 2.891205793294677800E-016 ) ) ;
#354 = VECTOR ( 'NONE', #416, 1000.000000000000000 ) ;
#355 = DIRECTION ( 'NONE',  ( 0.0000000000000000000, 0.0000000000000000000, -1.000000000000000000 ) ) ;
#356 = ORIENTED_EDGE ( 'NONE', *, *, #2413, .T. ) ;
#357 = ORIENTED_EDGE ( 'NONE', *, *, #2731, .T. ) ;
#358 = LINE ( 'NONE', #2561, #1374 ) ;
#359 = ORIENTED_EDGE ( 'NONE', *, *, #320, .T. ) ;
#360 = CARTESIAN_POINT ( 'NONE',  ( 1.500000000000000200, 0.2000000000000000100, 0.1249999999999998900 ) ) ;
#361 = CARTESIAN_POINT ( 'NONE',  ( 1.500000000000000000, 0.05000000000000000300, -0.1250000000000001100 ) ) ;
#362 = EDGE_CURVE ( 'NONE', #770, #3006, #1095, .T. ) ;
#363 = VERTEX_POINT ( 'NONE', #1845 ) ;
#364 = DIRECTION ( 'NONE',  ( 0.0000000000000000000, -0.0000000000000000000, 1.000000000000000000 ) ) ;
#365 = AXIS2_PLACEMENT_3D ( 'NONE', #447, #664, #709 ) ;
#366 = EDGE_LOOP ( 'NONE', ( #1639, #837, #196, #894 ) ) ;
#367 = EDGE_CURVE ( 'NONE', #864, #770, #2947, .T. ) ;
#368 = CARTESIAN_POINT ( 'NONE',  ( -1.500000000000000200, 0.0000000000000000000, 0.1249999999999998900 ) ) ;
#369 = FILL_AREA_STYLE_COLOUR ( '', #2166 ) ;
#370 = VECTOR ( 'NONE', #2764, 1000.000000000000000 ) ;
#371 = ADVANCED_FACE ( 'NONE', ( #2788 ), #588, .T. ) ;
#372 = CARTESIAN_POINT ( 'NONE',  ( -1.500000000000000200, 0.0000000000000000000, 0.1249999999999998900 ) ) ;
#373 = PLANE ( 'NONE',  #2231 ) ;
#374 = CARTESIAN_POINT ( 'NONE',  ( -1.125000000000000200, 0.7590169943749476300, 0.2499999999999998900 ) ) ;
#375 = VECTOR ( 'NONE', #1358, 1000.000000000000000 ) ;
#376 = DIRECTION ( 'NONE',  ( 1.000000000000000000, 0.0000000000000000000, 0.0000000000000000000 ) ) ;
#377 = CARTESIAN_POINT ( 'NONE',  ( 1.125000000000000200, 0.7590169943749476300, -0.3750000000000002200 ) ) ;
#378 = DIRECTION ( 'NONE',  ( 0.0000000000000000000, -1.000000000000000000, 0.0000000000000000000 ) ) ;
#379 = LINE ( 'NONE', #1664, #573 ) ;
#380 = ORIENTED_EDGE ( 'NONE', *, *, #1344, .F. ) ;
#381 = EDGE_CURVE ( 'NONE', #1125, #284, #830, .T. ) ;
#382 = VECTOR ( 'NONE', #2035, 1000.000000000000000 ) ;
#383 = ADVANCED_FACE ( 'NONE', ( #47 ), #399, .T. ) ;
#384 = VERTEX_POINT ( 'NONE', #2854 ) ;
#385 = AXIS2_PLACEMENT_3D ( 'NONE', #1856, #1635, #401 ) ;
#386 = EDGE_LOOP ( 'NONE', ( #2532, #161, #1254, #2079 ) ) ;
#387 = FACE_OUTER_BOUND ( 'NONE', #2607, .T. ) ;
#388 = ADVANCED_FACE ( 'NONE', ( #433 ), #620, .T. ) ;
#389 = ORIENTED_EDGE ( 'NONE', *, *, #1958, .F. ) ;
#390 = FILL_AREA_STYLE ('',( #2577 ) ) ;
#391 = LINE ( 'NONE', #3071, #1553 ) ;
#392 = VERTEX_POINT ( 'NONE', #1863 ) ;
#393 = DIRECTION ( 'NONE',  ( 1.000000000000000000, 0.0000000000000000000, 0.0000000000000000000 ) ) ;
#394 = VECTOR ( 'NONE', #1714, 1000.000000000000000 ) ;
#395 = ORIENTED_EDGE ( 'NONE', *, *, #2102, .T. ) ;
#396 = AXIS2_PLACEMENT_3D ( 'NONE', #2314, #2516, #1083 ) ;
#397 = DIRECTION ( 'NONE',  ( 0.0000000000000000000, 1.000000000000000000, 0.0000000000000000000 ) ) ;
#398 = FACE_OUTER_BOUND ( 'NONE', #3059, .T. ) ;
#399 = PLANE ( 'NONE',  #3034 ) ;
#400 = VERTEX_POINT ( 'NONE', #2402 ) ;
#401 = DIRECTION ( 'NONE',  ( -1.000000000000000000, 0.0000000000000000000, -0.0000000000000000000 ) ) ;
#402 = ADVANCED_FACE ( 'NONE', ( #3133 ), #958, .T. ) ;
#403 = DIRECTION ( 'NONE',  ( -0.0000000000000000000, -1.000000000000000000, -0.0000000000000000000 ) ) ;
#404 = EDGE_LOOP ( 'NONE', ( #2630, #806, #756, #1982 ) ) ;
#405 = DIRECTION ( 'NONE',  ( 0.0000000000000000000, -1.000000000000000000, 0.0000000000000000000 ) ) ;
#406 = PLANE ( 'NONE',  #2478 ) ;
#407 = UNCERTAINTY_MEASURE_WITH_UNIT (LENGTH_MEASURE( 1.000000000000000100E-005 ), #2200, 'distance_accuracy_value', 'NONE');
#408 = DIRECTION ( 'NONE',  ( 0.0000000000000000000, 0.0000000000000000000, 1.000000000000000000 ) ) ;
#409 = CIRCLE ( 'NONE', #97, 0.1250000000000000000 ) ;
#410 = ORIENTED_EDGE ( 'NONE', *, *, #2836, .F. ) ;
#411 = LINE ( 'NONE', #1536, #222 ) ;
#412 = EDGE_CURVE ( 'NONE', #2710, #2105, #2304, .T. ) ;
#413 = CARTESIAN_POINT ( 'NONE',  ( 0.0000000000000000000, 0.05000000000000000300, 0.3749999999999998900 ) ) ;
#414 = LINE ( 'NONE', #2106, #2211 ) ;
#415 = VECTOR ( 'NONE', #1884, 1000.000000000000000 ) ;
#416 = DIRECTION ( 'NONE',  ( -1.000000000000000000, 0.0000000000000000000, 0.0000000000000000000 ) ) ;
#417 = LINE ( 'NONE', #262, #1646 ) ;
#418 = ORIENTED_EDGE ( 'NONE', *, *, #2078, .F. ) ;
#419 = AXIS2_PLACEMENT_3D ( 'NONE', #1301, #2995, #1774 ) ;
#420 = PLANE ( 'NONE',  #1160 ) ;
#421 = LINE ( 'NONE', #1700, #1007 ) ;
#422 = DIRECTION ( 'NONE',  ( -2.891205793294677800E-016, 0.0000000000000000000, 1.000000000000000000 ) ) ;
#423 = EDGE_CURVE ( 'NONE', #260, #62, #170, .T. ) ;
#424 = ORIENTED_EDGE ( 'NONE', *, *, #100, .F. ) ;
#425 = VECTOR ( 'NONE', #605, 1000.000000000000000 ) ;
#426 = CARTESIAN_POINT ( 'NONE',  ( 1.125000000000000200, 0.1999999999999999800, 0.1249999999999997900 ) ) ;
#427 = AXIS2_PLACEMENT_3D ( 'NONE', #1955, #1943, #1201 ) ;
#428 = ORIENTED_EDGE ( 'NONE', *, *, #1111, .F. ) ;
#429 = CARTESIAN_POINT ( 'NONE',  ( -1.500000000000000200, 0.05000000000000000300, -1.500000000000000000 ) ) ;
#430 = LINE ( 'NONE', #251, #243 ) ;
#431 = CARTESIAN_POINT ( 'NONE',  ( 1.125000000000000200, 0.04999999999999999600, -0.7500000000000001100 ) ) ;
#432 = VERTEX_POINT ( 'NONE', #965 ) ;
#433 = FACE_OUTER_BOUND ( 'NONE', #2473, .T. ) ;
#434 = ORIENTED_EDGE ( 'NONE', *, *, #1655, .F. ) ;
#435 = PLANE ( 'NONE',  #907 ) ;
#436 = ORIENTED_EDGE ( 'NONE', *, *, #1393, .F. ) ;
#437 = AXIS2_PLACEMENT_3D ( 'NONE', #1939, #2431, #446 ) ;
#438 = DIRECTION ( 'NONE',  ( -1.000000000000000000, -0.0000000000000000000, -2.891205793294677800E-016 ) ) ;
#439 = CARTESIAN_POINT ( 'NONE',  ( 1.500000000000000200, 0.1999999999999999800, -0.1250000000000001100 ) ) ;
#440 = CARTESIAN_POINT ( 'NONE',  ( 1.500000000000000200, 0.05000000000000000300, 1.499999999999999800 ) ) ;
#441 = ORIENTED_EDGE ( 'NONE', *, *, #362, .T. ) ;
#442 = EDGE_CURVE ( 'NONE', #2650, #2225, #92, .T. ) ;
#443 = VERTEX_POINT ( 'NONE', #2387 ) ;
#444 = CARTESIAN_POINT ( 'NONE',  ( 1.125000000000000200, 0.0000000000000000000, -0.8750000000000002200 ) ) ;
#445 = AXIS2_PLACEMENT_3D ( 'NONE', #2601, #2869, #1888 ) ;
#446 = DIRECTION ( 'NONE',  ( -1.000000000000000000, 0.0000000000000000000, -0.0000000000000000000 ) ) ;
#447 = CARTESIAN_POINT ( 'NONE',  ( -1.500000000000000200, 0.7590169943749476300, -0.6250000000000001100 ) ) ;
#448 = EDGE_CURVE ( 'NONE', #695, #2496, #1661, .T. ) ;
#449 = DIRECTION ( 'NONE',  ( -1.000000000000000000, 0.0000000000000000000, 0.0000000000000000000 ) ) ;
#450 = FACE_OUTER_BOUND ( 'NONE', #1797, .T. ) ;
#451 = DIRECTION ( 'NONE',  ( -1.000000000000000000, 0.0000000000000000000, 1.445602896647339200E-016 ) ) ;
#452 = ORIENTED_EDGE ( 'NONE', *, *, #1637, .F. ) ;
#453 = CARTESIAN_POINT ( 'NONE',  ( 1.125000000000000200, 0.1999999999999999800, -0.8750000000000002200 ) ) ;
#454 = LINE ( 'NONE', #1382, #2023 ) ;
#455 = DIRECTION ( 'NONE',  ( 0.0000000000000000000, -1.000000000000000000, 0.0000000000000000000 ) ) ;
#456 = VECTOR ( 'NONE', #1743, 1000.000000000000000 ) ;
#457 = CARTESIAN_POINT ( 'NONE',  ( -1.125000000000000200, 0.2000000000000000100, -0.2500000000000001100 ) ) ;
#458 = CARTESIAN_POINT ( 'NONE',  ( -1.500000000000000200, 0.05000000000000000300, -1.500000000000000000 ) ) ;
#459 = ORIENTED_EDGE ( 'NONE', *, *, #180, .F. ) ;
#460 = LINE ( 'NONE', #2380, #1436 ) ;
#461 =( NAMED_UNIT ( * ) SI_UNIT ( $, .STERADIAN. ) SOLID_ANGLE_UNIT ( ) );
#462 = CARTESIAN_POINT ( 'NONE',  ( 1.499999999999999800, 0.05000000000000000300, -1.500000000000000400 ) ) ;
#463 = VERTEX_POINT ( 'NONE', #723 ) ;
#464 = ORIENTED_EDGE ( 'NONE', *, *, #2539, .F. ) ;
#465 = AXIS2_PLACEMENT_3D ( 'NONE', #1733, #1720, #1251 ) ;
#466 = VECTOR ( 'NONE', #1013, 1000.000000000000000 ) ;
#467 = VERTEX_POINT ( 'NONE', #1709 ) ;
#468 = CARTESIAN_POINT ( 'NONE',  ( -1.500000000000000200, 0.1999999999999999800, 0.1249999999999998900 ) ) ;
#469 = CARTESIAN_POINT ( 'NONE',  ( 0.7249999999999999800, 3.004014978561990700, 1.200000000000000000 ) ) ;
#470 = VECTOR ( 'NONE', #1640, 1000.000000000000000 ) ;
#471 = EDGE_CURVE ( 'NONE', #3021, #1598, #1839, .T. ) ;
#472 = ORIENTED_EDGE ( 'NONE', *, *, #555, .F. ) ;
#473 = CARTESIAN_POINT ( 'NONE',  ( 1.499999999999999800, 0.05000000000000000300, -1.500000000000000400 ) ) ;
#474 = PLANE ( 'NONE',  #1385 ) ;
#475 = CIRCLE ( 'NONE', #1618, 0.1250000000000000600 ) ;
#476 = ORIENTED_EDGE ( 'NONE', *, *, #1510, .F. ) ;
#477 = SURFACE_SIDE_STYLE ('',( #750 ) ) ;
#478 = VERTEX_POINT ( 'NONE', #1432 ) ;
#479 = SURFACE_STYLE_USAGE ( .BOTH. , #2201 ) ;
#480 = EDGE_CURVE ( 'NONE', #2063, #1487, #1018, .T. ) ;
#481 = CARTESIAN_POINT ( 'NONE',  ( 1.125000000000000200, 0.2000000000000000100, 0.8749999999999998900 ) ) ;
#482 = VERTEX_POINT ( 'NONE', #215 ) ;
#483 = CARTESIAN_POINT ( 'NONE',  ( -1.500000000000000200, 0.7590169943749476300, 0.1249999999999998900 ) ) ;
#484 = ORIENTED_EDGE ( 'NONE', *, *, #631, .T. ) ;
#485 = DIRECTION ( 'NONE',  ( 0.0000000000000000000, 0.0000000000000000000, -1.000000000000000000 ) ) ;
#486 = CARTESIAN_POINT ( 'NONE',  ( -1.500000000000000200, 0.0000000000000000000, -0.1250000000000001100 ) ) ;
#487 = CARTESIAN_POINT ( 'NONE',  ( 0.7250000000000002000, 0.2000000000000000900, -1.200000000000000000 ) ) ;
#488 = ORIENTED_EDGE ( 'NONE', *, *, #490, .F. ) ;
#489 = DIRECTION ( 'NONE',  ( 0.0000000000000000000, 0.0000000000000000000, 1.000000000000000000 ) ) ;
#490 = EDGE_CURVE ( 'NONE', #2950, #1656, #1880, .T. ) ;
#491 = CARTESIAN_POINT ( 'NONE',  ( 1.500000000000000200, 0.0000000000000000000, 0.6249999999999998900 ) ) ;
#492 = PRESENTATION_STYLE_ASSIGNMENT (( #733 ) ) ;
#493 = LINE ( 'NONE', #426, #2769 ) ;
#494 = AXIS2_PLACEMENT_3D ( 'NONE', #1752, #2244, #794 ) ;
#495 = MANIFOLD_SOLID_BREP ( 'Pin 1', #737 ) ;
#496 = CARTESIAN_POINT ( 'NONE',  ( 1.125000000000000200, 0.2000000000000000100, 0.2499999999999998900 ) ) ;
#497 = DIRECTION ( 'NONE',  ( 0.0000000000000000000, 0.0000000000000000000, 1.000000000000000000 ) ) ;
#498 = COLOUR_RGB ( '',1.000000000000000000, 1.000000000000000000, 1.000000000000000000 ) ;
#499 = FACE_OUTER_BOUND ( 'NONE', #1245, .T. ) ;
#500 = LINE ( 'NONE', #2811, #2367 ) ;
#501 = AXIS2_PLACEMENT_3D ( 'NONE', #2742, #2458, #2734 ) ;
#502 = CARTESIAN_POINT ( 'NONE',  ( 1.125000000000000200, 0.0000000000000000000, 0.6249999999999997800 ) ) ;
#503 = VECTOR ( 'NONE', #2364, 1000.000000000000000 ) ;
#504 = DIRECTION ( 'NONE',  ( -1.000000000000000000, 0.0000000000000000000, 0.0000000000000000000 ) ) ;
#505 = ORIENTED_EDGE ( 'NONE', *, *, #1546, .T. ) ;
#506 = ORIENTED_EDGE ( 'NONE', *, *, #1344, .T. ) ;
#507 =( NAMED_UNIT ( * ) SI_UNIT ( $, .STERADIAN. ) SOLID_ANGLE_UNIT ( ) );
#508 = LINE ( 'NONE', #2356, #238 ) ;
#509 = EDGE_CURVE ( 'NONE', #158, #1592, #2226, .T. ) ;
#510 = VERTEX_POINT ( 'NONE', #1444 ) ;
#511 = VECTOR ( 'NONE', #38, 1000.000000000000000 ) ;
#512 = DIRECTION ( 'NONE',  ( 0.0000000000000000000, -0.0000000000000000000, 1.000000000000000000 ) ) ;
#513 = AXIS2_PLACEMENT_3D ( 'NONE', #1798, #72, #1331 ) ;
#514 = EDGE_LOOP ( 'NONE', ( #1633, #2426, #2258, #1764 ) ) ;
#515 = EDGE_CURVE ( 'NONE', #1879, #463, #2191, .T. ) ;
#516 = LINE ( 'NONE', #2535, #2149 ) ;
#517 = EDGE_LOOP ( 'NONE', ( #1561, #1005, #747, #2903 ) ) ;
#518 = ORIENTED_EDGE ( 'NONE', *, *, #2085, .T. ) ;
#519 = CARTESIAN_POINT ( 'NONE',  ( -1.500000000000000200, 0.1999999999999999800, 0.6249999999999998900 ) ) ;
#520 = EDGE_CURVE ( 'NONE', #171, #2634, #1626, .T. ) ;
#521 = DIRECTION ( 'NONE',  ( -0.0000000000000000000, -1.000000000000000000, -0.0000000000000000000 ) ) ;
#522 = EDGE_LOOP ( 'NONE', ( #947, #1180, #1240, #659 ) ) ;
#523 = CARTESIAN_POINT ( 'NONE',  ( 1.125000000000000200, 0.04999999999999999600, -0.1250000000000001100 ) ) ;
#524 = EDGE_LOOP ( 'NONE', ( #441, #308 ) ) ;
#525 = CARTESIAN_POINT ( 'NONE',  ( -1.100000000000000300, 0.7500000000000000000, -1.100000000000000500 ) ) ;
#526 = DIRECTION ( 'NONE',  ( 0.0000000000000000000, 0.0000000000000000000, 1.000000000000000000 ) ) ;
#527 = ADVANCED_FACE ( 'NONE', ( #1014 ), #2136, .T. ) ;
#528 = AXIS2_PLACEMENT_3D ( 'NONE', #2168, #3145, #931 ) ;
#529 = CIRCLE ( 'NONE', #1682, 0.1250000000000000000 ) ;
#530 = CARTESIAN_POINT ( 'NONE',  ( 0.7250000000000002000, 0.0000000000000000000, -1.200000000000000000 ) ) ;
#531 = EDGE_LOOP ( 'NONE', ( #2758, #2620, #1525, #2940 ) ) ;
#532 = CARTESIAN_POINT ( 'NONE',  ( 1.125000000000000200, 0.2000000000000000100, 0.7499999999999998900 ) ) ;
#533 = EDGE_CURVE ( 'NONE', #400, #2977, #313, .T. ) ;
#534 = CARTESIAN_POINT ( 'NONE',  ( 1.125000000000000200, 0.1999999999999999800, 0.7499999999999998900 ) ) ;
#535 = LINE ( 'NONE', #2911, #1352 ) ;
#536 = STYLED_ITEM ( 'NONE', ( #492 ), #2907 ) ;
#537 = VECTOR ( 'NONE', #2763, 1000.000000000000000 ) ;
#538 = CARTESIAN_POINT ( 'NONE',  ( 1.125000000000000200, 0.04999999999999999600, -0.2500000000000001100 ) ) ;
#539 = EDGE_CURVE ( 'NONE', #2748, #2782, #2301, .T. ) ;
#540 = LINE ( 'NONE', #2099, #3046 ) ;
#541 = DIRECTION ( 'NONE',  ( 0.0000000000000000000, -1.000000000000000000, 0.0000000000000000000 ) ) ;
#542 = CARTESIAN_POINT ( 'NONE',  ( 0.7249999999999999800, 0.2000000000000000900, 1.200000000000000000 ) ) ;
#543 = DIRECTION ( 'NONE',  ( 1.000000000000000000, 0.0000000000000000000, 0.0000000000000000000 ) ) ;
#544 = ORIENTED_EDGE ( 'NONE', *, *, #1412, .T. ) ;
#545 = CARTESIAN_POINT ( 'NONE',  ( 1.125000000000000200, 0.2000000000000000100, 0.6249999999999998900 ) ) ;
#546 = ADVANCED_FACE ( 'NONE', ( #2453 ), #1269, .F. ) ;
#547 = ORIENTED_EDGE ( 'NONE', *, *, #923, .F. ) ;
#548 = CARTESIAN_POINT ( 'NONE',  ( 1.125000000000000200, 0.2000000000000000100, -0.7500000000000001100 ) ) ;
#549 = AXIS2_PLACEMENT_3D ( 'NONE', #2425, #2639, #1462 ) ;
#550 = EDGE_LOOP ( 'NONE', ( #1690, #2837, #1574, #94 ) ) ;
#551 = DIRECTION ( 'NONE',  ( 0.0000000000000000000, -0.0000000000000000000, 1.000000000000000000 ) ) ;
#552 = CYLINDRICAL_SURFACE ( 'NONE', #154, 0.1250000000000000000 ) ;
#553 = EDGE_LOOP ( 'NONE', ( #2427, #797, #1267, #3099 ) ) ;
#554 = CARTESIAN_POINT ( 'NONE',  ( 0.0000000000000000000, 0.0000000000000000000, 0.0000000000000000000 ) ) ;
#555 = EDGE_CURVE ( 'NONE', #14, #2445, #88, .T. ) ;
#556 = MANIFOLD_SOLID_BREP ( 'Pin 5', #2269 ) ;
#557 = EDGE_LOOP ( 'NONE', ( #1628, #2897, #68, #505, #279 ) ) ;
#558 = DIRECTION ( 'NONE',  ( 1.000000000000000000, -0.0000000000000000000, 0.0000000000000000000 ) ) ;
#559 = ORIENTED_EDGE ( 'NONE', *, *, #1133, .F. ) ;
#560 = CARTESIAN_POINT ( 'NONE',  ( -1.125000000000000200, 0.04999999999999999600, -0.3750000000000001100 ) ) ;
#561 = ORIENTED_EDGE ( 'NONE', *, *, #3054, .T. ) ;
#562 = EDGE_LOOP ( 'NONE', ( #2121, #236, #1383, #305 ) ) ;
#563 = VERTEX_POINT ( 'NONE', #28 ) ;
#564 = AXIS2_PLACEMENT_3D ( 'NONE', #949, #2132, #1435 ) ;
#565 = DIRECTION ( 'NONE',  ( 0.0000000000000000000, -0.0000000000000000000, 1.000000000000000000 ) ) ;
#566 = ORIENTED_EDGE ( 'NONE', *, *, #2606, .T. ) ;
#567 = LINE ( 'NONE', #1102, #181 ) ;
#568 = AXIS2_PLACEMENT_3D ( 'NONE', #1304, #2024, #1785 ) ;
#569 = AXIS2_PLACEMENT_3D ( 'NONE', #177, #422, #1838 ) ;
#570 = CARTESIAN_POINT ( 'NONE',  ( -1.125000000000000200, 0.2000000000000000100, -0.7500000000000001100 ) ) ;
#571 = EDGE_CURVE ( 'NONE', #2913, #2405, #2037, .T. ) ;
#572 = DIRECTION ( 'NONE',  ( 1.445602896647339200E-016, 0.0000000000000000000, 1.000000000000000000 ) ) ;
#573 = VECTOR ( 'NONE', #1165, 1000.000000000000000 ) ;
#574 = DIRECTION ( 'NONE',  ( 0.0000000000000000000, 0.0000000000000000000, -1.000000000000000000 ) ) ;
#575 = CARTESIAN_POINT ( 'NONE',  ( -1.125000000000000200, 0.7590169943749476300, -0.8750000000000001100 ) ) ;
#576 = VECTOR ( 'NONE', #1549, 1000.000000000000000 ) ;
#577 = CARTESIAN_POINT ( 'NONE',  ( 1.125000000000000200, 0.0000000000000000000, 0.7499999999999998900 ) ) ;
#578 = ORIENTED_EDGE ( 'NONE', *, *, #706, .F. ) ;
#579 = EDGE_CURVE ( 'NONE', #1214, #853, #2600, .T. ) ;
#580 = ORIENTED_EDGE ( 'NONE', *, *, #1811, .F. ) ;
#581 = PRODUCT_DEFINITION_SHAPE ( 'NONE', 'NONE',  #2706 ) ;
#582 = FACE_OUTER_BOUND ( 'NONE', #49, .T. ) ;
#583 = VERTEX_POINT ( 'NONE', #2953 ) ;
#584 = LINE ( 'NONE', #1234, #1252 ) ;
#585 = CARTESIAN_POINT ( 'NONE',  ( 1.499999999999999800, 0.05000000000000000300, -1.500000000000000400 ) ) ;
#586 = ORIENTED_EDGE ( 'NONE', *, *, #571, .T. ) ;
#587 = ORIENTED_EDGE ( 'NONE', *, *, #185, .F. ) ;
#588 = CYLINDRICAL_SURFACE ( 'NONE', #1675, 0.1999999999999999800 ) ;
#589 = UNCERTAINTY_MEASURE_WITH_UNIT (LENGTH_MEASURE( 1.000000000000000100E-005 ), #2233, 'distance_accuracy_value', 'NONE');
#590 = ORIENTED_EDGE ( 'NONE', *, *, #1631, .F. ) ;
#591 = EDGE_CURVE ( 'NONE', #2948, #851, #1957, .T. ) ;
#592 = DIRECTION ( 'NONE',  ( 0.0000000000000000000, 1.000000000000000000, 0.0000000000000000000 ) ) ;
#593 = CARTESIAN_POINT ( 'NONE',  ( 1.500000000000000200, 0.2000000000000000100, 0.3749999999999998900 ) ) ;
#594 = CARTESIAN_POINT ( 'NONE',  ( -1.500000000000000200, 5.842640687119285300, -1.500000000000000000 ) ) ;
#595 = ADVANCED_FACE ( 'NONE', ( #1255 ), #2433, .T. ) ;
#596 = ORIENTED_EDGE ( 'NONE', *, *, #670, .F. ) ;
#597 = DIRECTION ( 'NONE',  ( 0.0000000000000000000, -1.000000000000000000, 0.0000000000000000000 ) ) ;
#598 = EDGE_CURVE ( 'NONE', #1163, #695, #430, .T. ) ;
#599 = AXIS2_PLACEMENT_3D ( 'NONE', #2075, #115, #2303 ) ;
#600 = LINE ( 'NONE', #1223, #724 ) ;
#601 = ORIENTED_EDGE ( 'NONE', *, *, #2858, .T. ) ;
#602 = DIRECTION ( 'NONE',  ( -0.0000000000000000000, -1.000000000000000000, 0.0000000000000000000 ) ) ;
#603 = CARTESIAN_POINT ( 'NONE',  ( 1.125000000000000200, 0.7590169943749476300, 0.6249999999999998900 ) ) ;
#604 = VECTOR ( 'NONE', #1716, 1000.000000000000000 ) ;
#605 = DIRECTION ( 'NONE',  ( -1.000000000000000000, -0.0000000000000000000, -0.0000000000000000000 ) ) ;
#606 = DIRECTION ( 'NONE',  ( 0.0000000000000000000, 0.0000000000000000000, 1.000000000000000000 ) ) ;
#607 = EDGE_CURVE ( 'NONE', #2293, #392, #2868, .T. ) ;
#608 = LINE ( 'NONE', #1597, #888 ) ;
#609 = ADVANCED_FACE ( 'NONE', ( #2757 ), #2223, .T. ) ;
#610 = LINE ( 'NONE', #1230, #1116 ) ;
#611 = CARTESIAN_POINT ( 'NONE',  ( -1.125000000000000200, 0.7590169943749476300, 0.1249999999999998900 ) ) ;
#612 = EDGE_CURVE ( 'NONE', #95, #510, #475, .T. ) ;
#613 = CYLINDRICAL_SURFACE ( 'NONE', #2961, 0.1250000000000000000 ) ;
#614 = ORIENTED_EDGE ( 'NONE', *, *, #1078, .F. ) ;
#615 = CIRCLE ( 'NONE', #2508, 0.1250000000000000600 ) ;
#616 = ORIENTED_EDGE ( 'NONE', *, *, #816, .T. ) ;
#617 = AXIS2_PLACEMENT_3D ( 'NONE', #900, #1501, #628 ) ;
#618 = LINE ( 'NONE', #2177, #1696 ) ;
#619 = ORIENTED_EDGE ( 'NONE', *, *, #281, .F. ) ;
#620 = PLANE ( 'NONE',  #1565 ) ;
#621 = VECTOR ( 'NONE', #632, 1000.000000000000000 ) ;
#622 = SURFACE_STYLE_USAGE ( .BOTH. , #147 ) ;
#623 = EDGE_LOOP ( 'NONE', ( #2661, #2414, #2831, #37 ) ) ;
#624 = ADVANCED_FACE ( 'NONE', ( #2111 ), #1877, .F. ) ;
#625 = ORIENTED_EDGE ( 'NONE', *, *, #367, .T. ) ;
#626 = ORIENTED_EDGE ( 'NONE', *, *, #956, .T. ) ;
#627 = AXIS2_PLACEMENT_3D ( 'NONE', #125, #602, #857 ) ;
#628 = DIRECTION ( 'NONE',  ( 0.0000000000000000000, 0.0000000000000000000, 1.000000000000000000 ) ) ;
#629 = ORIENTED_EDGE ( 'NONE', *, *, #2765, .F. ) ;
#630 = ORIENTED_EDGE ( 'NONE', *, *, #490, .T. ) ;
#631 = EDGE_CURVE ( 'NONE', #1952, #2293, #661, .T. ) ;
#632 = DIRECTION ( 'NONE',  ( 0.0000000000000000000, 0.0000000000000000000, -1.000000000000000000 ) ) ;
#633 = CARTESIAN_POINT ( 'NONE',  ( -1.125000000000000200, 0.2000000000000002100, 0.1249999999999998900 ) ) ;
#634 = ORIENTED_EDGE ( 'NONE', *, *, #448, .F. ) ;
#635 = CARTESIAN_POINT ( 'NONE',  ( -0.7249999999999997600, 0.2000000000000000900, -0.8499999999999998700 ) ) ;
#636 = EDGE_CURVE ( 'NONE', #2944, #2032, #2381, .T. ) ;
#637 = CARTESIAN_POINT ( 'NONE',  ( -1.125000000000000200, 0.2000000000000002100, 0.6249999999999998900 ) ) ;
#638 = PLANE ( 'NONE',  #569 ) ;
#639 = VECTOR ( 'NONE', #986, 1000.000000000000000 ) ;
#640 = EDGE_LOOP ( 'NONE', ( #2491, #1772, #452, #130 ) ) ;
#641 = DIRECTION ( 'NONE',  ( 0.0000000000000000000, -0.0000000000000000000, 1.000000000000000000 ) ) ;
#642 = DIRECTION ( 'NONE',  ( 0.0000000000000000000, 0.0000000000000000000, -1.000000000000000000 ) ) ;
#643 = ADVANCED_FACE ( 'NONE', ( #1332 ), #2253, .T. ) ;
#644 = VECTOR ( 'NONE', #843, 1000.000000000000000 ) ;
#645 = CARTESIAN_POINT ( 'NONE',  ( -1.125000000000000200, 0.04999999999999999600, 0.8749999999999998900 ) ) ;
#646 = VECTOR ( 'NONE', #3165, 1000.000000000000000 ) ;
#647 = CARTESIAN_POINT ( 'NONE',  ( 1.499999999999999800, 0.05000000000000000300, -1.500000000000000400 ) ) ;
#648 = AXIS2_PLACEMENT_3D ( 'NONE', #538, #2241, #526 ) ;
#649 = LINE ( 'NONE', #1762, #1543 ) ;
#650 = EDGE_CURVE ( 'NONE', #1530, #2063, #2564, .T. ) ;
#651 = LINE ( 'NONE', #2526, #2893 ) ;
#652 = PLANE ( 'NONE',  #1491 ) ;
#653 = ORIENTED_EDGE ( 'NONE', *, *, #2207, .T. ) ;
#654 = AXIS2_PLACEMENT_3D ( 'NONE', #1040, #1293, #53 ) ;
#655 = PRODUCT ( 'INA333AIDRGR', 'INA333AIDRGR', '', ( #1837 ) ) ;
#656 = ORIENTED_EDGE ( 'NONE', *, *, #100, .T. ) ;
#657 = DIRECTION ( 'NONE',  ( -0.0000000000000000000, -0.0000000000000000000, 1.000000000000000000 ) ) ;
#658 = LINE ( 'NONE', #143, #698 ) ;
#659 = ORIENTED_EDGE ( 'NONE', *, *, #631, .F. ) ;
#660 = CARTESIAN_POINT ( 'NONE',  ( 1.500000000000000200, 0.2000000000000002100, -0.6250000000000001100 ) ) ;
#661 = LINE ( 'NONE', #2455, #8 ) ;
#662 = EDGE_LOOP ( 'NONE', ( #898, #323, #1736, #1283 ) ) ;
#663 = AXIS2_PLACEMENT_3D ( 'NONE', #2214, #2723, #1305 ) ;
#664 = DIRECTION ( 'NONE',  ( 1.000000000000000000, -0.0000000000000000000, 0.0000000000000000000 ) ) ;
#665 = VECTOR ( 'NONE', #2653, 1000.000000000000000 ) ;
#666 = CARTESIAN_POINT ( 'NONE',  ( -1.125000000000000200, 0.0000000000000000000, 0.1249999999999998900 ) ) ;
#667 = VERTEX_POINT ( 'NONE', #360 ) ;
#668 = ORIENTED_EDGE ( 'NONE', *, *, #2692, .T. ) ;
#669 = DIRECTION ( 'NONE',  ( -1.000000000000000000, 0.0000000000000000000, 0.0000000000000000000 ) ) ;
#670 = EDGE_CURVE ( 'NONE', #2154, #2333, #2716, .T. ) ;
#671 = CARTESIAN_POINT ( 'NONE',  ( -1.125000000000000200, 0.7590169943749476300, -0.3750000000000001100 ) ) ;
#672 = CARTESIAN_POINT ( 'NONE',  ( -0.7249999999999997600, -0.0000000000000000000, -0.8499999999999998700 ) ) ;
#673 =( GEOMETRIC_REPRESENTATION_CONTEXT ( 3 ) GLOBAL_UNCERTAINTY_ASSIGNED_CONTEXT ( ( #929 ) ) GLOBAL_UNIT_ASSIGNED_CONTEXT ( ( #716, #2655, #1477 ) ) REPRESENTATION_CONTEXT ( 'NONE', 'WORKASPACE' ) );
#674 = VERTEX_POINT ( 'NONE', #2307 ) ;
#675 = DIRECTION ( 'NONE',  ( -1.000000000000000000, 0.0000000000000000000, 0.0000000000000000000 ) ) ;
#676 = ORIENTED_EDGE ( 'NONE', *, *, #1037, .F. ) ;
#677 = EDGE_CURVE ( 'NONE', #249, #87, #1446, .T. ) ;
#678 = CARTESIAN_POINT ( 'NONE',  ( 1.500000000000000200, 0.7590169943749476300, 0.3749999999999998900 ) ) ;
#679 = CARTESIAN_POINT ( 'NONE',  ( 0.7249999999999999800, 0.0000000000000000000, 1.200000000000000000 ) ) ;
#680 = ORIENTED_EDGE ( 'NONE', *, *, #2011, .F. ) ;
#681 = VECTOR ( 'NONE', #2855, 1000.000000000000000 ) ;
#682 = CARTESIAN_POINT ( 'NONE',  ( -1.500000000000000200, 0.2000000000000000100, 0.1249999999999998900 ) ) ;
#683 = CARTESIAN_POINT ( 'NONE',  ( -1.500000000000000200, 0.0000000000000000000, -0.8750000000000001100 ) ) ;
#684 = VECTOR ( 'NONE', #2874, 1000.000000000000000 ) ;
#685 = CARTESIAN_POINT ( 'NONE',  ( -1.125000000000000200, 0.1999999999999999800, -0.7500000000000001100 ) ) ;
#686 = AXIS2_PLACEMENT_3D ( 'NONE', #1673, #2159, #1923 ) ;
#687 = CARTESIAN_POINT ( 'NONE',  ( -1.125000000000000200, 0.7590169943749476300, 0.7499999999999998900 ) ) ;
#688 = CIRCLE ( 'NONE', #1184, 0.1250000000000000000 ) ;
#689 = CARTESIAN_POINT ( 'NONE',  ( -1.500000000000000200, 0.8000000000000003800, -1.500000000000000000 ) ) ;
#690 = EDGE_CURVE ( 'NONE', #2936, #249, #2598, .T. ) ;
#691 = VERTEX_POINT ( 'NONE', #2557 ) ;
#692 = ORIENTED_EDGE ( 'NONE', *, *, #480, .F. ) ;
#693 = VECTOR ( 'NONE', #266, 1000.000000000000000 ) ;
#694 = PLANE ( 'NONE',  #365 ) ;
#695 = VERTEX_POINT ( 'NONE', #2488 ) ;
#696 =( NAMED_UNIT ( * ) PLANE_ANGLE_UNIT ( ) SI_UNIT ( $, .RADIAN. ) );
#697 = CARTESIAN_POINT ( 'NONE',  ( 1.500000000000000200, 0.2000000000000000100, -0.6250000000000001100 ) ) ;
#698 = VECTOR ( 'NONE', #64, 1000.000000000000000 ) ;
#699 = CARTESIAN_POINT ( 'NONE',  ( -0.3749999999999998300, 0.2000000000000000900, -1.199999999999999700 ) ) ;
#700 = EDGE_CURVE ( 'NONE', #1220, #2782, #745, .T. ) ;
#701 = ORIENTED_EDGE ( 'NONE', *, *, #2887, .T. ) ;
#702 = FACE_OUTER_BOUND ( 'NONE', #2894, .T. ) ;
#703 = DIRECTION ( 'NONE',  ( 0.0000000000000000000, 0.0000000000000000000, -1.000000000000000000 ) ) ;
#704 = ORIENTED_EDGE ( 'NONE', *, *, #650, .T. ) ;
#705 = CARTESIAN_POINT ( 'NONE',  ( -1.500000000000000200, 0.05000000000000000300, -1.500000000000000000 ) ) ;
#706 = EDGE_CURVE ( 'NONE', #1918, #467, #658, .T. ) ;
#707 = ORIENTED_EDGE ( 'NONE', *, *, #911, .T. ) ;
#708 = DIRECTION ( 'NONE',  ( 1.000000000000000000, 0.0000000000000000000, 0.0000000000000000000 ) ) ;
#709 = DIRECTION ( 'NONE',  ( 0.0000000000000000000, 0.0000000000000000000, -1.000000000000000000 ) ) ;
#710 = VERTEX_POINT ( 'NONE', #292 ) ;
#711 = VERTEX_POINT ( 'NONE', #372 ) ;
#712 = DIRECTION ( 'NONE',  ( 1.445602896647339200E-016, 0.0000000000000000000, 1.000000000000000000 ) ) ;
#713 = DIRECTION ( 'NONE',  ( 0.0000000000000000000, -0.0000000000000000000, 1.000000000000000000 ) ) ;
#714 = ORIENTED_EDGE ( 'NONE', *, *, #533, .T. ) ;
#715 = MECHANICAL_DESIGN_GEOMETRIC_PRESENTATION_REPRESENTATION (  '', ( #536 ), #2351 ) ;
#716 =( LENGTH_UNIT ( ) NAMED_UNIT ( * ) SI_UNIT ( .MILLI., .METRE. ) );
#717 = EDGE_CURVE ( 'NONE', #2650, #260, #1365, .T. ) ;
#718 = DIRECTION ( 'NONE',  ( -1.000000000000000000, 0.0000000000000000000, -0.0000000000000000000 ) ) ;
#719 = DIRECTION ( 'NONE',  ( -9.035018104045870700E-017, -0.0000000000000000000, 1.000000000000000000 ) ) ;
#720 = DIRECTION ( 'NONE',  ( 0.0000000000000000000, -1.000000000000000000, 0.0000000000000000000 ) ) ;
#721 = CARTESIAN_POINT ( 'NONE',  ( 1.125000000000000200, 0.2000000000000000100, -0.7500000000000001100 ) ) ;
#722 = ADVANCED_FACE ( 'NONE', ( #1403 ), #1120, .T. ) ;
#723 = CARTESIAN_POINT ( 'NONE',  ( -0.7250000000000000900, 0.2000000000000000900, 1.200000000000000000 ) ) ;
#724 = VECTOR ( 'NONE', #994, 1000.000000000000000 ) ;
#725 = ORIENTED_EDGE ( 'NONE', *, *, #808, .T. ) ;
#726 = DIRECTION ( 'NONE',  ( 0.0000000000000000000, -0.0000000000000000000, -1.000000000000000000 ) ) ;
#727 = CYLINDRICAL_SURFACE ( 'NONE', #427, 0.1250000000000000600 ) ;
#728 = CARTESIAN_POINT ( 'NONE',  ( -1.500000000000000200, 0.2000000000000000100, 0.6249999999999998900 ) ) ;
#729 = CARTESIAN_POINT ( 'NONE',  ( 1.499999999999999800, 0.05000000000000000300, -1.500000000000000400 ) ) ;
#730 = COLOUR_RGB ( '',0.7921568627450980000, 0.8196078431372548800, 0.9333333333333333500 ) ;
#731 = AXIS2_PLACEMENT_3D ( 'NONE', #809, #285, #800 ) ;
#732 = DIRECTION ( 'NONE',  ( -1.445602896647339200E-016, -0.0000000000000000000, -1.000000000000000000 ) ) ;
#733 = SURFACE_STYLE_USAGE ( .BOTH. , #2210 ) ;
#734 = LINE ( 'NONE', #1077, #1947 ) ;
#735 = CARTESIAN_POINT ( 'NONE',  ( -1.125000000000000200, 0.2000000000000000100, -0.7500000000000001100 ) ) ;
#736 = ORIENTED_EDGE ( 'NONE', *, *, #3027, .T. ) ;
#737 = CLOSED_SHELL ( 'NONE', ( #352, #3024, #1276, #2743, #59, #3082 ) ) ;
#738 = AXIS2_PLACEMENT_3D ( 'NONE', #2297, #2524, #1075 ) ;
#739 = FACE_OUTER_BOUND ( 'NONE', #1422, .T. ) ;
#740 = DIRECTION ( 'NONE',  ( 1.000000000000000000, 0.0000000000000000000, 0.0000000000000000000 ) ) ;
#741 =( GEOMETRIC_REPRESENTATION_CONTEXT ( 3 ) GLOBAL_UNCERTAINTY_ASSIGNED_CONTEXT ( ( #3005 ) ) GLOBAL_UNIT_ASSIGNED_CONTEXT ( ( #896, #1377, #2586 ) ) REPRESENTATION_CONTEXT ( 'NONE', 'WORKASPACE' ) );
#742 = VERTEX_POINT ( 'NONE', #1303 ) ;
#743 = CARTESIAN_POINT ( 'NONE',  ( -0.7250000000000000900, 3.004014978561990700, 1.200000000000000000 ) ) ;
#744 = ADVANCED_FACE ( 'NONE', ( #2034 ), #52, .F. ) ;
#745 = CIRCLE ( 'NONE', #2428, 0.1250000000000000600 ) ;
#746 = EDGE_CURVE ( 'NONE', #1214, #2355, #41, .T. ) ;
#747 = ORIENTED_EDGE ( 'NONE', *, *, #2536, .T. ) ;
#748 = VERTEX_POINT ( 'NONE', #2242 ) ;
#749 = DIRECTION ( 'NONE',  ( 0.7071067811865474600, 0.0000000000000000000, -0.7071067811865475700 ) ) ;
#750 = SURFACE_STYLE_FILL_AREA ( #1198 ) ;
#751 =( NAMED_UNIT ( * ) SI_UNIT ( $, .STERADIAN. ) SOLID_ANGLE_UNIT ( ) );
#752 = EDGE_CURVE ( 'NONE', #2593, #363, #1327, .T. ) ;
#753 = SURFACE_STYLE_USAGE ( .BOTH. , #2676 ) ;
#754 = VERTEX_POINT ( 'NONE', #2986 ) ;
#755 = ORIENTED_EDGE ( 'NONE', *, *, #1253, .T. ) ;
#756 = ORIENTED_EDGE ( 'NONE', *, *, #1006, .F. ) ;
#757 = CARTESIAN_POINT ( 'NONE',  ( 1.125000000000000200, 0.04999999999999999600, 0.2499999999999998900 ) ) ;
#758 = EDGE_CURVE ( 'NONE', #1858, #1333, #1288, .T. ) ;
#759 = CARTESIAN_POINT ( 'NONE',  ( -0.7249999999999997600, 3.004014978561990700, -0.8499999999999998700 ) ) ;
#760 = VECTOR ( 'NONE', #2280, 1000.000000000000000 ) ;
#761 = FACE_OUTER_BOUND ( 'NONE', #9, .T. ) ;
#762 = FILL_AREA_STYLE_COLOUR ( '', #1731 ) ;
#763 = CARTESIAN_POINT ( 'NONE',  ( 0.7249999999999999800, 0.05000000000000000300, 1.200000000000000000 ) ) ;
#764 = FACE_OUTER_BOUND ( 'NONE', #149, .T. ) ;
#765 = PLANE ( 'NONE',  #501 ) ;
#766 = ADVANCED_FACE ( 'NONE', ( #1954 ), #1820, .T. ) ;
#767 = LINE ( 'NONE', #729, #1688 ) ;
#768 = FILL_AREA_STYLE_COLOUR ( '', #730 ) ;
#769 = AXIS2_PLACEMENT_3D ( 'NONE', #849, #2546, #1607 ) ;
#770 = VERTEX_POINT ( 'NONE', #804 ) ;
#771 = ORIENTED_EDGE ( 'NONE', *, *, #2808, .T. ) ;
#772 = DIRECTION ( 'NONE',  ( 0.0000000000000000000, 1.000000000000000000, 0.0000000000000000000 ) ) ;
#773 = LINE ( 'NONE', #413, #3089 ) ;
#774 = CARTESIAN_POINT ( 'NONE',  ( -1.500000000000000200, 0.2000000000000000100, 0.3749999999999998900 ) ) ;
#775 = EDGE_LOOP ( 'NONE', ( #1521, #117, #2499, #776 ) ) ;
#776 = ORIENTED_EDGE ( 'NONE', *, *, #650, .F. ) ;
#777 =( NAMED_UNIT ( * ) PLANE_ANGLE_UNIT ( ) SI_UNIT ( $, .RADIAN. ) );
#778 = FACE_OUTER_BOUND ( 'NONE', #2382, .T. ) ;
#779 = EDGE_CURVE ( 'NONE', #583, #742, #2107, .T. ) ;
#780 = ORIENTED_EDGE ( 'NONE', *, *, #1637, .T. ) ;
#781 = VECTOR ( 'NONE', #1997, 1000.000000000000000 ) ;
#782 = CARTESIAN_POINT ( 'NONE',  ( 1.500000000000000200, 0.04999999999999999600, -0.8750000000000001100 ) ) ;
#783 = CARTESIAN_POINT ( 'NONE',  ( -1.500000000000000200, 0.0000000000000000000, -0.6250000000000001100 ) ) ;
#784 = VERTEX_POINT ( 'NONE', #2124 ) ;
#785 = EDGE_CURVE ( 'NONE', #1665, #1214, #2751, .T. ) ;
#786 = LINE ( 'NONE', #2285, #1292 ) ;
#787 = ORIENTED_EDGE ( 'NONE', *, *, #2250, .T. ) ;
#788 = DIRECTION ( 'NONE',  ( -1.000000000000000000, 0.0000000000000000000, 0.0000000000000000000 ) ) ;
#789 = CARTESIAN_POINT ( 'NONE',  ( -1.100000000000000300, 0.7500000000000000000, -1.300000000000000500 ) ) ;
#790 = ORIENTED_EDGE ( 'NONE', *, *, #700, .F. ) ;
#791 = FACE_OUTER_BOUND ( 'NONE', #832, .T. ) ;
#792 = ADVANCED_FACE ( 'NONE', ( #2983 ), #2101, .T. ) ;
#793 = DIRECTION ( 'NONE',  ( 0.0000000000000000000, 1.000000000000000000, 0.0000000000000000000 ) ) ;
#794 = DIRECTION ( 'NONE',  ( 1.000000000000000000, 0.0000000000000000000, 0.0000000000000000000 ) ) ;
#795 = EDGE_LOOP ( 'NONE', ( #2712, #1122, #1816, #1196 ) ) ;
#796 = UNCERTAINTY_MEASURE_WITH_UNIT (LENGTH_MEASURE( 1.000000000000000100E-005 ), #2345, 'distance_accuracy_value', 'NONE');
#797 = ORIENTED_EDGE ( 'NONE', *, *, #1037, .T. ) ;
#798 = AXIS2_PLACEMENT_3D ( 'NONE', #1353, #2794, #2064 ) ;
#799 = CARTESIAN_POINT ( 'NONE',  ( -0.7250000000000000900, 3.004014978561990700, 1.200000000000000000 ) ) ;
#800 = DIRECTION ( 'NONE',  ( 0.0000000000000000000, 0.0000000000000000000, 1.000000000000000000 ) ) ;
#801 = EDGE_LOOP ( 'NONE', ( #1966, #1732, #319, #2993 ) ) ;
#802 = CARTESIAN_POINT ( 'NONE',  ( 1.125000000000000200, 0.0000000000000000000, 0.6249999999999998900 ) ) ;
#803 = AXIS2_PLACEMENT_3D ( 'NONE', #3090, #2117, #2362 ) ;
#804 = CARTESIAN_POINT ( 'NONE',  ( -1.100000000000000300, 0.8000000000000000400, -0.9000000000000004700 ) ) ;
#805 = FACE_OUTER_BOUND ( 'NONE', #517, .T. ) ;
#806 = ORIENTED_EDGE ( 'NONE', *, *, #1600, .F. ) ;
#807 = DIRECTION ( 'NONE',  ( 0.0000000000000000000, 0.0000000000000000000, -1.000000000000000000 ) ) ;
#808 = EDGE_CURVE ( 'NONE', #2333, #1499, #2637, .T. ) ;
#809 = CARTESIAN_POINT ( 'NONE',  ( -1.100000000000000300, 0.8000000000000000400, -1.100000000000000500 ) ) ;
#810 = FACE_OUTER_BOUND ( 'NONE', #2299, .T. ) ;
#811 = ORIENTED_EDGE ( 'NONE', *, *, #1582, .F. ) ;
#812 = VECTOR ( 'NONE', #1848, 1000.000000000000000 ) ;
#813 = CARTESIAN_POINT ( 'NONE',  ( -1.500000000000000200, 0.2000000000000002100, 0.1249999999999998900 ) ) ;
#814 = EDGE_CURVE ( 'NONE', #2157, #2199, #3094, .T. ) ;
#815 = VECTOR ( 'NONE', #311, 1000.000000000000000 ) ;
#816 = EDGE_CURVE ( 'NONE', #976, #1333, #1832, .T. ) ;
#817 = ORIENTED_EDGE ( 'NONE', *, *, #923, .T. ) ;
#818 = ORIENTED_EDGE ( 'NONE', *, *, #2122, .F. ) ;
#819 = AXIS2_PLACEMENT_3D ( 'NONE', #190, #2624, #1187 ) ;
#820 = ORIENTED_EDGE ( 'NONE', *, *, #1418, .T. ) ;
#821 = DIRECTION ( 'NONE',  ( 0.0000000000000000000, -1.000000000000000000, 0.0000000000000000000 ) ) ;
#822 = LINE ( 'NONE', #2904, #1127 ) ;
#823 = ORIENTED_EDGE ( 'NONE', *, *, #1169, .F. ) ;
#824 = PRESENTATION_STYLE_ASSIGNMENT (( #2867 ) ) ;
#825 = DIRECTION ( 'NONE',  ( 0.0000000000000000000, 0.0000000000000000000, 1.000000000000000000 ) ) ;
#826 = EDGE_CURVE ( 'NONE', #2726, #2113, #391, .T. ) ;
#827 = ORIENTED_EDGE ( 'NONE', *, *, #948, .T. ) ;
#828 = CARTESIAN_POINT ( 'NONE',  ( 1.125000000000000200, 0.04999999999999999600, -0.8750000000000001100 ) ) ;
#829 = DIRECTION ( 'NONE',  ( 1.000000000000000000, 0.0000000000000000000, -1.445602896647339200E-016 ) ) ;
#830 = CIRCLE ( 'NONE', #77, 0.1250000000000000000 ) ;
#831 = AXIS2_PLACEMENT_3D ( 'NONE', #2540, #98, #1777 ) ;
#832 = EDGE_LOOP ( 'NONE', ( #179, #2388, #1962, #424 ) ) ;
#833 = VERTEX_POINT ( 'NONE', #2114 ) ;
#834 = DIRECTION ( 'NONE',  ( 0.0000000000000000000, 1.000000000000000000, 0.0000000000000000000 ) ) ;
#835 = CARTESIAN_POINT ( 'NONE',  ( -1.499999999999999800, 0.8000000000000003800, 1.499999999999999600 ) ) ;
#836 = UNCERTAINTY_MEASURE_WITH_UNIT (LENGTH_MEASURE( 1.000000000000000100E-005 ), #2812, 'distance_accuracy_value', 'NONE');
#837 = ORIENTED_EDGE ( 'NONE', *, *, #15, .T. ) ;
#838 = CARTESIAN_POINT ( 'NONE',  ( 1.125000000000000200, 0.0000000000000000000, 0.2499999999999998900 ) ) ;
#839 = ADVANCED_FACE ( 'NONE', ( #2902 ), #1841, .T. ) ;
#840 = FACE_OUTER_BOUND ( 'NONE', #2892, .T. ) ;
#841 = CYLINDRICAL_SURFACE ( 'NONE', #654, 0.1250000000000000000 ) ;
#842 = EDGE_CURVE ( 'NONE', #674, #3111, #1801, .T. ) ;
#843 = DIRECTION ( 'NONE',  ( -1.000000000000000000, 0.0000000000000000000, 0.0000000000000000000 ) ) ;
#844 = LINE ( 'NONE', #1933, #646 ) ;
#845 = DIRECTION ( 'NONE',  ( -0.0000000000000000000, -1.000000000000000000, -0.0000000000000000000 ) ) ;
#846 = MECHANICAL_DESIGN_GEOMETRIC_PRESENTATION_REPRESENTATION (  '', ( #2626 ), #673 ) ;
#847 = CARTESIAN_POINT ( 'NONE',  ( 1.499999999999999800, 5.842640687119285300, -1.500000000000000400 ) ) ;
#848 = FACE_OUTER_BOUND ( 'NONE', #198, .T. ) ;
#849 = CARTESIAN_POINT ( 'NONE',  ( 1.500000000000000200, 0.7590169943749476300, 0.8749999999999998900 ) ) ;
#850 = COLOUR_RGB ( '',0.7921568627450980000, 0.8196078431372548800, 0.9333333333333333500 ) ;
#851 = VERTEX_POINT ( 'NONE', #1395 ) ;
#852 = EDGE_CURVE ( 'NONE', #2634, #1082, #508, .T. ) ;
#853 = VERTEX_POINT ( 'NONE', #162 ) ;
#854 = CIRCLE ( 'NONE', #2033, 0.1250000000000000000 ) ;
#855 = ORIENTED_EDGE ( 'NONE', *, *, #2305, .T. ) ;
#856 = LINE ( 'NONE', #2805, #2218 ) ;
#857 = DIRECTION ( 'NONE',  ( 0.0000000000000000000, 0.0000000000000000000, 1.000000000000000000 ) ) ;
#858 = CARTESIAN_POINT ( 'NONE',  ( -1.500000000000000200, 0.2000000000000000100, 0.1249999999999998900 ) ) ;
#859 = EDGE_LOOP ( 'NONE', ( #2294, #656, #1372, #2089 ) ) ;
#860 = CARTESIAN_POINT ( 'NONE',  ( -1.500000000000000200, 0.1999999999999999800, 0.8749999999999998900 ) ) ;
#861 = ADVANCED_FACE ( 'NONE', ( #85 ), #552, .F. ) ;
#862 = ADVANCED_FACE ( 'NONE', ( #2449 ), #1195, .F. ) ;
#863 = AXIS2_PLACEMENT_3D ( 'NONE', #3163, #1528, #2671 ) ;
#864 = VERTEX_POINT ( 'NONE', #954 ) ;
#865 = PLANE ( 'NONE',  #1277 ) ;
#866 = ADVANCED_FACE ( 'NONE', ( #200 ), #2919, .T. ) ;
#867 = PRESENTATION_STYLE_ASSIGNMENT (( #1414 ) ) ;
#868 = ORIENTED_EDGE ( 'NONE', *, *, #1244, .F. ) ;
#869 = DIRECTION ( 'NONE',  ( 0.0000000000000000000, 0.0000000000000000000, 1.000000000000000000 ) ) ;
#870 = PLANE ( 'NONE',  #204 ) ;
#871 = ORIENTED_EDGE ( 'NONE', *, *, #746, .T. ) ;
#872 = VECTOR ( 'NONE', #1531, 1000.000000000000000 ) ;
#873 = PLANE ( 'NONE',  #2487 ) ;
#874 = AXIS2_PLACEMENT_3D ( 'NONE', #2616, #1174, #2400 ) ;
#875 = ORIENTED_EDGE ( 'NONE', *, *, #145, .F. ) ;
#876 = DIRECTION ( 'NONE',  ( 0.0000000000000000000, 0.0000000000000000000, -1.000000000000000000 ) ) ;
#877 = EDGE_CURVE ( 'NONE', #2429, #276, #618, .T. ) ;
#878 = EDGE_LOOP ( 'NONE', ( #928, #1103, #880, #3136 ) ) ;
#879 = CARTESIAN_POINT ( 'NONE',  ( 1.125000000000000200, 0.2000000000000000100, 0.6249999999999997800 ) ) ;
#880 = ORIENTED_EDGE ( 'NONE', *, *, #2390, .T. ) ;
#881 = CARTESIAN_POINT ( 'NONE',  ( 1.125000000000000200, 0.2000000000000000100, -0.3750000000000002200 ) ) ;
#882 = ADVANCED_FACE ( 'NONE', ( #1994 ), #2668, .T. ) ;
#883 = CARTESIAN_POINT ( 'NONE',  ( -1.500000000000000200, 0.2000000000000002100, -0.8750000000000001100 ) ) ;
#884 = DIRECTION ( 'NONE',  ( -1.000000000000000000, 0.0000000000000000000, -0.0000000000000000000 ) ) ;
#885 = PLANE ( 'NONE',  #2082 ) ;
#886 = CIRCLE ( 'NONE', #165, 0.1250000000000000000 ) ;
#887 = EDGE_CURVE ( 'NONE', #2495, #2199, #1873, .T. ) ;
#888 = VECTOR ( 'NONE', #2776, 1000.000000000000000 ) ;
#889 = DIRECTION ( 'NONE',  ( -0.0000000000000000000, -1.000000000000000000, -0.0000000000000000000 ) ) ;
#890 = SURFACE_STYLE_FILL_AREA ( #390 ) ;
#891 = DIRECTION ( 'NONE',  ( -0.0000000000000000000, -0.0000000000000000000, 1.000000000000000000 ) ) ;
#892 = ADVANCED_FACE ( 'NONE', ( #2265 ), #1440, .F. ) ;
#893 = EDGE_LOOP ( 'NONE', ( #56, #2246, #350, #820, #2866, #982, #2143, #1891, #3009, #2638, #1443, #2817, #771, #1987, #619, #2360, #1963, #626, #596, #1580 ) ) ;
#894 = ORIENTED_EDGE ( 'NONE', *, *, #2275, .F. ) ;
#895 = CARTESIAN_POINT ( 'NONE',  ( -1.500000000000000200, 0.2000000000000000100, -0.6250000000000001100 ) ) ;
#896 =( LENGTH_UNIT ( ) NAMED_UNIT ( * ) SI_UNIT ( .MILLI., .METRE. ) );
#897 = LINE ( 'NONE', #895, #235 ) ;
#898 = ORIENTED_EDGE ( 'NONE', *, *, #826, .F. ) ;
#899 = STYLED_ITEM ( 'NONE', ( #1509 ), #1562 ) ;
#900 = CARTESIAN_POINT ( 'NONE',  ( -1.100000000000000300, 0.7500000000000000000, -1.100000000000000500 ) ) ;
#901 = ORIENTED_EDGE ( 'NONE', *, *, #3147, .F. ) ;
#902 = VERTEX_POINT ( 'NONE', #3116 ) ;
#903 = AXIS2_PLACEMENT_3D ( 'NONE', #685, #2909, #1177 ) ;
#904 = DIRECTION ( 'NONE',  ( -1.000000000000000000, 0.0000000000000000000, 0.0000000000000000000 ) ) ;
#905 = ORIENTED_EDGE ( 'NONE', *, *, #2047, .F. ) ;
#906 = ORIENTED_EDGE ( 'NONE', *, *, #571, .F. ) ;
#907 = AXIS2_PLACEMENT_3D ( 'NONE', #2152, #3151, #2636 ) ;
#908 = EDGE_CURVE ( 'NONE', #1065, #1900, #2416, .T. ) ;
#909 = CARTESIAN_POINT ( 'NONE',  ( 1.500000000000000200, 0.1999999999999999800, -0.6250000000000001100 ) ) ;
#910 = CARTESIAN_POINT ( 'NONE',  ( -1.125000000000000200, 0.2000000000000000100, 0.2499999999999998900 ) ) ;
#911 = EDGE_CURVE ( 'NONE', #2267, #510, #584, .T. ) ;
#912 = CARTESIAN_POINT ( 'NONE',  ( -1.500000000000000200, 0.0000000000000000000, 0.6249999999999998900 ) ) ;
#913 = SURFACE_SIDE_STYLE ('',( #2511 ) ) ;
#914 = CIRCLE ( 'NONE', #51, 0.1250000000000000000 ) ;
#915 = ORIENTED_EDGE ( 'NONE', *, *, #252, .F. ) ;
#916 = LINE ( 'NONE', #1064, #644 ) ;
#917 = CARTESIAN_POINT ( 'NONE',  ( -1.100000000000000300, 0.7500000000000000000, -1.100000000000000500 ) ) ;
#918 = CARTESIAN_POINT ( 'NONE',  ( -1.125000000000000200, 0.2000000000000000100, 0.8749999999999998900 ) ) ;
#919 = FACE_OUTER_BOUND ( 'NONE', #1778, .T. ) ;
#920 = ORIENTED_EDGE ( 'NONE', *, *, #1699, .T. ) ;
#921 = CARTESIAN_POINT ( 'NONE',  ( -1.125000000000000200, 0.2000000000000000100, 0.1249999999999998900 ) ) ;
#922 = VECTOR ( 'NONE', #2882, 1000.000000000000000 ) ;
#923 = EDGE_CURVE ( 'NONE', #2605, #2913, #822, .T. ) ;
#924 = LINE ( 'NONE', #2945, #1394 ) ;
#925 = DIRECTION ( 'NONE',  ( -1.000000000000000000, -0.0000000000000000000, -0.0000000000000000000 ) ) ;
#926 = DIRECTION ( 'NONE',  ( 0.0000000000000000000, 1.000000000000000000, 0.0000000000000000000 ) ) ;
#927 = AXIS2_PLACEMENT_3D ( 'NONE', #2384, #926, #1442 ) ;
#928 = ORIENTED_EDGE ( 'NONE', *, *, #636, .F. ) ;
#929 = UNCERTAINTY_MEASURE_WITH_UNIT (LENGTH_MEASURE( 1.000000000000000100E-005 ), #716, 'distance_accuracy_value', 'NONE');
#930 = LINE ( 'NONE', #999, #1118 ) ;
#931 = DIRECTION ( 'NONE',  ( 0.0000000000000000000, 0.0000000000000000000, 1.000000000000000000 ) ) ;
#932 = ORIENTED_EDGE ( 'NONE', *, *, #1006, .T. ) ;
#933 = DIRECTION ( 'NONE',  ( 0.0000000000000000000, -1.000000000000000000, 0.0000000000000000000 ) ) ;
#934 = ORIENTED_EDGE ( 'NONE', *, *, #2759, .T. ) ;
#935 = VECTOR ( 'NONE', #1034, 1000.000000000000000 ) ;
#936 = ORIENTED_EDGE ( 'NONE', *, *, #442, .T. ) ;
#937 = DIRECTION ( 'NONE',  ( -1.000000000000000000, 0.0000000000000000000, 0.0000000000000000000 ) ) ;
#938 = PRESENTATION_STYLE_ASSIGNMENT (( #1942 ) ) ;
#939 = ORIENTED_EDGE ( 'NONE', *, *, #1366, .T. ) ;
#940 = DIRECTION ( 'NONE',  ( 1.000000000000000000, -0.0000000000000000000, 0.0000000000000000000 ) ) ;
#941 = VERTEX_POINT ( 'NONE', #682 ) ;
#942 = CARTESIAN_POINT ( 'NONE',  ( 1.500000000000000200, 0.2000000000000000100, -0.3750000000000001100 ) ) ;
#943 = ADVANCED_FACE ( 'NONE', ( #1621 ), #3141, .F. ) ;
#944 = PLANE ( 'NONE',  #2680 ) ;
#945 = ORIENTED_EDGE ( 'NONE', *, *, #1576, .F. ) ;
#946 = LINE ( 'NONE', #481, #207 ) ;
#947 = ORIENTED_EDGE ( 'NONE', *, *, #1042, .F. ) ;
#948 = EDGE_CURVE ( 'NONE', #2340, #2936, #978, .T. ) ;
#949 = CARTESIAN_POINT ( 'NONE',  ( 1.125000000000000200, 0.0000000000000000000, 0.2499999999999998900 ) ) ;
#950 = EDGE_LOOP ( 'NONE', ( #345, #1973, #1416, #1360 ) ) ;
#951 = CARTESIAN_POINT ( 'NONE',  ( -1.125000000000000200, 0.2000000000000000100, -0.3750000000000001100 ) ) ;
#952 = STYLED_ITEM ( 'NONE', ( #303 ), #2112 ) ;
#953 = ORIENTED_EDGE ( 'NONE', *, *, #2917, .F. ) ;
#954 = CARTESIAN_POINT ( 'NONE',  ( -1.100000000000000300, 0.7500000000000000000, -0.9000000000000004700 ) ) ;
#955 = DIRECTION ( 'NONE',  ( -1.000000000000000000, 0.0000000000000000000, 0.0000000000000000000 ) ) ;
#956 = EDGE_CURVE ( 'NONE', #2274, #2333, #4, .T. ) ;
#957 = ADVANCED_FACE ( 'NONE', ( #2188 ), #1930, .F. ) ;
#958 = PLANE ( 'NONE',  #2647 ) ;
#959 = DIRECTION ( 'NONE',  ( -0.0000000000000000000, -0.0000000000000000000, 1.000000000000000000 ) ) ;
#960 = DIRECTION ( 'NONE',  ( 0.0000000000000000000, 0.0000000000000000000, -1.000000000000000000 ) ) ;
#961 = STYLED_ITEM ( 'NONE', ( #228 ), #1912 ) ;
#962 = VECTOR ( 'NONE', #2456, 1000.000000000000000 ) ;
#963 = CARTESIAN_POINT ( 'NONE',  ( -1.500000000000000200, 0.7590169943749476300, -0.1250000000000001100 ) ) ;
#964 =( NAMED_UNIT ( * ) PLANE_ANGLE_UNIT ( ) SI_UNIT ( $, .RADIAN. ) );
#965 = CARTESIAN_POINT ( 'NONE',  ( -1.125000000000000200, 0.0000000000000000000, 0.3749999999999998900 ) ) ;
#966 = DIRECTION ( 'NONE',  ( -1.000000000000000000, 0.0000000000000000000, -1.586637325588543400E-016 ) ) ;
#967 = PRESENTATION_LAYER_ASSIGNMENT (  '', '', ( #3074 ) ) ;
#968 = VECTOR ( 'NONE', #3020, 1000.000000000000000 ) ;
#969 = ORIENTED_EDGE ( 'NONE', *, *, #1412, .F. ) ;
#970 = FILL_AREA_STYLE_COLOUR ( '', #1324 ) ;
#971 = ADVANCED_FACE ( 'NONE', ( #1766 ), #223, .T. ) ;
#972 = DIRECTION ( 'NONE',  ( -1.000000000000000000, -0.0000000000000000000, -2.891205793294677800E-016 ) ) ;
#973 = EDGE_CURVE ( 'NONE', #1858, #748, #1088, .T. ) ;
#974 = VERTEX_POINT ( 'NONE', #2715 ) ;
#975 = ORIENTED_EDGE ( 'NONE', *, *, #2342, .F. ) ;
#976 = VERTEX_POINT ( 'NONE', #202 ) ;
#977 = DIRECTION ( 'NONE',  ( -0.0000000000000000000, -1.000000000000000000, -0.0000000000000000000 ) ) ;
#978 = LINE ( 'NONE', #3160, #1161 ) ;
#979 = EDGE_CURVE ( 'NONE', #284, #233, #309, .T. ) ;
#980 = VERTEX_POINT ( 'NONE', #2694 ) ;
#981 = DIRECTION ( 'NONE',  ( -1.445602896647339200E-016, -0.0000000000000000000, -1.000000000000000000 ) ) ;
#982 = ORIENTED_EDGE ( 'NONE', *, *, #1475, .T. ) ;
#983 = CARTESIAN_POINT ( 'NONE',  ( -1.500000000000000200, 0.1999999999999999800, -0.6250000000000001100 ) ) ;
#984 = EDGE_CURVE ( 'NONE', #211, #2454, #2749, .T. ) ;
#985 = VECTOR ( 'NONE', #322, 1000.000000000000000 ) ;
#986 = DIRECTION ( 'NONE',  ( 0.0000000000000000000, 0.0000000000000000000, -1.000000000000000000 ) ) ;
#987 = ORIENTED_EDGE ( 'NONE', *, *, #335, .T. ) ;
#988 = ORIENTED_EDGE ( 'NONE', *, *, #877, .T. ) ;
#989 = FILL_AREA_STYLE_COLOUR ( '', #2459 ) ;
#990 = EDGE_CURVE ( 'NONE', #2267, #674, #2560, .T. ) ;
#991 = MANIFOLD_SOLID_BREP ( 'Pin 4', #1595 ) ;
#992 = CARTESIAN_POINT ( 'NONE',  ( -1.125000000000000200, 0.2000000000000000100, 0.2499999999999998900 ) ) ;
#993 = CARTESIAN_POINT ( 'NONE',  ( -1.125000000000000200, 0.0000000000000000000, 0.2499999999999998900 ) ) ;
#994 = DIRECTION ( 'NONE',  ( 1.000000000000000000, 0.0000000000000000000, 0.0000000000000000000 ) ) ;
#995 = VECTOR ( 'NONE', #2865, 1000.000000000000000 ) ;
#996 = ORIENTED_EDGE ( 'NONE', *, *, #2283, .T. ) ;
#997 = VECTOR ( 'NONE', #2972, 1000.000000000000000 ) ;
#998 = CARTESIAN_POINT ( 'NONE',  ( 1.125000000000000200, 0.04999999999999999600, 0.3749999999999998900 ) ) ;
#999 = CARTESIAN_POINT ( 'NONE',  ( -1.125000000000000200, 0.2000000000000000100, -0.8750000000000001100 ) ) ;
#1000 = LINE ( 'NONE', #647, #2965 ) ;
#1001 = CYLINDRICAL_SURFACE ( 'NONE', #1566, 0.1250000000000000600 ) ;
#1002 = CARTESIAN_POINT ( 'NONE',  ( -1.500000000000000200, 0.7590169943749476300, -0.1250000000000001100 ) ) ;
#1003 = FACE_OUTER_BOUND ( 'NONE', #662, .T. ) ;
#1004 = DIRECTION ( 'NONE',  ( -0.0000000000000000000, -1.000000000000000000, -0.0000000000000000000 ) ) ;
#1005 = ORIENTED_EDGE ( 'NONE', *, *, #2047, .T. ) ;
#1006 = EDGE_CURVE ( 'NONE', #62, #2895, #1763, .T. ) ;
#1007 = VECTOR ( 'NONE', #253, 1000.000000000000000 ) ;
#1008 = CARTESIAN_POINT ( 'NONE',  ( -1.100000000000000300, 0.7500000000000000000, -1.300000000000000500 ) ) ;
#1009 = ORIENTED_EDGE ( 'NONE', *, *, #2378, .F. ) ;
#1010 = AXIS2_PLACEMENT_3D ( 'NONE', #1318, #3008, #3000 ) ;
#1011 = ORIENTED_EDGE ( 'NONE', *, *, #1678, .F. ) ;
#1012 = ORIENTED_EDGE ( 'NONE', *, *, #2165, .F. ) ;
#1013 = DIRECTION ( 'NONE',  ( -1.000000000000000000, -0.0000000000000000000, -2.891205793294677800E-016 ) ) ;
#1014 = FACE_OUTER_BOUND ( 'NONE', #1523, .T. ) ;
#1015 = ADVANCED_FACE ( 'NONE', ( #347 ), #1524, .F. ) ;
#1016 = ORIENTED_EDGE ( 'NONE', *, *, #984, .F. ) ;
#1017 = DIRECTION ( 'NONE',  ( 0.0000000000000000000, -1.000000000000000000, 0.0000000000000000000 ) ) ;
#1018 = LINE ( 'NONE', #1225, #11 ) ;
#1019 = CARTESIAN_POINT ( 'NONE',  ( -1.500000000000000200, 0.2000000000000000100, 0.3749999999999998900 ) ) ;
#1020 = VERTEX_POINT ( 'NONE', #2209 ) ;
#1021 = CARTESIAN_POINT ( 'NONE',  ( 1.125000000000000200, 0.2000000000000002100, 0.3749999999999998900 ) ) ;
#1022 = ORIENTED_EDGE ( 'NONE', *, *, #1253, .F. ) ;
#1023 = SURFACE_SIDE_STYLE ('',( #1865 ) ) ;
#1024 = PRESENTATION_STYLE_ASSIGNMENT (( #753 ) ) ;
#1025 = ORIENTED_EDGE ( 'NONE', *, *, #2567, .T. ) ;
#1026 = DIRECTION ( 'NONE',  ( 0.0000000000000000000, 0.0000000000000000000, -1.000000000000000000 ) ) ;
#1027 = CARTESIAN_POINT ( 'NONE',  ( 1.125000000000000200, 0.2000000000000000100, -0.7500000000000001100 ) ) ;
#1028 = DIRECTION ( 'NONE',  ( -0.0000000000000000000, -1.000000000000000000, 0.0000000000000000000 ) ) ;
#1029 = PRODUCT_DEFINITION_FORMATION_WITH_SPECIFIED_SOURCE ( 'ANY', '', #655, .NOT_KNOWN. ) ;
#1030 = EDGE_CURVE ( 'NONE', #432, #1745, #39, .T. ) ;
#1031 = FILL_AREA_STYLE_COLOUR ( '', #850 ) ;
#1032 = DIRECTION ( 'NONE',  ( 0.0000000000000000000, 0.0000000000000000000, 1.000000000000000000 ) ) ;
#1033 = MECHANICAL_DESIGN_GEOMETRIC_PRESENTATION_REPRESENTATION (  '', ( #1096 ), #3041 ) ;
#1034 = DIRECTION ( 'NONE',  ( 1.000000000000000000, -0.0000000000000000000, 0.0000000000000000000 ) ) ;
#1035 = ORIENTED_EDGE ( 'NONE', *, *, #2003, .T. ) ;
#1036 = LINE ( 'NONE', #1697, #2133 ) ;
#1037 = EDGE_CURVE ( 'NONE', #1084, #482, #1619, .T. ) ;
#1038 = DIRECTION ( 'NONE',  ( 0.0000000000000000000, -1.000000000000000000, 0.0000000000000000000 ) ) ;
#1039 = DIRECTION ( 'NONE',  ( 0.0000000000000000000, 0.0000000000000000000, 1.000000000000000000 ) ) ;
#1040 = CARTESIAN_POINT ( 'NONE',  ( -1.125000000000000200, 0.2000000000000000100, 0.7499999999999998900 ) ) ;
#1041 = VECTOR ( 'NONE', #113, 1000.000000000000000 ) ;
#1042 = EDGE_CURVE ( 'NONE', #2748, #1952, #2224, .T. ) ;
#1043 = CARTESIAN_POINT ( 'NONE',  ( -1.500000000000000200, 0.7590169943749476300, -0.8750000000000001100 ) ) ;
#1044 =( LENGTH_UNIT ( ) NAMED_UNIT ( * ) SI_UNIT ( .MILLI., .METRE. ) );
#1045 = VECTOR ( 'NONE', #3114, 1000.000000000000000 ) ;
#1046 = AXIS2_PLACEMENT_3D ( 'NONE', #2451, #788, #1968 ) ;
#1047 = DIRECTION ( 'NONE',  ( 0.0000000000000000000, 1.000000000000000000, 0.0000000000000000000 ) ) ;
#1048 = LINE ( 'NONE', #783, #382 ) ;
#1049 = CARTESIAN_POINT ( 'NONE',  ( 1.125000000000000200, 0.1999999999999999800, 0.3749999999999998900 ) ) ;
#1050 = ORIENTED_EDGE ( 'NONE', *, *, #1042, .T. ) ;
#1051 = VERTEX_POINT ( 'NONE', #2682 ) ;
#1052 = DIRECTION ( 'NONE',  ( -0.0000000000000000000, 0.0000000000000000000, 1.000000000000000000 ) ) ;
#1053 = DIRECTION ( 'NONE',  ( 1.000000000000000000, -0.0000000000000000000, 0.0000000000000000000 ) ) ;
#1054 = CYLINDRICAL_SURFACE ( 'NONE', #2344, 0.1999999999999999800 ) ;
#1055 = EDGE_CURVE ( 'NONE', #1458, #3033, #124, .T. ) ;
#1056 = ORIENTED_EDGE ( 'NONE', *, *, #2245, .F. ) ;
#1057 = VECTOR ( 'NONE', #541, 1000.000000000000000 ) ;
#1058 = CARTESIAN_POINT ( 'NONE',  ( -1.125000000000000200, 0.7590169943749476300, 0.3749999999999998900 ) ) ;
#1059 = ORIENTED_EDGE ( 'NONE', *, *, #126, .F. ) ;
#1060 = DIRECTION ( 'NONE',  ( 1.000000000000000000, 0.0000000000000000000, -0.0000000000000000000 ) ) ;
#1061 = EDGE_CURVE ( 'NONE', #748, #2948, #1476, .T. ) ;
#1062 = ORIENTED_EDGE ( 'NONE', *, *, #677, .T. ) ;
#1063 = VECTOR ( 'NONE', #521, 1000.000000000000000 ) ;
#1064 = CARTESIAN_POINT ( 'NONE',  ( 0.0000000000000000000, 0.05000000000000000300, -1.200000000000000000 ) ) ;
#1065 = VERTEX_POINT ( 'NONE', #248 ) ;
#1066 = EDGE_LOOP ( 'NONE', ( #3124, #1156, #1727, #2760 ) ) ;
#1067 = AXIS2_PLACEMENT_3D ( 'NONE', #1559, #1329, #1796 ) ;
#1068 = CARTESIAN_POINT ( 'NONE',  ( 1.500000000000000200, 0.7590169943749476300, -0.8750000000000001100 ) ) ;
#1069 = ORIENTED_EDGE ( 'NONE', *, *, #1582, .T. ) ;
#1070 = DIRECTION ( 'NONE',  ( 0.0000000000000000000, 1.000000000000000000, 0.0000000000000000000 ) ) ;
#1071 = AXIS2_PLACEMENT_3D ( 'NONE', #2801, #1093, #329 ) ;
#1072 = UNCERTAINTY_MEASURE_WITH_UNIT (LENGTH_MEASURE( 1.000000000000000100E-005 ), #1044, 'distance_accuracy_value', 'NONE');
#1073 = MECHANICAL_DESIGN_GEOMETRIC_PRESENTATION_REPRESENTATION (  '', ( #1465 ), #741 ) ;
#1074 = VERTEX_POINT ( 'NONE', #2937 ) ;
#1075 = DIRECTION ( 'NONE',  ( -0.7071067811865474600, 0.0000000000000000000, 0.7071067811865475700 ) ) ;
#1076 = EDGE_CURVE ( 'NONE', #482, #1846, #2713, .T. ) ;
#1077 = CARTESIAN_POINT ( 'NONE',  ( -1.500000000000000200, 0.05000000000000000300, -1.500000000000000000 ) ) ;
#1078 = EDGE_CURVE ( 'NONE', #1217, #864, #159, .T. ) ;
#1079 = LINE ( 'NONE', #530, #456 ) ;
#1080 = CIRCLE ( 'NONE', #731, 0.1999999999999999800 ) ;
#1081 = DIRECTION ( 'NONE',  ( -0.0000000000000000000, -1.000000000000000000, -0.0000000000000000000 ) ) ;
#1082 = VERTEX_POINT ( 'NONE', #1511 ) ;
#1083 = DIRECTION ( 'NONE',  ( 1.000000000000000000, 0.0000000000000000000, -0.0000000000000000000 ) ) ;
#1084 = VERTEX_POINT ( 'NONE', #25 ) ;
#1085 = ADVANCED_FACE ( 'NONE', ( #2377 ), #1054, .T. ) ;
#1086 = VERTEX_POINT ( 'NONE', #1541 ) ;
#1087 = CARTESIAN_POINT ( 'NONE',  ( -1.500000000000000200, 0.2000000000000000100, -0.3750000000000001100 ) ) ;
#1088 = LINE ( 'NONE', #6, #693 ) ;
#1089 = ADVANCED_FACE ( 'NONE', ( #1441 ), #1773, .T. ) ;
#1090 = AXIS2_PLACEMENT_3D ( 'NONE', #290, #76, #1542 ) ;
#1091 = ORIENTED_EDGE ( 'NONE', *, *, #555, .T. ) ;
#1092 = EDGE_LOOP ( 'NONE', ( #2553, #1924, #2503, #464 ) ) ;
#1093 = DIRECTION ( 'NONE',  ( -1.000000000000000000, 0.0000000000000000000, -1.586637325588543400E-016 ) ) ;
#1094 = DIRECTION ( 'NONE',  ( -0.0000000000000000000, -0.0000000000000000000, 1.000000000000000000 ) ) ;
#1095 = CIRCLE ( 'NONE', #803, 0.1999999999999999800 ) ;
#1096 = STYLED_ITEM ( 'NONE', ( #108 ), #2482 ) ;
#1097 = CARTESIAN_POINT ( 'NONE',  ( -1.500000000000000200, 0.1999999999999999800, 0.8749999999999998900 ) ) ;
#1098 = ORIENTED_EDGE ( 'NONE', *, *, #785, .T. ) ;
#1099 = ORIENTED_EDGE ( 'NONE', *, *, #2212, .F. ) ;
#1100 = ORIENTED_EDGE ( 'NONE', *, *, #908, .T. ) ;
#1101 = DIRECTION ( 'NONE',  ( -0.0000000000000000000, -1.000000000000000000, -0.0000000000000000000 ) ) ;
#1102 = CARTESIAN_POINT ( 'NONE',  ( -1.500000000000000200, 0.2000000000000000100, 0.3749999999999998900 ) ) ;
#1103 = ORIENTED_EDGE ( 'NONE', *, *, #281, .T. ) ;
#1104 = PRESENTATION_LAYER_ASSIGNMENT (  '', '', ( #213 ) ) ;
#1105 = ADVANCED_FACE ( 'NONE', ( #2146 ), #2994, .F. ) ;
#1106 = CARTESIAN_POINT ( 'NONE',  ( 0.7249999999999999800, 3.004014978561990700, 1.200000000000000000 ) ) ;
#1107 = VERTEX_POINT ( 'NONE', #2509 ) ;
#1108 = AXIS2_PLACEMENT_3D ( 'NONE', #1817, #2076, #606 ) ;
#1109 = DIRECTION ( 'NONE',  ( 0.0000000000000000000, -1.000000000000000000, 0.0000000000000000000 ) ) ;
#1110 = LINE ( 'NONE', #2219, #3110 ) ;
#1111 = EDGE_CURVE ( 'NONE', #2225, #62, #2339, .T. ) ;
#1112 = LINE ( 'NONE', #2094, #3159 ) ;
#1113 = EDGE_CURVE ( 'NONE', #1886, #2485, #615, .T. ) ;
#1114 = LINE ( 'NONE', #2315, #375 ) ;
#1115 = DIRECTION ( 'NONE',  ( -2.891205793294677800E-016, 0.0000000000000000000, 1.000000000000000000 ) ) ;
#1116 = VECTOR ( 'NONE', #2423, 1000.000000000000000 ) ;
#1117 = DIRECTION ( 'NONE',  ( 0.0000000000000000000, 0.0000000000000000000, 1.000000000000000000 ) ) ;
#1118 = VECTOR ( 'NONE', #1677, 1000.000000000000000 ) ;
#1119 = PRESENTATION_LAYER_ASSIGNMENT (  '', '', ( #961 ) ) ;
#1120 = PLANE ( 'NONE',  #1634 ) ;
#1121 = DIRECTION ( 'NONE',  ( 0.0000000000000000000, 1.000000000000000000, 0.0000000000000000000 ) ) ;
#1122 = ORIENTED_EDGE ( 'NONE', *, *, #3019, .T. ) ;
#1123 = ORIENTED_EDGE ( 'NONE', *, *, #442, .F. ) ;
#1124 = CARTESIAN_POINT ( 'NONE',  ( 1.125000000000000200, 0.0000000000000000000, -0.7500000000000001100 ) ) ;
#1125 = VERTEX_POINT ( 'NONE', #75 ) ;
#1126 = CARTESIAN_POINT ( 'NONE',  ( -1.125000000000000200, 0.2000000000000002100, -0.8750000000000001100 ) ) ;
#1127 = VECTOR ( 'NONE', #1902, 1000.000000000000000 ) ;
#1128 = ORIENTED_EDGE ( 'NONE', *, *, #591, .F. ) ;
#1129 = ORIENTED_EDGE ( 'NONE', *, *, #1975, .F. ) ;
#1130 = CARTESIAN_POINT ( 'NONE',  ( 1.500000000000000200, 0.2000000000000000100, 0.6249999999999998900 ) ) ;
#1131 = DIRECTION ( 'NONE',  ( -0.0000000000000000000, -1.000000000000000000, -0.0000000000000000000 ) ) ;
#1132 = ADVANCED_FACE ( 'NONE', ( #778 ), #2016, .T. ) ;
#1133 = EDGE_CURVE ( 'NONE', #2151, #2748, #2633, .T. ) ;
#1134 = PLANE ( 'NONE',  #3012 ) ;
#1135 = DIRECTION ( 'NONE',  ( 0.0000000000000000000, 1.000000000000000000, 0.0000000000000000000 ) ) ;
#1136 = ORIENTED_EDGE ( 'NONE', *, *, #252, .T. ) ;
#1137 = ORIENTED_EDGE ( 'NONE', *, *, #670, .T. ) ;
#1138 = CARTESIAN_POINT ( 'NONE',  ( 1.500000000000000200, 0.04999999999999999600, 0.6249999999999998900 ) ) ;
#1139 = EDGE_CURVE ( 'NONE', #853, #2234, #1654, .T. ) ;
#1140 = AXIS2_PLACEMENT_3D ( 'NONE', #1150, #3087, #2839 ) ;
#1141 = DIRECTION ( 'NONE',  ( 0.0000000000000000000, 0.0000000000000000000, 1.000000000000000000 ) ) ;
#1142 = CIRCLE ( 'NONE', #927, 0.1250000000000000000 ) ;
#1143 = VERTEX_POINT ( 'NONE', #2737 ) ;
#1144 = ADVANCED_FACE ( 'NONE', ( #1550 ), #2097, .T. ) ;
#1145 = LINE ( 'NONE', #1622, #1938 ) ;
#1146 = DIRECTION ( 'NONE',  ( 0.0000000000000000000, 0.0000000000000000000, -1.000000000000000000 ) ) ;
#1147 = ORIENTED_EDGE ( 'NONE', *, *, #2174, .F. ) ;
#1148 = EDGE_CURVE ( 'NONE', #2726, #2593, #897, .T. ) ;
#1149 = LINE ( 'NONE', #1417, #3043 ) ;
#1150 = CARTESIAN_POINT ( 'NONE',  ( -1.500000000000000200, 0.2000000000000000100, 0.8749999999999998900 ) ) ;
#1151 = ORIENTED_EDGE ( 'NONE', *, *, #2022, .F. ) ;
#1152 = AXIS2_PLACEMENT_3D ( 'NONE', #2031, #2292, #1793 ) ;
#1153 = COLOUR_RGB ( '',0.7921568627450980000, 0.8196078431372548800, 0.9333333333333333500 ) ;
#1154 = CIRCLE ( 'NONE', #1497, 0.1250000000000000600 ) ;
#1155 = VERTEX_POINT ( 'NONE', #1577 ) ;
#1156 = ORIENTED_EDGE ( 'NONE', *, *, #2245, .T. ) ;
#1157 = CARTESIAN_POINT ( 'NONE',  ( -1.500000000000000200, 0.7590169943749476300, -0.8750000000000001100 ) ) ;
#1158 = VECTOR ( 'NONE', #3075, 1000.000000000000000 ) ;
#1159 = ORIENTED_EDGE ( 'NONE', *, *, #118, .T. ) ;
#1160 = AXIS2_PLACEMENT_3D ( 'NONE', #678, #904, #3113 ) ;
#1161 = VECTOR ( 'NONE', #438, 1000.000000000000000 ) ;
#1162 = CARTESIAN_POINT ( 'NONE',  ( -1.500000000000000200, 0.0000000000000000000, 0.8749999999999998900 ) ) ;
#1163 = VERTEX_POINT ( 'NONE', #2055 ) ;
#1164 = CARTESIAN_POINT ( 'NONE',  ( -1.500000000000000200, 0.0000000000000000000, 0.8749999999999998900 ) ) ;
#1165 = DIRECTION ( 'NONE',  ( 1.000000000000000000, 0.0000000000000000000, 0.0000000000000000000 ) ) ;
#1166 = CARTESIAN_POINT ( 'NONE',  ( 1.500000000000000200, 0.0000000000000000000, -0.1250000000000001100 ) ) ;
#1167 = EDGE_LOOP ( 'NONE', ( #1136, #1517, #704, #1326 ) ) ;
#1168 = CYLINDRICAL_SURFACE ( 'NONE', #1527, 0.1250000000000000000 ) ;
#1169 = EDGE_CURVE ( 'NONE', #1745, #711, #1827, .T. ) ;
#1170 = CARTESIAN_POINT ( 'NONE',  ( 1.125000000000000200, 0.7590169943749476300, -0.8750000000000001100 ) ) ;
#1171 = CLOSED_SHELL ( 'NONE', ( #2050, #2324, #546, #2966, #388, #242 ) ) ;
#1172 = FACE_OUTER_BOUND ( 'NONE', #623, .T. ) ;
#1173 = DIRECTION ( 'NONE',  ( 1.000000000000000000, 0.0000000000000000000, 0.0000000000000000000 ) ) ;
#1174 = DIRECTION ( 'NONE',  ( -1.000000000000000000, 0.0000000000000000000, 1.445602896647339200E-016 ) ) ;
#1175 = AXIS2_PLACEMENT_3D ( 'NONE', #2493, #1519, #2963 ) ;
#1176 = ADVANCED_FACE ( 'NONE', ( #1204 ), #2087, .F. ) ;
#1177 = DIRECTION ( 'NONE',  ( 0.0000000000000000000, 0.0000000000000000000, 1.000000000000000000 ) ) ;
#1178 = CARTESIAN_POINT ( 'NONE',  ( -1.100000000000000300, 0.8000000000000000400, -1.100000000000000500 ) ) ;
#1179 = DIRECTION ( 'NONE',  ( 0.0000000000000000000, -1.000000000000000000, 0.0000000000000000000 ) ) ;
#1180 = ORIENTED_EDGE ( 'NONE', *, *, #539, .T. ) ;
#1181 = CARTESIAN_POINT ( 'NONE',  ( 1.125000000000000200, 0.2000000000000000100, 0.8749999999999998900 ) ) ;
#1182 = ORIENTED_EDGE ( 'NONE', *, *, #306, .T. ) ;
#1183 = DIRECTION ( 'NONE',  ( 0.0000000000000000000, -0.0000000000000000000, 1.000000000000000000 ) ) ;
#1184 = AXIS2_PLACEMENT_3D ( 'NONE', #1459, #1256, #3120 ) ;
#1185 = ADVANCED_FACE ( 'NONE', ( #387 ), #1810, .F. ) ;
#1186 = VERTEX_POINT ( 'NONE', #2327 ) ;
#1187 = DIRECTION ( 'NONE',  ( 9.035018104045871900E-017, 0.0000000000000000000, -1.000000000000000000 ) ) ;
#1188 = CARTESIAN_POINT ( 'NONE',  ( -1.125000000000000200, 0.0000000000000000000, -0.2500000000000001100 ) ) ;
#1189 = LINE ( 'NONE', #3109, #263 ) ;
#1190 = DIRECTION ( 'NONE',  ( 0.0000000000000000000, -1.000000000000000000, 0.0000000000000000000 ) ) ;
#1191 = MECHANICAL_DESIGN_GEOMETRIC_PRESENTATION_REPRESENTATION (  '', ( #2804 ), #298 ) ;
#1192 = DIRECTION ( 'NONE',  ( 0.0000000000000000000, 0.0000000000000000000, 1.000000000000000000 ) ) ;
#1193 = CARTESIAN_POINT ( 'NONE',  ( 1.125000000000000200, 0.2000000000000000100, -0.2500000000000001100 ) ) ;
#1194 = LINE ( 'NONE', #2861, #1792 ) ;
#1195 = PLANE ( 'NONE',  #549 ) ;
#1196 = ORIENTED_EDGE ( 'NONE', *, *, #2003, .F. ) ;
#1197 = AXIS2_PLACEMENT_3D ( 'NONE', #2695, #2432, #504 ) ;
#1198 = FILL_AREA_STYLE ('',( #193 ) ) ;
#1199 = ADVANCED_FACE ( 'NONE', ( #2864 ), #2942, .T. ) ;
#1200 = ORIENTED_EDGE ( 'NONE', *, *, #579, .F. ) ;
#1201 = DIRECTION ( 'NONE',  ( 0.0000000000000000000, 0.0000000000000000000, -1.000000000000000000 ) ) ;
#1202 = EDGE_CURVE ( 'NONE', #1086, #260, #1910, .T. ) ;
#1203 = EDGE_LOOP ( 'NONE', ( #357, #630, #2007, #3069, #359, #3025, #1802, #1438, #1694, #1437, #1885, #349, #1529, #1367, #24, #988, #1182, #2232, #1289, #1651 ) ) ;
#1204 = FACE_OUTER_BOUND ( 'NONE', #1591, .T. ) ;
#1205 = ORIENTED_EDGE ( 'NONE', *, *, #2174, .T. ) ;
#1206 = DIRECTION ( 'NONE',  ( 0.0000000000000000000, -1.000000000000000000, 0.0000000000000000000 ) ) ;
#1207 = VECTOR ( 'NONE', #1101, 1000.000000000000000 ) ;
#1208 = EDGE_CURVE ( 'NONE', #2063, #2429, #1729, .T. ) ;
#1209 = ORIENTED_EDGE ( 'NONE', *, *, #2759, .F. ) ;
#1210 = VECTOR ( 'NONE', #675, 1000.000000000000000 ) ;
#1211 = ADVANCED_FACE ( 'NONE', ( #275 ), #131, .T. ) ;
#1212 = EDGE_LOOP ( 'NONE', ( #1653, #312, #1927, #1613 ) ) ;
#1213 = DIRECTION ( 'NONE',  ( 0.0000000000000000000, -0.0000000000000000000, 1.000000000000000000 ) ) ;
#1214 = VERTEX_POINT ( 'NONE', #637 ) ;
#1215 = LINE ( 'NONE', #3148, #50 ) ;
#1216 = CARTESIAN_POINT ( 'NONE',  ( 1.125000000000000200, 0.2000000000000002100, -0.8750000000000001100 ) ) ;
#1217 = VERTEX_POINT ( 'NONE', #1599 ) ;
#1218 = EDGE_CURVE ( 'NONE', #137, #1624, #856, .T. ) ;
#1219 = CARTESIAN_POINT ( 'NONE',  ( 1.125000000000000200, 0.2000000000000000100, -0.3750000000000001100 ) ) ;
#1220 = VERTEX_POINT ( 'NONE', #2585 ) ;
#1221 = DIRECTION ( 'NONE',  ( 1.000000000000000000, 0.0000000000000000000, 0.0000000000000000000 ) ) ;
#1222 = CARTESIAN_POINT ( 'NONE',  ( 1.125000000000000200, 0.2000000000000000100, 0.1249999999999997900 ) ) ;
#1223 = CARTESIAN_POINT ( 'NONE',  ( -1.500000000000000200, 0.2000000000000000100, -0.1250000000000001100 ) ) ;
#1224 = EDGE_CURVE ( 'NONE', #1598, #2950, #773, .T. ) ;
#1225 = CARTESIAN_POINT ( 'NONE',  ( -1.125000000000000200, 0.2000000000000000100, -0.3750000000000001100 ) ) ;
#1226 = DIRECTION ( 'NONE',  ( 1.586637325588543400E-016, 0.0000000000000000000, -1.000000000000000000 ) ) ;
#1227 = UNCERTAINTY_MEASURE_WITH_UNIT (LENGTH_MEASURE( 1.000000000000000100E-005 ), #2446, 'distance_accuracy_value', 'NONE');
#1228 = CARTESIAN_POINT ( 'NONE',  ( 1.500000000000000200, 0.0000000000000000000, 0.3749999999999998900 ) ) ;
#1229 = ADVANCED_FACE ( 'NONE', ( #1515 ), #420, .F. ) ;
#1230 = CARTESIAN_POINT ( 'NONE',  ( 1.500000000000000200, 0.2000000000000000100, -0.6250000000000001100 ) ) ;
#1231 = AXIS2_PLACEMENT_3D ( 'NONE', #111, #1815, #353 ) ;
#1232 = ORIENTED_EDGE ( 'NONE', *, *, #1285, .T. ) ;
#1233 = CYLINDRICAL_SURFACE ( 'NONE', #1829, 0.1250000000000000000 ) ;
#1234 = CARTESIAN_POINT ( 'NONE',  ( 1.125000000000000200, 0.2000000000000000100, 0.1249999999999998900 ) ) ;
#1235 = CARTESIAN_POINT ( 'NONE',  ( 1.125000000000000200, 0.2000000000000000100, -0.8750000000000001100 ) ) ;
#1236 = LINE ( 'NONE', #2403, #2054 ) ;
#1237 = DIRECTION ( 'NONE',  ( 0.0000000000000000000, 0.0000000000000000000, -1.000000000000000000 ) ) ;
#1238 = AXIS2_PLACEMENT_3D ( 'NONE', #2775, #405, #1612 ) ;
#1239 = VECTOR ( 'NONE', #2841, 1000.000000000000000 ) ;
#1240 = ORIENTED_EDGE ( 'NONE', *, *, #2922, .T. ) ;
#1241 = DIRECTION ( 'NONE',  ( -1.000000000000000000, -0.0000000000000000000, -0.0000000000000000000 ) ) ;
#1242 = AXIS2_PLACEMENT_3D ( 'NONE', #1284, #2460, #1032 ) ;
#1243 = FACE_BOUND ( 'NONE', #2565, .T. ) ;
#1244 = EDGE_CURVE ( 'NONE', #2355, #974, #119, .T. ) ;
#1245 = EDGE_LOOP ( 'NONE', ( #389, #2486, #2602, #1514 ) ) ;
#1246 = VERTEX_POINT ( 'NONE', #660 ) ;
#1247 = DIRECTION ( 'NONE',  ( -0.0000000000000000000, -1.000000000000000000, -0.0000000000000000000 ) ) ;
#1248 = LINE ( 'NONE', #1860, #2030 ) ;
#1249 = DIRECTION ( 'NONE',  ( 0.0000000000000000000, -1.000000000000000000, 0.0000000000000000000 ) ) ;
#1250 = EDGE_LOOP ( 'NONE', ( #2422, #2038, #2069, #2336 ) ) ;
#1251 = DIRECTION ( 'NONE',  ( 0.0000000000000000000, -0.0000000000000000000, 1.000000000000000000 ) ) ;
#1252 = VECTOR ( 'NONE', #2399, 1000.000000000000000 ) ;
#1253 = EDGE_CURVE ( 'NONE', #2824, #976, #1869, .T. ) ;
#1254 = ORIENTED_EDGE ( 'NONE', *, *, #1911, .T. ) ;
#1255 = FACE_OUTER_BOUND ( 'NONE', #2792, .T. ) ;
#1256 = DIRECTION ( 'NONE',  ( -0.0000000000000000000, -1.000000000000000000, 0.0000000000000000000 ) ) ;
#1257 = ORIENTED_EDGE ( 'NONE', *, *, #2954, .T. ) ;
#1258 = LINE ( 'NONE', #2092, #354 ) ;
#1259 = DIRECTION ( 'NONE',  ( -0.0000000000000000000, -1.000000000000000000, -0.0000000000000000000 ) ) ;
#1260 = CIRCLE ( 'NONE', #1978, 0.1999999999999999800 ) ;
#1261 = CARTESIAN_POINT ( 'NONE',  ( 1.499999999999999800, 0.8000000000000003800, -1.500000000000000400 ) ) ;
#1262 = CARTESIAN_POINT ( 'NONE',  ( -1.500000000000000200, 0.2000000000000000100, 0.6249999999999998900 ) ) ;
#1263 = CARTESIAN_POINT ( 'NONE',  ( 1.125000000000000200, 0.2000000000000002100, 0.8749999999999998900 ) ) ;
#1264 = EDGE_CURVE ( 'NONE', #2045, #1322, #3050, .T. ) ;
#1265 = SURFACE_STYLE_USAGE ( .BOTH. , #1023 ) ;
#1266 = ORIENTED_EDGE ( 'NONE', *, *, #1450, .T. ) ;
#1267 = ORIENTED_EDGE ( 'NONE', *, *, #1076, .T. ) ;
#1268 = CARTESIAN_POINT ( 'NONE',  ( -1.500000000000000200, 0.0000000000000000000, -0.8750000000000001100 ) ) ;
#1269 = PLANE ( 'NONE',  #863 ) ;
#1270 = VERTEX_POINT ( 'NONE', #186 ) ;
#1271 = DIRECTION ( 'NONE',  ( -0.0000000000000000000, -1.000000000000000000, -0.0000000000000000000 ) ) ;
#1272 = VECTOR ( 'NONE', #2376, 1000.000000000000000 ) ;
#1273 = AXIS2_PLACEMENT_3D ( 'NONE', #1483, #940, #2167 ) ;
#1274 = DIRECTION ( 'NONE',  ( 0.0000000000000000000, 1.000000000000000000, 0.0000000000000000000 ) ) ;
#1275 = CARTESIAN_POINT ( 'NONE',  ( 1.125000000000000200, 0.0000000000000000000, -0.8750000000000001100 ) ) ;
#1276 = ADVANCED_FACE ( 'NONE', ( #2629 ), #2150, .F. ) ;
#1277 = AXIS2_PLACEMENT_3D ( 'NONE', #577, #821, #1572 ) ;
#1278 = FACE_OUTER_BOUND ( 'NONE', #2997, .T. ) ;
#1279 = DIRECTION ( 'NONE',  ( 0.0000000000000000000, 0.0000000000000000000, -1.000000000000000000 ) ) ;
#1280 = EDGE_CURVE ( 'NONE', #1333, #2948, #2973, .T. ) ;
#1281 = LINE ( 'NONE', #1228, #192 ) ;
#1282 = VERTEX_POINT ( 'NONE', #1181 ) ;
#1283 = ORIENTED_EDGE ( 'NONE', *, *, #2664, .F. ) ;
#1284 = CARTESIAN_POINT ( 'NONE',  ( -1.125000000000000200, 0.2000000000000000100, 0.2499999999999998900 ) ) ;
#1285 = EDGE_CURVE ( 'NONE', #2429, #363, #460, .T. ) ;
#1286 = ORIENTED_EDGE ( 'NONE', *, *, #2958, .F. ) ;
#1287 =( NAMED_UNIT ( * ) PLANE_ANGLE_UNIT ( ) SI_UNIT ( $, .RADIAN. ) );
#1288 = LINE ( 'NONE', #2020, #2067 ) ;
#1289 = ORIENTED_EDGE ( 'NONE', *, *, #2058, .F. ) ;
#1290 = CARTESIAN_POINT ( 'NONE',  ( 1.500000000000000200, 0.2000000000000000100, 0.8749999999999998900 ) ) ;
#1291 = DIRECTION ( 'NONE',  ( 1.000000000000000000, 0.0000000000000000000, -0.0000000000000000000 ) ) ;
#1292 = VECTOR ( 'NONE', #1081, 1000.000000000000000 ) ;
#1293 = DIRECTION ( 'NONE',  ( 0.0000000000000000000, -1.000000000000000000, 0.0000000000000000000 ) ) ;
#1294 = ORIENTED_EDGE ( 'NONE', *, *, #55, .F. ) ;
#1295 = MECHANICAL_DESIGN_GEOMETRIC_PRESENTATION_REPRESENTATION (  '', ( #961 ), #1461 ) ;
#1296 = DIRECTION ( 'NONE',  ( 0.0000000000000000000, -1.000000000000000000, 0.0000000000000000000 ) ) ;
#1297 = ORIENTED_EDGE ( 'NONE', *, *, #2922, .F. ) ;
#1298 = VECTOR ( 'NONE', #845, 1000.000000000000000 ) ;
#1299 = ADVANCED_FACE ( 'NONE', ( #2707 ), #1890, .T. ) ;
#1300 = ORIENTED_EDGE ( 'NONE', *, *, #1264, .T. ) ;
#1301 = CARTESIAN_POINT ( 'NONE',  ( -1.125000000000000200, 0.7590169943749476300, -0.7500000000000001100 ) ) ;
#1302 = PRESENTATION_LAYER_ASSIGNMENT (  '', '', ( #1868 ) ) ;
#1303 = CARTESIAN_POINT ( 'NONE',  ( -1.499999999999999800, 0.05000000000000000300, 1.500000000000000000 ) ) ;
#1304 = CARTESIAN_POINT ( 'NONE',  ( -1.125000000000000200, 0.2000000000000000100, -0.2500000000000001100 ) ) ;
#1305 = DIRECTION ( 'NONE',  ( 0.0000000000000000000, 0.0000000000000000000, -1.000000000000000000 ) ) ;
#1306 = DIRECTION ( 'NONE',  ( 1.000000000000000000, 0.0000000000000000000, 2.891205793294677800E-016 ) ) ;
#1307 = CIRCLE ( 'NONE', #1108, 0.1250000000000000000 ) ;
#1308 = CARTESIAN_POINT ( 'NONE',  ( -1.125000000000000200, 0.2000000000000000100, 0.3749999999999998900 ) ) ;
#1309 = LINE ( 'NONE', #1993, #2514 ) ;
#1310 = FACE_OUTER_BOUND ( 'NONE', #103, .T. ) ;
#1311 = EDGE_CURVE ( 'NONE', #392, #1220, #3013, .T. ) ;
#1312 = CARTESIAN_POINT ( 'NONE',  ( 1.125000000000000200, 0.0000000000000000000, 0.7499999999999998900 ) ) ;
#1313 = CIRCLE ( 'NONE', #2888, 0.1250000000000000000 ) ;
#1314 = EDGE_CURVE ( 'NONE', #2462, #3073, #83, .T. ) ;
#1315 = DIRECTION ( 'NONE',  ( -1.000000000000000000, -0.0000000000000000000, -2.891205793294677800E-016 ) ) ;
#1316 = DIRECTION ( 'NONE',  ( 1.445602896647339200E-016, -0.0000000000000000000, 1.000000000000000000 ) ) ;
#1317 = LINE ( 'NONE', #2657, #29 ) ;
#1318 = CARTESIAN_POINT ( 'NONE',  ( -1.500000000000000200, 0.7590169943749476300, 0.8749999999999998900 ) ) ;
#1319 = AXIS2_PLACEMENT_3D ( 'NONE', #1334, #1070, #565 ) ;
#1320 = VECTOR ( 'NONE', #1094, 1000.000000000000000 ) ;
#1321 = CARTESIAN_POINT ( 'NONE',  ( -1.100000000000000300, 0.8000000000000000400, -1.300000000000000500 ) ) ;
#1322 = VERTEX_POINT ( 'NONE', #2846 ) ;
#1323 = EDGE_LOOP ( 'NONE', ( #2467, #73, #668, #106 ) ) ;
#1324 = COLOUR_RGB ( '',0.7921568627450980000, 0.8196078431372548800, 0.9333333333333333500 ) ;
#1325 = EDGE_CURVE ( 'NONE', #784, #1246, #1248, .T. ) ;
#1326 = ORIENTED_EDGE ( 'NONE', *, *, #480, .T. ) ;
#1327 = LINE ( 'NONE', #3056, #1480 ) ;
#1328 = CARTESIAN_POINT ( 'NONE',  ( -1.125000000000000200, 0.0000000000000000000, 0.7499999999999998900 ) ) ;
#1329 = DIRECTION ( 'NONE',  ( -0.0000000000000000000, 1.000000000000000000, -0.0000000000000000000 ) ) ;
#1330 = ORIENTED_EDGE ( 'NONE', *, *, #973, .F. ) ;
#1331 = DIRECTION ( 'NONE',  ( 0.0000000000000000000, 0.0000000000000000000, 1.000000000000000000 ) ) ;
#1332 = FACE_OUTER_BOUND ( 'NONE', #2541, .T. ) ;
#1333 = VERTEX_POINT ( 'NONE', #199 ) ;
#1334 = CARTESIAN_POINT ( 'NONE',  ( -1.125000000000000200, 0.2000000000000000100, -0.2500000000000001100 ) ) ;
#1335 = VECTOR ( 'NONE', #2885, 1000.000000000000000 ) ;
#1336 = ADVANCED_FACE ( 'NONE', ( #739 ), #2061, .T. ) ;
#1337 = ORIENTED_EDGE ( 'NONE', *, *, #3147, .T. ) ;
#1338 = VERTEX_POINT ( 'NONE', #2612 ) ;
#1339 = AXIS2_PLACEMENT_3D ( 'NONE', #3052, #139, #1676 ) ;
#1340 = DIRECTION ( 'NONE',  ( 0.0000000000000000000, 1.000000000000000000, 0.0000000000000000000 ) ) ;
#1341 = EDGE_LOOP ( 'NONE', ( #2238, #953, #818, #2008 ) ) ;
#1342 = DIRECTION ( 'NONE',  ( 0.0000000000000000000, 0.0000000000000000000, -1.000000000000000000 ) ) ;
#1343 = DIRECTION ( 'NONE',  ( 0.0000000000000000000, 0.0000000000000000000, -1.000000000000000000 ) ) ;
#1344 = EDGE_CURVE ( 'NONE', #127, #2189, #1950, .T. ) ;
#1345 = ORIENTED_EDGE ( 'NONE', *, *, #1111, .T. ) ;
#1346 = CARTESIAN_POINT ( 'NONE',  ( -1.100000000000000300, 0.7500000000000000000, -1.100000000000000500 ) ) ;
#1347 = LINE ( 'NONE', #672, #3040 ) ;
#1348 = VERTEX_POINT ( 'NONE', #921 ) ;
#1349 = AXIS2_PLACEMENT_3D ( 'NONE', #1986, #2955, #2708 ) ;
#1350 = CARTESIAN_POINT ( 'NONE',  ( 1.499999999999999800, 0.05000000000000000300, -1.500000000000000400 ) ) ;
#1351 = ADVANCED_FACE ( 'NONE', ( #582 ), #1636, .T. ) ;
#1352 = VECTOR ( 'NONE', #959, 1000.000000000000000 ) ;
#1353 = CARTESIAN_POINT ( 'NONE',  ( 1.125000000000000200, 0.7590169943749476300, 0.7499999999999998900 ) ) ;
#1354 = EDGE_CURVE ( 'NONE', #1410, #2462, #2408, .T. ) ;
#1355 = DIRECTION ( 'NONE',  ( -1.000000000000000000, 0.0000000000000000000, 7.228014483236695800E-017 ) ) ;
#1356 = LINE ( 'NONE', #679, #3119 ) ;
#1357 = CARTESIAN_POINT ( 'NONE',  ( -1.500000000000000200, 0.1999999999999999800, 0.3749999999999998900 ) ) ;
#1358 = DIRECTION ( 'NONE',  ( -0.0000000000000000000, -1.000000000000000000, -0.0000000000000000000 ) ) ;
#1359 = PRESENTATION_STYLE_ASSIGNMENT (( #2677 ) ) ;
#1360 = ORIENTED_EDGE ( 'NONE', *, *, #2010, .T. ) ;
#1361 = EDGE_LOOP ( 'NONE', ( #2778, #1159, #1889, #1830 ) ) ;
#1362 = CARTESIAN_POINT ( 'NONE',  ( 1.500000000000000200, 0.1999999999999999800, 0.3749999999999998900 ) ) ;
#1363 = ORIENTED_EDGE ( 'NONE', *, *, #218, .T. ) ;
#1364 = DIRECTION ( 'NONE',  ( 0.0000000000000000000, 0.0000000000000000000, -1.000000000000000000 ) ) ;
#1365 = LINE ( 'NONE', #2739, #1207 ) ;
#1366 = EDGE_CURVE ( 'NONE', #980, #2538, #2669, .T. ) ;
#1367 = ORIENTED_EDGE ( 'NONE', *, *, #752, .T. ) ;
#1368 = DIRECTION ( 'NONE',  ( -0.0000000000000000000, -1.000000000000000000, -0.0000000000000000000 ) ) ;
#1369 = CARTESIAN_POINT ( 'NONE',  ( 1.125000000000000200, 0.1999999999999999800, 0.2499999999999998900 ) ) ;
#1370 = FACE_OUTER_BOUND ( 'NONE', #801, .T. ) ;
#1371 = PLANE ( 'NONE',  #2410 ) ;
#1372 = ORIENTED_EDGE ( 'NONE', *, *, #2876, .T. ) ;
#1373 = EDGE_LOOP ( 'NONE', ( #1300, #1812, #780, #1616 ) ) ;
#1374 = VECTOR ( 'NONE', #1368, 1000.000000000000000 ) ;
#1375 = EDGE_CURVE ( 'NONE', #980, #2688, #930, .T. ) ;
#1376 = DIRECTION ( 'NONE',  ( 1.000000000000000000, 0.0000000000000000000, 2.891205793294677800E-016 ) ) ;
#1377 =( NAMED_UNIT ( * ) PLANE_ANGLE_UNIT ( ) SI_UNIT ( $, .RADIAN. ) );
#1378 = ORIENTED_EDGE ( 'NONE', *, *, #1224, .F. ) ;
#1379 = ORIENTED_EDGE ( 'NONE', *, *, #287, .T. ) ;
#1380 = DIRECTION ( 'NONE',  ( 0.0000000000000000000, 1.000000000000000000, 0.0000000000000000000 ) ) ;
#1381 = DIRECTION ( 'NONE',  ( 0.0000000000000000000, -0.0000000000000000000, -1.000000000000000000 ) ) ;
#1382 = CARTESIAN_POINT ( 'NONE',  ( -1.500000000000000200, 0.0000000000000000000, 0.3749999999999998900 ) ) ;
#1383 = ORIENTED_EDGE ( 'NONE', *, *, #1937, .T. ) ;
#1384 = ADVANCED_FACE ( 'NONE', ( #1399 ), #2163, .T. ) ;
#1385 = AXIS2_PLACEMENT_3D ( 'NONE', #721, #1249, #2920 ) ;
#1386 = EDGE_CURVE ( 'NONE', #443, #1624, #1281, .T. ) ;
#1387 = FACE_OUTER_BOUND ( 'NONE', #2761, .T. ) ;
#1388 = CARTESIAN_POINT ( 'NONE',  ( -1.125000000000000200, 0.2000000000000000100, -0.7500000000000001100 ) ) ;
#1389 = CARTESIAN_POINT ( 'NONE',  ( -1.125000000000000200, 0.2000000000000000100, -0.2500000000000001100 ) ) ;
#1390 = VECTOR ( 'NONE', #2987, 1000.000000000000000 ) ;
#1391 = DIRECTION ( 'NONE',  ( 0.0000000000000000000, 0.0000000000000000000, -1.000000000000000000 ) ) ;
#1392 = FACE_OUTER_BOUND ( 'NONE', #531, .T. ) ;
#1393 = EDGE_CURVE ( 'NONE', #711, #2454, #2556, .T. ) ;
#1394 = VECTOR ( 'NONE', #2700, 1000.000000000000000 ) ;
#1395 = CARTESIAN_POINT ( 'NONE',  ( -1.125000000000000200, 0.0000000000000000000, -0.1250000000000001100 ) ) ;
#1396 = DIRECTION ( 'NONE',  ( 0.0000000000000000000, 0.0000000000000000000, -1.000000000000000000 ) ) ;
#1397 = ADVANCED_FACE ( 'NONE', ( #2596 ), #613, .F. ) ;
#1398 = ORIENTED_EDGE ( 'NONE', *, *, #1280, .F. ) ;
#1399 = FACE_OUTER_BOUND ( 'NONE', #2353, .T. ) ;
#1400 = DIRECTION ( 'NONE',  ( 1.000000000000000000, 0.0000000000000000000, 2.891205793294677800E-016 ) ) ;
#1401 = ORIENTED_EDGE ( 'NONE', *, *, #2692, .F. ) ;
#1402 = DIRECTION ( 'NONE',  ( -0.0000000000000000000, -1.000000000000000000, -0.0000000000000000000 ) ) ;
#1403 = FACE_OUTER_BOUND ( 'NONE', #2186, .T. ) ;
#1404 = AXIS2_PLACEMENT_3D ( 'NONE', #1585, #110, #1813 ) ;
#1405 = ORIENTED_EDGE ( 'NONE', *, *, #1427, .T. ) ;
#1406 = DIRECTION ( 'NONE',  ( 1.000000000000000000, -0.0000000000000000000, 0.0000000000000000000 ) ) ;
#1407 =( NAMED_UNIT ( * ) PLANE_ANGLE_UNIT ( ) SI_UNIT ( $, .RADIAN. ) );
#1408 = VECTOR ( 'NONE', #449, 1000.000000000000000 ) ;
#1409 = AXIS2_PLACEMENT_3D ( 'NONE', #2566, #1117, #2806 ) ;
#1410 = VERTEX_POINT ( 'NONE', #2665 ) ;
#1411 = CARTESIAN_POINT ( 'NONE',  ( -1.125000000000000200, 0.7590169943749476300, 0.8749999999999998900 ) ) ;
#1412 = EDGE_CURVE ( 'NONE', #864, #1217, #1725, .T. ) ;
#1413 = MANIFOLD_SOLID_BREP ( 'Pin 2', #1560 ) ;
#1414 = SURFACE_STYLE_USAGE ( .BOTH. , #2127 ) ;
#1415 = DIRECTION ( 'NONE',  ( 0.0000000000000000000, 1.000000000000000000, 0.0000000000000000000 ) ) ;
#1416 = ORIENTED_EDGE ( 'NONE', *, *, #1753, .T. ) ;
#1417 = CARTESIAN_POINT ( 'NONE',  ( -1.500000000000000200, 0.2000000000000000100, -0.8750000000000001100 ) ) ;
#1418 = EDGE_CURVE ( 'NONE', #3111, #667, #421, .T. ) ;
#1419 = DIRECTION ( 'NONE',  ( -1.000000000000000000, -0.0000000000000000000, -2.891205793294677800E-016 ) ) ;
#1420 = APPLICATION_PROTOCOL_DEFINITION ( 'draft international standard', 'automotive_design', 1998, #3067 ) ;
#1421 = CARTESIAN_POINT ( 'NONE',  ( 1.125000000000000200, 0.2000000000000000100, 0.3749999999999998900 ) ) ;
#1422 = EDGE_LOOP ( 'NONE', ( #2875, #133, #2066, #1989 ) ) ;
#1423 = PLANE ( 'NONE',  #2845 ) ;
#1424 = DIRECTION ( 'NONE',  ( -0.0000000000000000000, -1.000000000000000000, 0.0000000000000000000 ) ) ;
#1425 = LINE ( 'NONE', #2746, #1936 ) ;
#1426 = ORIENTED_EDGE ( 'NONE', *, *, #36, .F. ) ;
#1427 = EDGE_CURVE ( 'NONE', #1499, #2495, #688, .T. ) ;
#1428 = SURFACE_STYLE_FILL_AREA ( #2436 ) ;
#1429 = CARTESIAN_POINT ( 'NONE',  ( -1.500000000000000200, 0.05000000000000000300, -1.500000000000000000 ) ) ;
#1430 = DIRECTION ( 'NONE',  ( 0.7071067811865474600, 0.0000000000000000000, -0.7071067811865475700 ) ) ;
#1431 = LINE ( 'NONE', #2518, #537 ) ;
#1432 = CARTESIAN_POINT ( 'NONE',  ( 1.125000000000000200, 0.2000000000000002100, 0.6249999999999998900 ) ) ;
#1433 = DIRECTION ( 'NONE',  ( -1.000000000000000000, 0.0000000000000000000, 0.0000000000000000000 ) ) ;
#1434 = ORIENTED_EDGE ( 'NONE', *, *, #1030, .F. ) ;
#1435 = DIRECTION ( 'NONE',  ( 0.0000000000000000000, -0.0000000000000000000, -1.000000000000000000 ) ) ;
#1436 = VECTOR ( 'NONE', #2635, 1000.000000000000000 ) ;
#1437 = ORIENTED_EDGE ( 'NONE', *, *, #2078, .T. ) ;
#1438 = ORIENTED_EDGE ( 'NONE', *, *, #1568, .F. ) ;
#1439 = MECHANICAL_DESIGN_GEOMETRIC_PRESENTATION_REPRESENTATION (  '', ( #213 ), #1787 ) ;
#1440 = PLANE ( 'NONE',  #1273 ) ;
#1441 = FACE_OUTER_BOUND ( 'NONE', #169, .T. ) ;
#1442 = DIRECTION ( 'NONE',  ( 0.0000000000000000000, 0.0000000000000000000, 1.000000000000000000 ) ) ;
#1443 = ORIENTED_EDGE ( 'NONE', *, *, #2010, .F. ) ;
#1444 = CARTESIAN_POINT ( 'NONE',  ( 1.125000000000000200, 0.04999999999999999600, 0.1249999999999998900 ) ) ;
#1445 = DIRECTION ( 'NONE',  ( 0.0000000000000000000, 0.0000000000000000000, 1.000000000000000000 ) ) ;
#1446 = LINE ( 'NONE', #1609, #2341 ) ;
#1447 = DIRECTION ( 'NONE',  ( 0.0000000000000000000, -1.000000000000000000, 0.0000000000000000000 ) ) ;
#1448 = ORIENTED_EDGE ( 'NONE', *, *, #2891, .T. ) ;
#1449 = FACE_OUTER_BOUND ( 'NONE', #2857, .T. ) ;
#1450 = EDGE_CURVE ( 'NONE', #2189, #3016, #2528, .T. ) ;
#1451 = CARTESIAN_POINT ( 'NONE',  ( -1.100000000000000300, 0.7500000000000000000, -1.100000000000000500 ) ) ;
#1452 = ORIENTED_EDGE ( 'NONE', *, *, #3117, .F. ) ;
#1453 = ORIENTED_EDGE ( 'NONE', *, *, #690, .T. ) ;
#1454 = LINE ( 'NONE', #1068, #985 ) ;
#1455 = AXIS2_PLACEMENT_3D ( 'NONE', #1668, #2142, #1183 ) ;
#1456 = CARTESIAN_POINT ( 'NONE',  ( -1.807003620809172200E-016, 0.05000000000000000300, 0.6249999999999994400 ) ) ;
#1457 = EDGE_CURVE ( 'NONE', #1886, #2002, #2777, .T. ) ;
#1458 = VERTEX_POINT ( 'NONE', #491 ) ;
#1459 = CARTESIAN_POINT ( 'NONE',  ( 1.125000000000000200, 0.04999999999999999600, 0.7499999999999998900 ) ) ;
#1460 = ADVANCED_FACE ( 'NONE', ( #1758 ), #2656, .F. ) ;
#1461 =( GEOMETRIC_REPRESENTATION_CONTEXT ( 3 ) GLOBAL_UNCERTAINTY_ASSIGNED_CONTEXT ( ( #836 ) ) GLOBAL_UNIT_ASSIGNED_CONTEXT ( ( #2812, #1849, #1970 ) ) REPRESENTATION_CONTEXT ( 'NONE', 'WORKASPACE' ) );
#1462 = DIRECTION ( 'NONE',  ( 0.0000000000000000000, -0.0000000000000000000, 1.000000000000000000 ) ) ;
#1463 = ORIENTED_EDGE ( 'NONE', *, *, #126, .T. ) ;
#1464 = VECTOR ( 'NONE', #1983, 1000.000000000000000 ) ;
#1465 = STYLED_ITEM ( 'NONE', ( #1535 ), #1466 ) ;
#1466 = ADVANCED_BREP_SHAPE_REPRESENTATION ( 'INA333AIDRGR', ( #307, #1912, #2112, #556, #1413, #16, #991, #1562, #495, #2907, #2482, #1409 ), #3134 ) ;
#1467 = DIRECTION ( 'NONE',  ( 0.0000000000000000000, 0.0000000000000000000, -1.000000000000000000 ) ) ;
#1468 = CIRCLE ( 'NONE', #1242, 0.1250000000000000000 ) ;
#1469 = CARTESIAN_POINT ( 'NONE',  ( 1.500000000000000200, 0.7590169943749476300, -0.6250000000000001100 ) ) ;
#1470 = EDGE_CURVE ( 'NONE', #478, #14, #2774, .T. ) ;
#1471 = DIRECTION ( 'NONE',  ( 0.0000000000000000000, 1.000000000000000000, 0.0000000000000000000 ) ) ;
#1472 = LINE ( 'NONE', #2551, #1320 ) ;
#1473 = EDGE_LOOP ( 'NONE', ( #1009, #1345, #932, #875 ) ) ;
#1474 = CARTESIAN_POINT ( 'NONE',  ( 1.500000000000000200, 0.2000000000000002100, 0.8749999999999998900 ) ) ;
#1475 = EDGE_CURVE ( 'NONE', #2192, #2710, #767, .T. ) ;
#1476 = LINE ( 'NONE', #1002, #2412 ) ;
#1477 =( NAMED_UNIT ( * ) SI_UNIT ( $, .STERADIAN. ) SOLID_ANGLE_UNIT ( ) );
#1478 = ORIENTED_EDGE ( 'NONE', *, *, #3112, .T. ) ;
#1479 =( LENGTH_UNIT ( ) NAMED_UNIT ( * ) SI_UNIT ( .MILLI., .METRE. ) );
#1480 = VECTOR ( 'NONE', #2783, 1000.000000000000000 ) ;
#1481 = VERTEX_POINT ( 'NONE', #545 ) ;
#1482 = AXIS2_PLACEMENT_3D ( 'NONE', #2027, #1047, #295 ) ;
#1483 = CARTESIAN_POINT ( 'NONE',  ( -1.500000000000000200, 0.7590169943749476300, 0.3749999999999998900 ) ) ;
#1484 = ORIENTED_EDGE ( 'NONE', *, *, #2108, .F. ) ;
#1485 = DIRECTION ( 'NONE',  ( 0.0000000000000000000, 0.0000000000000000000, -1.000000000000000000 ) ) ;
#1486 = FACE_OUTER_BOUND ( 'NONE', #2732, .T. ) ;
#1487 = VERTEX_POINT ( 'NONE', #560 ) ;
#1488 = EDGE_CURVE ( 'NONE', #2605, #695, #1, .T. ) ;
#1489 = DIRECTION ( 'NONE',  ( 0.0000000000000000000, 0.0000000000000000000, 1.000000000000000000 ) ) ;
#1490 = ORIENTED_EDGE ( 'NONE', *, *, #1055, .T. ) ;
#1491 = AXIS2_PLACEMENT_3D ( 'NONE', #121, #1380, #1853 ) ;
#1492 = DIRECTION ( 'NONE',  ( 1.000000000000000000, 0.0000000000000000000, 0.0000000000000000000 ) ) ;
#1493 =( NAMED_UNIT ( * ) SI_UNIT ( $, .STERADIAN. ) SOLID_ANGLE_UNIT ( ) );
#1494 = ORIENTED_EDGE ( 'NONE', *, *, #1393, .T. ) ;
#1495 = DIRECTION ( 'NONE',  ( -1.000000000000000000, 0.0000000000000000000, 0.0000000000000000000 ) ) ;
#1496 = CARTESIAN_POINT ( 'NONE',  ( 0.7250000000000002000, 0.0000000000000000000, -1.200000000000000000 ) ) ;
#1497 = AXIS2_PLACEMENT_3D ( 'NONE', #1369, #1135, #2821 ) ;
#1498 = VECTOR ( 'NONE', #2982, 1000.000000000000000 ) ;
#1499 = VERTEX_POINT ( 'NONE', #2506 ) ;
#1500 = LINE ( 'NONE', #216, #962 ) ;
#1501 = DIRECTION ( 'NONE',  ( 0.0000000000000000000, 1.000000000000000000, 0.0000000000000000000 ) ) ;
#1502 = CYLINDRICAL_SURFACE ( 'NONE', #60, 0.1250000000000000000 ) ;
#1503 = DIRECTION ( 'NONE',  ( -1.000000000000000000, 0.0000000000000000000, 1.445602896647339200E-016 ) ) ;
#1504 = CARTESIAN_POINT ( 'NONE',  ( 1.125000000000000200, 0.2000000000000000100, -0.1250000000000001100 ) ) ;
#1505 = EDGE_CURVE ( 'NONE', #1074, #2824, #854, .T. ) ;
#1506 = LINE ( 'NONE', #1097, #2251 ) ;
#1507 = CARTESIAN_POINT ( 'NONE',  ( -1.125000000000000200, 0.0000000000000000000, -0.8750000000000001100 ) ) ;
#1508 = CARTESIAN_POINT ( 'NONE',  ( -1.125000000000000200, 0.2000000000000000100, 0.2499999999999998900 ) ) ;
#1509 = PRESENTATION_STYLE_ASSIGNMENT (( #1265 ) ) ;
#1510 = EDGE_CURVE ( 'NONE', #3096, #2992, #1080, .T. ) ;
#1511 = CARTESIAN_POINT ( 'NONE',  ( 1.500000000000000000, 0.05000000000000000300, -0.6250000000000001100 ) ) ;
#1512 = VECTOR ( 'NONE', #2956, 1000.000000000000000 ) ;
#1513 = VERTEX_POINT ( 'NONE', #272 ) ;
#1514 = ORIENTED_EDGE ( 'NONE', *, *, #533, .F. ) ;
#1515 = FACE_OUTER_BOUND ( 'NONE', #1066, .T. ) ;
#1516 = CARTESIAN_POINT ( 'NONE',  ( 1.500000000000000200, 0.0000000000000000000, -0.6250000000000001100 ) ) ;
#1517 = ORIENTED_EDGE ( 'NONE', *, *, #2621, .F. ) ;
#1518 = AXIS2_PLACEMENT_3D ( 'NONE', #2139, #2835, #3084 ) ;
#1519 = DIRECTION ( 'NONE',  ( -2.891205793294677800E-016, 0.0000000000000000000, 1.000000000000000000 ) ) ;
#1520 = PLANE ( 'NONE',  #2088 ) ;
#1521 = ORIENTED_EDGE ( 'NONE', *, *, #2954, .F. ) ;
#1522 = VECTOR ( 'NONE', #2550, 1000.000000000000000 ) ;
#1523 = EDGE_LOOP ( 'NONE', ( #1401, #1666, #241, #2691 ) ) ;
#1524 = PLANE ( 'NONE',  #1046 ) ;
#1525 = ORIENTED_EDGE ( 'NONE', *, *, #1113, .T. ) ;
#1526 = FACE_OUTER_BOUND ( 'NONE', #1092, .T. ) ;
#1527 = AXIS2_PLACEMENT_3D ( 'NONE', #374, #1805, #2786 ) ;
#1528 = DIRECTION ( 'NONE',  ( 0.0000000000000000000, 0.0000000000000000000, -1.000000000000000000 ) ) ;
#1529 = ORIENTED_EDGE ( 'NONE', *, *, #1148, .T. ) ;
#1530 = VERTEX_POINT ( 'NONE', #2976 ) ;
#1531 = DIRECTION ( 'NONE',  ( -0.0000000000000000000, -1.000000000000000000, -0.0000000000000000000 ) ) ;
#1532 = ORIENTED_EDGE ( 'NONE', *, *, #908, .F. ) ;
#1533 = SURFACE_STYLE_USAGE ( .BOTH. , #2968 ) ;
#1534 = EDGE_CURVE ( 'NONE', #3150, #1338, #2703, .T. ) ;
#1535 = PRESENTATION_STYLE_ASSIGNMENT (( #2604 ) ) ;
#1536 = CARTESIAN_POINT ( 'NONE',  ( 1.125000000000000200, 0.0000000000000000000, 0.3749999999999998900 ) ) ;
#1537 = CARTESIAN_POINT ( 'NONE',  ( -1.500000000000000200, 0.7590169943749476300, 0.8749999999999998900 ) ) ;
#1538 = LINE ( 'NONE', #2490, #997 ) ;
#1539 = AXIS2_PLACEMENT_3D ( 'NONE', #1388, #397, #641 ) ;
#1540 = LINE ( 'NONE', #1350, #336 ) ;
#1541 = CARTESIAN_POINT ( 'NONE',  ( -1.500000000000000200, 0.0000000000000000000, -0.6250000000000001100 ) ) ;
#1542 = DIRECTION ( 'NONE',  ( 0.0000000000000000000, 0.0000000000000000000, 1.000000000000000000 ) ) ;
#1543 = VECTOR ( 'NONE', #1053, 1000.000000000000000 ) ;
#1544 = CARTESIAN_POINT ( 'NONE',  ( -1.125000000000000200, 0.2000000000000002100, -0.6250000000000001100 ) ) ;
#1545 = ORIENTED_EDGE ( 'NONE', *, *, #381, .F. ) ;
#1546 = EDGE_CURVE ( 'NONE', #2496, #2725, #417, .T. ) ;
#1547 = LINE ( 'NONE', #585, #815 ) ;
#1548 = ORIENTED_EDGE ( 'NONE', *, *, #2337, .F. ) ;
#1549 = DIRECTION ( 'NONE',  ( -0.7071067811865474600, 0.0000000000000000000, 0.7071067811865475700 ) ) ;
#1550 = FACE_OUTER_BOUND ( 'NONE', #3166, .T. ) ;
#1551 = ORIENTED_EDGE ( 'NONE', *, *, #1311, .T. ) ;
#1552 = DIRECTION ( 'NONE',  ( -0.0000000000000000000, -1.000000000000000000, -0.0000000000000000000 ) ) ;
#1553 = VECTOR ( 'NONE', #1173, 1000.000000000000000 ) ;
#1554 = EDGE_LOOP ( 'NONE', ( #2803, #2652, #291, #1022 ) ) ;
#1555 = ADVANCED_FACE ( 'NONE', ( #189 ), #765, .F. ) ;
#1556 = ORIENTED_EDGE ( 'NONE', *, *, #2974, .T. ) ;
#1557 = AXIS2_PLACEMENT_3D ( 'NONE', #1178, #2393, #1445 ) ;
#1558 = DIRECTION ( 'NONE',  ( -0.0000000000000000000, -1.000000000000000000, -0.0000000000000000000 ) ) ;
#1559 = CARTESIAN_POINT ( 'NONE',  ( -1.100000000000000300, 0.7500000000000000000, -1.100000000000000500 ) ) ;
#1560 = CLOSED_SHELL ( 'NONE', ( #943, #2728, #1701, #102, #1741, #168 ) ) ;
#1561 = ORIENTED_EDGE ( 'NONE', *, *, #339, .F. ) ;
#1562 = MANIFOLD_SOLID_BREP ( 'Pin 8', #1171 ) ;
#1563 = ORIENTED_EDGE ( 'NONE', *, *, #15, .F. ) ;
#1564 = CARTESIAN_POINT ( 'NONE',  ( -1.500000000000000200, 0.1999999999999999800, 0.8749999999999998900 ) ) ;
#1565 = AXIS2_PLACEMENT_3D ( 'NONE', #1124, #2810, #1381 ) ;
#1566 = AXIS2_PLACEMENT_3D ( 'NONE', #1193, #188, #3107 ) ;
#1567 = CARTESIAN_POINT ( 'NONE',  ( 1.500000000000000200, 0.1999999999999999800, -0.3750000000000001100 ) ) ;
#1568 = EDGE_CURVE ( 'NONE', #2032, #3150, #2856, .T. ) ;
#1569 = CARTESIAN_POINT ( 'NONE',  ( 0.0000000000000000000, 0.05000000000000000300, -0.8750000000000001100 ) ) ;
#1570 = ADVANCED_FACE ( 'NONE', ( #1003 ), #1746, .F. ) ;
#1571 = DIRECTION ( 'NONE',  ( 0.0000000000000000000, 0.0000000000000000000, 1.000000000000000000 ) ) ;
#1572 = DIRECTION ( 'NONE',  ( 0.0000000000000000000, -0.0000000000000000000, -1.000000000000000000 ) ) ;
#1573 = CIRCLE ( 'NONE', #648, 0.1250000000000000600 ) ;
#1574 = ORIENTED_EDGE ( 'NONE', *, *, #2594, .T. ) ;
#1575 = FACE_OUTER_BOUND ( 'NONE', #1554, .T. ) ;
#1576 = EDGE_CURVE ( 'NONE', #2002, #2634, #924, .T. ) ;
#1577 = CARTESIAN_POINT ( 'NONE',  ( -1.100000000000000300, 0.7500000000000000000, -1.300000000000000500 ) ) ;
#1578 = VECTOR ( 'NONE', #1976, 1000.000000000000000 ) ;
#1579 = DIRECTION ( 'NONE',  ( 0.0000000000000000000, -1.000000000000000000, 0.0000000000000000000 ) ) ;
#1580 = ORIENTED_EDGE ( 'NONE', *, *, #2654, .T. ) ;
#1581 = ADVANCED_FACE ( 'NONE', ( #2215 ), #1520, .F. ) ;
#1582 = EDGE_CURVE ( 'NONE', #3073, #1065, #2592, .T. ) ;
#1583 = ORIENTED_EDGE ( 'NONE', *, *, #471, .T. ) ;
#1584 = ORIENTED_EDGE ( 'NONE', *, *, #1061, .T. ) ;
#1585 = CARTESIAN_POINT ( 'NONE',  ( -1.125000000000000200, 0.04999999999999999600, 0.7499999999999998900 ) ) ;
#1586 = DIRECTION ( 'NONE',  ( 1.000000000000000000, -0.0000000000000000000, 9.035018104045871900E-017 ) ) ;
#1587 = ORIENTED_EDGE ( 'NONE', *, *, #1427, .F. ) ;
#1588 = VECTOR ( 'NONE', #2643, 1000.000000000000000 ) ;
#1589 = ORIENTED_EDGE ( 'NONE', *, *, #1834, .T. ) ;
#1590 = VECTOR ( 'NONE', #1854, 1000.000000000000000 ) ;
#1591 = EDGE_LOOP ( 'NONE', ( #2029, #2411, #3029, #1545 ) ) ;
#1592 = VERTEX_POINT ( 'NONE', #1755 ) ;
#1593 = LINE ( 'NONE', #1946, #2350 ) ;
#1594 = CARTESIAN_POINT ( 'NONE',  ( -1.125000000000000200, 0.2000000000000000100, 0.6249999999999998900 ) ) ;
#1595 = CLOSED_SHELL ( 'NONE', ( #2140, #1336, #1555, #164, #220, #1870 ) ) ;
#1596 = ORIENTED_EDGE ( 'NONE', *, *, #816, .F. ) ;
#1597 = CARTESIAN_POINT ( 'NONE',  ( 0.0000000000000000000, 0.05000000000000000300, 0.6249999999999998900 ) ) ;
#1598 = VERTEX_POINT ( 'NONE', #2933 ) ;
#1599 = CARTESIAN_POINT ( 'NONE',  ( -1.100000000000000300, 0.7500000000000000000, -1.300000000000000500 ) ) ;
#1600 = EDGE_CURVE ( 'NONE', #2895, #1086, #1048, .T. ) ;
#1601 = DIRECTION ( 'NONE',  ( 0.0000000000000000000, -0.0000000000000000000, -1.000000000000000000 ) ) ;
#1602 = CARTESIAN_POINT ( 'NONE',  ( -1.125000000000000200, 0.7590169943749476300, -0.2500000000000001100 ) ) ;
#1603 = CARTESIAN_POINT ( 'NONE',  ( -1.125000000000000200, 0.04999999999999999600, 0.6249999999999998900 ) ) ;
#1604 = EDGE_CURVE ( 'NONE', #2157, #1481, #651, .T. ) ;
#1605 = ORIENTED_EDGE ( 'NONE', *, *, #1078, .T. ) ;
#1606 = LINE ( 'NONE', #2631, #681 ) ;
#1607 = DIRECTION ( 'NONE',  ( 0.0000000000000000000, 0.0000000000000000000, 1.000000000000000000 ) ) ;
#1608 = APPLICATION_PROTOCOL_DEFINITION ( 'draft international standard', 'automotive_design', 1998, #3097 ) ;
#1609 = CARTESIAN_POINT ( 'NONE',  ( 2.529805069132844800E-016, 0.05000000000000000300, -0.8750000000000005600 ) ) ;
#1610 = DIRECTION ( 'NONE',  ( 0.0000000000000000000, -0.0000000000000000000, 1.000000000000000000 ) ) ;
#1611 = ADVANCED_FACE ( 'NONE', ( #2256 ), #2754, .F. ) ;
#1612 = DIRECTION ( 'NONE',  ( 0.0000000000000000000, 0.0000000000000000000, -1.000000000000000000 ) ) ;
#1613 = ORIENTED_EDGE ( 'NONE', *, *, #3105, .T. ) ;
#1614 = DIRECTION ( 'NONE',  ( -0.0000000000000000000, -1.000000000000000000, -0.0000000000000000000 ) ) ;
#1615 = VECTOR ( 'NONE', #2990, 1000.000000000000000 ) ;
#1616 = ORIENTED_EDGE ( 'NONE', *, *, #2058, .T. ) ;
#1617 = EDGE_LOOP ( 'NONE', ( #210, #906, #2000, #2724 ) ) ;
#1618 = AXIS2_PLACEMENT_3D ( 'NONE', #757, #1028, #489 ) ;
#1619 = LINE ( 'NONE', #1719, #2065 ) ;
#1620 = ORIENTED_EDGE ( 'NONE', *, *, #1224, .T. ) ;
#1621 = FACE_OUTER_BOUND ( 'NONE', #3051, .T. ) ;
#1622 = CARTESIAN_POINT ( 'NONE',  ( 1.500000000000000200, 5.842640687119285300, 1.499999999999999800 ) ) ;
#1623 = EDGE_CURVE ( 'NONE', #1909, #1143, #304, .T. ) ;
#1624 = VERTEX_POINT ( 'NONE', #2298 ) ;
#1625 = FILL_AREA_STYLE ('',( #2767 ) ) ;
#1626 = LINE ( 'NONE', #942, #1588 ) ;
#1627 = CARTESIAN_POINT ( 'NONE',  ( 1.125000000000000200, 0.7590169943749476300, -0.6250000000000001100 ) ) ;
#1628 = ORIENTED_EDGE ( 'NONE', *, *, #1708, .T. ) ;
#1629 = ADVANCED_FACE ( 'NONE', ( #2815 ), #70, .F. ) ;
#1630 = VECTOR ( 'NONE', #310, 1000.000000000000000 ) ;
#1631 = EDGE_CURVE ( 'NONE', #2222, #478, #2934, .T. ) ;
#1632 = ORIENTED_EDGE ( 'NONE', *, *, #209, .T. ) ;
#1633 = ORIENTED_EDGE ( 'NONE', *, *, #2827, .T. ) ;
#1634 = AXIS2_PLACEMENT_3D ( 'NONE', #2569, #1052, #2807 ) ;
#1635 = DIRECTION ( 'NONE',  ( 0.0000000000000000000, 0.0000000000000000000, -1.000000000000000000 ) ) ;
#1636 = PLANE ( 'NONE',  #2153 ) ;
#1637 = EDGE_CURVE ( 'NONE', #1348, #941, #3010, .T. ) ;
#1638 = COLOUR_RGB ( '',0.2509803921568627400, 0.2509803921568627400, 0.2509803921568627400 ) ;
#1639 = ORIENTED_EDGE ( 'NONE', *, *, #2606, .F. ) ;
#1640 = DIRECTION ( 'NONE',  ( -1.000000000000000000, 0.0000000000000000000, 0.0000000000000000000 ) ) ;
#1641 = VECTOR ( 'NONE', #1842, 1000.000000000000000 ) ;
#1642 = AXIS2_PLACEMENT_3D ( 'NONE', #1346, #2308, #825 ) ;
#1643 = CARTESIAN_POINT ( 'NONE',  ( -1.500000000000000200, 0.7590169943749476300, -0.6250000000000001100 ) ) ;
#1644 = CARTESIAN_POINT ( 'NONE',  ( 1.500000000000000200, 0.05000000000000000300, 0.8749999999999998900 ) ) ;
#1645 = LINE ( 'NONE', #1831, #2853 ) ;
#1646 = VECTOR ( 'NONE', #2228, 1000.000000000000000 ) ;
#1647 = AXIS2_PLACEMENT_3D ( 'NONE', #847, #1316, #829 ) ;
#1648 = CARTESIAN_POINT ( 'NONE',  ( 0.0000000000000000000, 0.05000000000000000300, 0.8749999999999998900 ) ) ;
#1649 = DIRECTION ( 'NONE',  ( 0.0000000000000000000, 1.000000000000000000, 0.0000000000000000000 ) ) ;
#1650 = VECTOR ( 'NONE', #2421, 1000.000000000000000 ) ;
#1651 = ORIENTED_EDGE ( 'NONE', *, *, #2466, .T. ) ;
#1652 = CARTESIAN_POINT ( 'NONE',  ( -1.500000000000000200, 0.2000000000000000100, 0.6249999999999998900 ) ) ;
#1653 = ORIENTED_EDGE ( 'NONE', *, *, #887, .T. ) ;
#1654 = LINE ( 'NONE', #1564, #3126 ) ;
#1655 = EDGE_CURVE ( 'NONE', #1270, #2045, #734, .T. ) ;
#1656 = VERTEX_POINT ( 'NONE', #2762 ) ;
#1657 = CARTESIAN_POINT ( 'NONE',  ( -1.500000000000000200, 0.2000000000000000100, 0.1249999999999998900 ) ) ;
#1658 = VECTOR ( 'NONE', #1503, 1000.000000000000000 ) ;
#1659 = ORIENTED_EDGE ( 'NONE', *, *, #2342, .T. ) ;
#1660 = PRESENTATION_LAYER_ASSIGNMENT (  '', '', ( #2626 ) ) ;
#1661 = LINE ( 'NONE', #225, #1335 ) ;
#1662 = ORIENTED_EDGE ( 'NONE', *, *, #2227, .T. ) ;
#1663 = CARTESIAN_POINT ( 'NONE',  ( -1.125000000000000200, 0.2000000000000000100, 0.3749999999999998900 ) ) ;
#1664 = CARTESIAN_POINT ( 'NONE',  ( 1.125000000000000200, 0.2000000000000000100, -0.6250000000000001100 ) ) ;
#1665 = VERTEX_POINT ( 'NONE', #2768 ) ;
#1666 = ORIENTED_EDGE ( 'NONE', *, *, #2709, .F. ) ;
#1667 = CARTESIAN_POINT ( 'NONE',  ( 1.125000000000000200, 0.0000000000000000000, -0.3750000000000002200 ) ) ;
#1668 = CARTESIAN_POINT ( 'NONE',  ( -1.100000000000000300, 0.8000000000000000400, -1.100000000000000500 ) ) ;
#1669 =( GEOMETRIC_REPRESENTATION_CONTEXT ( 3 ) GLOBAL_UNCERTAINTY_ASSIGNED_CONTEXT ( ( #1724 ) ) GLOBAL_UNIT_ASSIGNED_CONTEXT ( ( #1479, #219, #3149 ) ) REPRESENTATION_CONTEXT ( 'NONE', 'WORKASPACE' ) );
#1670 = ORIENTED_EDGE ( 'NONE', *, *, #2185, .F. ) ;
#1671 = DIRECTION ( 'NONE',  ( 0.0000000000000000000, 0.0000000000000000000, -1.000000000000000000 ) ) ;
#1672 = CARTESIAN_POINT ( 'NONE',  ( -1.500000000000000200, 0.1999999999999999800, -0.3750000000000001100 ) ) ;
#1673 = CARTESIAN_POINT ( 'NONE',  ( 1.125000000000000200, 0.2000000000000000100, -0.2500000000000001100 ) ) ;
#1674 = CARTESIAN_POINT ( 'NONE',  ( 1.125000000000000200, 0.2000000000000000100, -0.1250000000000001100 ) ) ;
#1675 = AXIS2_PLACEMENT_3D ( 'NONE', #917, #2590, #1141 ) ;
#1676 = DIRECTION ( 'NONE',  ( 0.0000000000000000000, -0.0000000000000000000, 1.000000000000000000 ) ) ;
#1677 = DIRECTION ( 'NONE',  ( 0.0000000000000000000, -1.000000000000000000, 0.0000000000000000000 ) ) ;
#1678 = EDGE_CURVE ( 'NONE', #2693, #2688, #79, .T. ) ;
#1679 = LINE ( 'NONE', #728, #604 ) ;
#1680 = DIRECTION ( 'NONE',  ( 1.000000000000000000, 0.0000000000000000000, 2.891205793294677800E-016 ) ) ;
#1681 = ORIENTED_EDGE ( 'NONE', *, *, #1944, .T. ) ;
#1682 = AXIS2_PLACEMENT_3D ( 'NONE', #1919, #1649, #2608 ) ;
#1683 = FACE_OUTER_BOUND ( 'NONE', #2255, .T. ) ;
#1684 = ADVANCED_FACE ( 'NONE', ( #2288 ), #2522, .F. ) ;
#1685 = EDGE_CURVE ( 'NONE', #2538, #2726, #1472, .T. ) ;
#1686 = LINE ( 'NONE', #2916, #1045 ) ;
#1687 = FILL_AREA_STYLE ('',( #970 ) ) ;
#1688 = VECTOR ( 'NONE', #981, 1000.000000000000000 ) ;
#1689 = EDGE_CURVE ( 'NONE', #2199, #2386, #1547, .T. ) ;
#1690 = ORIENTED_EDGE ( 'NONE', *, *, #1470, .F. ) ;
#1691 = ORIENTED_EDGE ( 'NONE', *, *, #2917, .T. ) ;
#1692 = AXIS2_PLACEMENT_3D ( 'NONE', #993, #1274, #2928 ) ;
#1693 = CARTESIAN_POINT ( 'NONE',  ( -1.500000000000000200, 0.04999999999999999600, 0.3749999999999998900 ) ) ;
#1694 = ORIENTED_EDGE ( 'NONE', *, *, #20, .T. ) ;
#1695 = CARTESIAN_POINT ( 'NONE',  ( 1.125000000000000200, 0.0000000000000000000, -0.2500000000000001100 ) ) ;
#1696 = VECTOR ( 'NONE', #2660, 1000.000000000000000 ) ;
#1697 = CARTESIAN_POINT ( 'NONE',  ( -0.7250000000000000900, 0.2000000000000000900, 1.200000000000000000 ) ) ;
#1698 = EDGE_LOOP ( 'NONE', ( #2148, #3036, #2579, #1448 ) ) ;
#1699 = EDGE_CURVE ( 'NONE', #3111, #2386, #157, .T. ) ;
#1700 = CARTESIAN_POINT ( 'NONE',  ( 1.500000000000000200, 0.2000000000000000100, 0.3749999999999998900 ) ) ;
#1701 = ADVANCED_FACE ( 'NONE', ( #3086 ), #2537, .F. ) ;
#1702 = ORIENTED_EDGE ( 'NONE', *, *, #2958, .T. ) ;
#1703 = CARTESIAN_POINT ( 'NONE',  ( 1.500000000000000200, 0.2000000000000002100, -0.1250000000000001100 ) ) ;
#1704 = FACE_OUTER_BOUND ( 'NONE', #404, .T. ) ;
#1705 = DIRECTION ( 'NONE',  ( 1.000000000000000000, 0.0000000000000000000, 2.891205793294677800E-016 ) ) ;
#1706 = ORIENTED_EDGE ( 'NONE', *, *, #2271, .F. ) ;
#1707 = ORIENTED_EDGE ( 'NONE', *, *, #3105, .F. ) ;
#1708 = EDGE_CURVE ( 'NONE', #3063, #1163, #2178, .T. ) ;
#1709 = CARTESIAN_POINT ( 'NONE',  ( 0.7249999999999999800, 0.2000000000000000900, 1.200000000000000000 ) ) ;
#1710 = DIRECTION ( 'NONE',  ( 0.0000000000000000000, 0.0000000000000000000, -1.000000000000000000 ) ) ;
#1711 = ORIENTED_EDGE ( 'NONE', *, *, #2513, .F. ) ;
#1712 =( NAMED_UNIT ( * ) SI_UNIT ( $, .STERADIAN. ) SOLID_ANGLE_UNIT ( ) );
#1713 = ADVANCED_FACE ( 'NONE', ( #1795 ), #341, .F. ) ;
#1714 = DIRECTION ( 'NONE',  ( -1.000000000000000000, 0.0000000000000000000, 0.0000000000000000000 ) ) ;
#1715 = LINE ( 'NONE', #1874, #258 ) ;
#1716 = DIRECTION ( 'NONE',  ( -1.000000000000000000, -0.0000000000000000000, -0.0000000000000000000 ) ) ;
#1717 = EDGE_CURVE ( 'NONE', #902, #158, #1154, .T. ) ;
#1718 = VECTOR ( 'NONE', #2374, 1000.000000000000000 ) ;
#1719 = CARTESIAN_POINT ( 'NONE',  ( 0.7250000000000002000, 0.2000000000000000900, -1.200000000000000000 ) ) ;
#1720 = DIRECTION ( 'NONE',  ( 0.0000000000000000000, 1.000000000000000000, 0.0000000000000000000 ) ) ;
#1721 = ORIENTED_EDGE ( 'NONE', *, *, #758, .T. ) ;
#1722 = CARTESIAN_POINT ( 'NONE',  ( 1.500000000000000200, 0.04999999999999999600, -0.3750000000000001100 ) ) ;
#1723 = EDGE_CURVE ( 'NONE', #2021, #2650, #500, .T. ) ;
#1724 = UNCERTAINTY_MEASURE_WITH_UNIT (LENGTH_MEASURE( 1.000000000000000100E-005 ), #1479, 'distance_accuracy_value', 'NONE');
#1725 = CIRCLE ( 'NONE', #326, 0.1999999999999999800 ) ;
#1726 = DIRECTION ( 'NONE',  ( 0.0000000000000000000, 1.000000000000000000, 0.0000000000000000000 ) ) ;
#1727 = ORIENTED_EDGE ( 'NONE', *, *, #1386, .T. ) ;
#1728 = ADVANCED_FACE ( 'NONE', ( #1243, #2443 ), #406, .T. ) ;
#1729 = LINE ( 'NONE', #3066, #425 ) ;
#1730 = ORIENTED_EDGE ( 'NONE', *, *, #1783, .T. ) ;
#1731 = COLOUR_RGB ( '',0.7921568627450980000, 0.8196078431372548800, 0.9333333333333333500 ) ;
#1732 = ORIENTED_EDGE ( 'NONE', *, *, #1354, .T. ) ;
#1733 = CARTESIAN_POINT ( 'NONE',  ( -1.125000000000000200, 0.2000000000000000100, 0.7499999999999998900 ) ) ;
#1734 = CIRCLE ( 'NONE', #627, 0.1250000000000000000 ) ;
#1735 = ORIENTED_EDGE ( 'NONE', *, *, #2858, .F. ) ;
#1736 = ORIENTED_EDGE ( 'NONE', *, *, #1366, .F. ) ;
#1737 = CARTESIAN_POINT ( 'NONE',  ( -1.125000000000000200, 0.2000000000000000100, -0.7500000000000001100 ) ) ;
#1738 = FACE_OUTER_BOUND ( 'NONE', #1698, .T. ) ;
#1739 = AXIS2_PLACEMENT_3D ( 'NONE', #2673, #966, #239 ) ;
#1740 = DIRECTION ( 'NONE',  ( 0.0000000000000000000, 1.000000000000000000, 0.0000000000000000000 ) ) ;
#1741 = ADVANCED_FACE ( 'NONE', ( #2365 ), #944, .F. ) ;
#1742 = ORIENTED_EDGE ( 'NONE', *, *, #2500, .T. ) ;
#1743 = DIRECTION ( 'NONE',  ( 1.000000000000000000, 0.0000000000000000000, -0.0000000000000000000 ) ) ;
#1744 = CARTESIAN_POINT ( 'NONE',  ( -1.500000000000000200, 0.2000000000000000100, -0.8750000000000001100 ) ) ;
#1745 = VERTEX_POINT ( 'NONE', #666 ) ;
#1746 = PLANE ( 'NONE',  #1929 ) ;
#1747 = AXIS2_PLACEMENT_3D ( 'NONE', #324, #834, #3044 ) ;
#1748 = LINE ( 'NONE', #2369, #23 ) ;
#1749 = ORIENTED_EDGE ( 'NONE', *, *, #3117, .T. ) ;
#1750 = VECTOR ( 'NONE', #2394, 1000.000000000000000 ) ;
#1751 = CARTESIAN_POINT ( 'NONE',  ( 0.7250000000000002000, 3.004014978561990700, -1.200000000000000000 ) ) ;
#1752 = CARTESIAN_POINT ( 'NONE',  ( -1.500000000000000200, 0.2000000000000000100, 0.6249999999999998900 ) ) ;
#1753 = EDGE_CURVE ( 'NONE', #2052, #710, #379, .T. ) ;
#1754 = CARTESIAN_POINT ( 'NONE',  ( -1.500000000000000200, 0.7590169943749476300, 0.8749999999999998900 ) ) ;
#1755 = CARTESIAN_POINT ( 'NONE',  ( 1.125000000000000200, 0.0000000000000000000, 0.3749999999999998900 ) ) ;
#1756 = FACE_OUTER_BOUND ( 'NONE', #1991, .T. ) ;
#1757 = EDGE_CURVE ( 'NONE', #14, #1107, #3085, .T. ) ;
#1758 = FACE_OUTER_BOUND ( 'NONE', #3048, .T. ) ;
#1759 = CARTESIAN_POINT ( 'NONE',  ( -1.100000000000000300, 0.8000000000000000400, -1.300000000000000500 ) ) ;
#1760 = ORIENTED_EDGE ( 'NONE', *, *, #2513, .T. ) ;
#1761 = CARTESIAN_POINT ( 'NONE',  ( 1.125000000000000200, 0.0000000000000000000, -0.2500000000000001100 ) ) ;
#1762 = CARTESIAN_POINT ( 'NONE',  ( -1.500000000000000200, 0.1999999999999999800, -0.1250000000000001100 ) ) ;
#1763 = LINE ( 'NONE', #1268, #2296 ) ;
#1764 = ORIENTED_EDGE ( 'NONE', *, *, #2011, .T. ) ;
#1765 = AXIS2_PLACEMENT_3D ( 'NONE', #879, #1115, #1376 ) ;
#1766 = FACE_OUTER_BOUND ( 'NONE', #514, .T. ) ;
#1767 = DIRECTION ( 'NONE',  ( 0.0000000000000000000, 1.000000000000000000, 0.0000000000000000000 ) ) ;
#1768 = DIRECTION ( 'NONE',  ( 1.445602896647339200E-016, -0.0000000000000000000, 1.000000000000000000 ) ) ;
#1769 = EDGE_LOOP ( 'NONE', ( #629, #547, #1903, #2147 ) ) ;
#1770 = CARTESIAN_POINT ( 'NONE',  ( 1.500000000000000200, 0.2000000000000000100, 0.8749999999999998900 ) ) ;
#1771 = SURFACE_STYLE_FILL_AREA ( #2930 ) ;
#1772 = ORIENTED_EDGE ( 'NONE', *, *, #2466, .F. ) ;
#1773 = PLANE ( 'NONE',  #2015 ) ;
#1774 = DIRECTION ( 'NONE',  ( 0.0000000000000000000, 0.0000000000000000000, -1.000000000000000000 ) ) ;
#1775 = MECHANICAL_DESIGN_GEOMETRIC_PRESENTATION_REPRESENTATION (  '', ( #1868 ), #2326 ) ;
#1776 = DIRECTION ( 'NONE',  ( 0.0000000000000000000, -0.0000000000000000000, -1.000000000000000000 ) ) ;
#1777 = DIRECTION ( 'NONE',  ( -1.000000000000000000, 0.0000000000000000000, -0.0000000000000000000 ) ) ;
#1778 = EDGE_LOOP ( 'NONE', ( #1286, #2418, #194, #3068 ) ) ;
#1779 = ORIENTED_EDGE ( 'NONE', *, *, #2108, .T. ) ;
#1780 = CARTESIAN_POINT ( 'NONE',  ( 1.500000000000000200, 0.1999999999999999800, 0.1249999999999998900 ) ) ;
#1781 = UNCERTAINTY_MEASURE_WITH_UNIT (LENGTH_MEASURE( 1.000000000000000100E-005 ), #269, 'distance_accuracy_value', 'NONE');
#1782 = CARTESIAN_POINT ( 'NONE',  ( -0.7250000000000000900, 0.0000000000000000000, 1.200000000000000000 ) ) ;
#1783 = EDGE_CURVE ( 'NONE', #1952, #254, #2481, .T. ) ;
#1784 = ORIENTED_EDGE ( 'NONE', *, *, #2138, .T. ) ;
#1785 = DIRECTION ( 'NONE',  ( 0.0000000000000000000, -0.0000000000000000000, 1.000000000000000000 ) ) ;
#1786 = FACE_OUTER_BOUND ( 'NONE', #2873, .T. ) ;
#1787 =( GEOMETRIC_REPRESENTATION_CONTEXT ( 3 ) GLOBAL_UNCERTAINTY_ASSIGNED_CONTEXT ( ( #589 ) ) GLOBAL_UNIT_ASSIGNED_CONTEXT ( ( #2233, #1287, #1712 ) ) REPRESENTATION_CONTEXT ( 'NONE', 'WORKASPACE' ) );
#1788 = EDGE_LOOP ( 'NONE', ( #1907, #314, #676, #2705, #2918 ) ) ;
#1789 = VECTOR ( 'NONE', #1433, 1000.000000000000000 ) ;
#1790 = DIRECTION ( 'NONE',  ( -0.0000000000000000000, 0.0000000000000000000, 1.000000000000000000 ) ) ;
#1791 = AXIS2_PLACEMENT_3D ( 'NONE', #296, #2009, #551 ) ;
#1792 = VECTOR ( 'NONE', #152, 1000.000000000000000 ) ;
#1793 = DIRECTION ( 'NONE',  ( 0.0000000000000000000, 0.0000000000000000000, 1.000000000000000000 ) ) ;
#1794 = EDGE_CURVE ( 'NONE', #3006, #770, #2175, .T. ) ;
#1795 = FACE_OUTER_BOUND ( 'NONE', #2371, .T. ) ;
#1796 = DIRECTION ( 'NONE',  ( 0.0000000000000000000, 0.0000000000000000000, 1.000000000000000000 ) ) ;
#1797 = EDGE_LOOP ( 'NONE', ( #2847, #1819, #1069, #975 ) ) ;
#1798 = CARTESIAN_POINT ( 'NONE',  ( 0.0000000000000000000, 0.05000000000000000300, 0.0000000000000000000 ) ) ;
#1799 = VERTEX_POINT ( 'NONE', #462 ) ;
#1800 = CARTESIAN_POINT ( 'NONE',  ( 1.125000000000000200, 0.2000000000000000100, -0.2500000000000001100 ) ) ;
#1801 = LINE ( 'NONE', #1421, #129 ) ;
#1802 = ORIENTED_EDGE ( 'NONE', *, *, #2354, .F. ) ;
#1803 = EDGE_LOOP ( 'NONE', ( #271, #172, #1297, #790 ) ) ;
#1804 = AXIS2_PLACEMENT_3D ( 'NONE', #534, #43, #13 ) ;
#1805 = DIRECTION ( 'NONE',  ( -0.0000000000000000000, -1.000000000000000000, -0.0000000000000000000 ) ) ;
#1806 = DIRECTION ( 'NONE',  ( 0.0000000000000000000, -1.000000000000000000, 0.0000000000000000000 ) ) ;
#1807 = FACE_OUTER_BOUND ( 'NONE', #1250, .T. ) ;
#1808 = CARTESIAN_POINT ( 'NONE',  ( 1.500000000000000200, 0.04999999999999999600, 0.1249999999999998900 ) ) ;
#1809 = ORIENTED_EDGE ( 'NONE', *, *, #752, .F. ) ;
#1810 = PLANE ( 'NONE',  #769 ) ;
#1811 = EDGE_CURVE ( 'NONE', #710, #2340, #2440, .T. ) ;
#1812 = ORIENTED_EDGE ( 'NONE', *, *, #2447, .F. ) ;
#1813 = DIRECTION ( 'NONE',  ( 0.0000000000000000000, 0.0000000000000000000, 1.000000000000000000 ) ) ;
#1814 = EDGE_CURVE ( 'NONE', #1125, #321, #1945, .T. ) ;
#1815 = DIRECTION ( 'NONE',  ( -2.891205793294677800E-016, 0.0000000000000000000, 1.000000000000000000 ) ) ;
#1816 = ORIENTED_EDGE ( 'NONE', *, *, #1958, .T. ) ;
#1817 = CARTESIAN_POINT ( 'NONE',  ( -1.125000000000000200, 0.04999999999999999600, -0.7500000000000001100 ) ) ;
#1818 = VECTOR ( 'NONE', #2497, 1000.000000000000000 ) ;
#1819 = ORIENTED_EDGE ( 'NONE', *, *, #1314, .T. ) ;
#1820 = PLANE ( 'NONE',  #1140 ) ;
#1821 = CARTESIAN_POINT ( 'NONE',  ( -1.125000000000000200, 0.04999999999999999600, -0.8750000000000001100 ) ) ;
#1822 = CARTESIAN_POINT ( 'NONE',  ( -1.125000000000000200, 0.0000000000000000000, -0.6250000000000001100 ) ) ;
#1823 = LINE ( 'NONE', #1935, #684 ) ;
#1824 = CARTESIAN_POINT ( 'NONE',  ( -1.500000000000000200, 0.0000000000000000000, -0.6250000000000001100 ) ) ;
#1825 = ORIENTED_EDGE ( 'NONE', *, *, #1169, .T. ) ;
#1826 = ORIENTED_EDGE ( 'NONE', *, *, #1375, .F. ) ;
#1827 = LINE ( 'NONE', #368, #2104 ) ;
#1828 = PLANE ( 'NONE',  #240 ) ;
#1829 = AXIS2_PLACEMENT_3D ( 'NONE', #1602, #1131, #642 ) ;
#1830 = ORIENTED_EDGE ( 'NONE', *, *, #1314, .F. ) ;
#1831 = CARTESIAN_POINT ( 'NONE',  ( -0.3749999999999997200, 3.004014978561990700, -1.200000000000000000 ) ) ;
#1832 = LINE ( 'NONE', #2615, #2531 ) ;
#1833 = ADVANCED_FACE ( 'NONE', ( #2970 ), #2465, .T. ) ;
#1834 = EDGE_CURVE ( 'NONE', #691, #1846, #1079, .T. ) ;
#1835 = ORIENTED_EDGE ( 'NONE', *, *, #287, .F. ) ;
#1836 = DIRECTION ( 'NONE',  ( -0.0000000000000000000, -1.000000000000000000, -0.0000000000000000000 ) ) ;
#1837 = PRODUCT_CONTEXT ( 'NONE', #3097, 'mechanical' ) ;
#1838 = DIRECTION ( 'NONE',  ( 1.000000000000000000, 0.0000000000000000000, 2.891205793294677800E-016 ) ) ;
#1839 = LINE ( 'NONE', #1663, #665 ) ;
#1840 = ORIENTED_EDGE ( 'NONE', *, *, #717, .T. ) ;
#1841 = PLANE ( 'NONE',  #1539 ) ;
#1842 = DIRECTION ( 'NONE',  ( 0.0000000000000000000, 0.0000000000000000000, -1.000000000000000000 ) ) ;
#1843 = ORIENTED_EDGE ( 'NONE', *, *, #1723, .T. ) ;
#1844 = VECTOR ( 'NONE', #2932, 1000.000000000000000 ) ;
#1845 = CARTESIAN_POINT ( 'NONE',  ( -1.500000000000000000, 0.05000000000000000300, -0.3750000000000001100 ) ) ;
#1846 = VERTEX_POINT ( 'NONE', #1496 ) ;
#1847 = ORIENTED_EDGE ( 'NONE', *, *, #706, .T. ) ;
#1848 = DIRECTION ( 'NONE',  ( -0.0000000000000000000, 0.0000000000000000000, 1.000000000000000000 ) ) ;
#1849 =( NAMED_UNIT ( * ) PLANE_ANGLE_UNIT ( ) SI_UNIT ( $, .RADIAN. ) );
#1850 = EDGE_CURVE ( 'NONE', #748, #1074, #649, .T. ) ;
#1851 = ADVANCED_FACE ( 'NONE', ( #1756 ), #2237, .T. ) ;
#1852 = EDGE_LOOP ( 'NONE', ( #987, #817, #586, #1742, #1847 ) ) ;
#1853 = DIRECTION ( 'NONE',  ( 0.0000000000000000000, -0.0000000000000000000, 1.000000000000000000 ) ) ;
#1854 = DIRECTION ( 'NONE',  ( 0.0000000000000000000, -1.000000000000000000, 0.0000000000000000000 ) ) ;
#1855 = ADVANCED_FACE ( 'NONE', ( #499 ), #280, .T. ) ;
#1856 = CARTESIAN_POINT ( 'NONE',  ( -1.500000000000000200, 0.2000000000000000100, 0.3749999999999998900 ) ) ;
#1857 = FACE_OUTER_BOUND ( 'NONE', #366, .T. ) ;
#1858 = VERTEX_POINT ( 'NONE', #65 ) ;
#1859 = LINE ( 'NONE', #3078, #1641 ) ;
#1860 = CARTESIAN_POINT ( 'NONE',  ( 1.125000000000000200, 0.1999999999999999800, -0.6250000000000001100 ) ) ;
#1861 = LINE ( 'NONE', #1652, #2474 ) ;
#1862 = VECTOR ( 'NONE', #2160, 1000.000000000000000 ) ;
#1863 = CARTESIAN_POINT ( 'NONE',  ( 1.500000000000000200, 0.0000000000000000000, -0.3750000000000001100 ) ) ;
#1864 = DIRECTION ( 'NONE',  ( 0.0000000000000000000, 0.0000000000000000000, -1.000000000000000000 ) ) ;
#1865 = SURFACE_STYLE_FILL_AREA ( #1965 ) ;
#1866 = ORIENTED_EDGE ( 'NONE', *, *, #1202, .T. ) ;
#1867 = EDGE_LOOP ( 'NONE', ( #2574, #901, #2316, #920 ) ) ;
#1868 = STYLED_ITEM ( 'NONE', ( #824 ), #495 ) ;
#1869 = LINE ( 'NONE', #671, #1904 ) ;
#1870 = ADVANCED_FACE ( 'NONE', ( #2814 ), #300, .T. ) ;
#1871 = ORIENTED_EDGE ( 'NONE', *, *, #2331, .T. ) ;
#1872 = DIRECTION ( 'NONE',  ( 1.445602896647339200E-016, 0.0000000000000000000, 1.000000000000000000 ) ) ;
#1873 = LINE ( 'NONE', #1456, #3057 ) ;
#1874 = CARTESIAN_POINT ( 'NONE',  ( -0.7249999999999997600, 0.2000000000000000900, -0.8499999999999998700 ) ) ;
#1875 = EDGE_CURVE ( 'NONE', #3144, #1155, #2026, .T. ) ;
#1876 = EDGE_LOOP ( 'NONE', ( #2534, #566 ) ) ;
#1877 = CYLINDRICAL_SURFACE ( 'NONE', #1995, 0.1250000000000000000 ) ;
#1878 = CARTESIAN_POINT ( 'NONE',  ( 1.500000000000000200, 0.2000000000000000100, -0.8750000000000001100 ) ) ;
#1879 = VERTEX_POINT ( 'NONE', #542 ) ;
#1880 = LINE ( 'NONE', #429, #3102 ) ;
#1881 = EDGE_CURVE ( 'NONE', #127, #432, #2332, .T. ) ;
#1882 = DIRECTION ( 'NONE',  ( -0.0000000000000000000, -1.000000000000000000, -0.0000000000000000000 ) ) ;
#1883 =( NAMED_UNIT ( * ) SI_UNIT ( $, .STERADIAN. ) SOLID_ANGLE_UNIT ( ) );
#1884 = DIRECTION ( 'NONE',  ( 0.0000000000000000000, -1.000000000000000000, 0.0000000000000000000 ) ) ;
#1885 = ORIENTED_EDGE ( 'NONE', *, *, #2276, .F. ) ;
#1886 = VERTEX_POINT ( 'NONE', #351 ) ;
#1887 = CARTESIAN_POINT ( 'NONE',  ( 1.125000000000000200, 0.2000000000000000100, -0.8750000000000002200 ) ) ;
#1888 = DIRECTION ( 'NONE',  ( -1.000000000000000000, 0.0000000000000000000, -0.0000000000000000000 ) ) ;
#1889 = ORIENTED_EDGE ( 'NONE', *, *, #1975, .T. ) ;
#1890 = PLANE ( 'NONE',  #564 ) ;
#1891 = ORIENTED_EDGE ( 'NONE', *, *, #2709, .T. ) ;
#1892 = PLANE ( 'NONE',  #1455 ) ;
#1893 = EDGE_CURVE ( 'NONE', #2021, #1086, #2589, .T. ) ;
#1894 = CARTESIAN_POINT ( 'NONE',  ( -1.125000000000000200, 0.2000000000000000100, -0.7500000000000001100 ) ) ;
#1895 = CARTESIAN_POINT ( 'NONE',  ( -1.100000000000000300, 0.7500000000000000000, -1.100000000000000500 ) ) ;
#1896 = LINE ( 'NONE', #1908, #2886 ) ;
#1897 = PLANE ( 'NONE',  #445 ) ;
#1898 = CARTESIAN_POINT ( 'NONE',  ( 0.0000000000000000000, 0.05000000000000000300, 0.1249999999999998900 ) ) ;
#1899 = VECTOR ( 'NONE', #2173, 1000.000000000000000 ) ;
#1900 = VERTEX_POINT ( 'NONE', #3062 ) ;
#1901 = AXIS2_PLACEMENT_3D ( 'NONE', #496, #1992, #1026 ) ;
#1902 = DIRECTION ( 'NONE',  ( 1.586637325588543400E-016, 0.0000000000000000000, -1.000000000000000000 ) ) ;
#1903 = ORIENTED_EDGE ( 'NONE', *, *, #1488, .T. ) ;
#1904 = VECTOR ( 'NONE', #403, 1000.000000000000000 ) ;
#1905 = CARTESIAN_POINT ( 'NONE',  ( 0.7249999999999999800, 0.2000000000000000900, 1.200000000000000000 ) ) ;
#1906 = DIRECTION ( 'NONE',  ( 0.0000000000000000000, 1.000000000000000000, 0.0000000000000000000 ) ) ;
#1907 = ORIENTED_EDGE ( 'NONE', *, *, #515, .F. ) ;
#1908 = CARTESIAN_POINT ( 'NONE',  ( 1.125000000000000200, 0.2000000000000000100, -0.6250000000000001100 ) ) ;
#1909 = VERTEX_POINT ( 'NONE', #635 ) ;
#1910 = LINE ( 'NONE', #1824, #2896 ) ;
#1911 = EDGE_CURVE ( 'NONE', #742, #2274, #1980, .T. ) ;
#1912 = MANIFOLD_SOLID_BREP ( 'Pin 7', #1956 ) ;
#1913 = EDGE_LOOP ( 'NONE', ( #2183, #755, #616, #2544 ) ) ;
#1914 = DIRECTION ( 'NONE',  ( -1.000000000000000000, 0.0000000000000000000, 0.0000000000000000000 ) ) ;
#1915 = ADVANCED_FACE ( 'NONE', ( #32 ), #885, .F. ) ;
#1916 = DIRECTION ( 'NONE',  ( -0.0000000000000000000, -1.000000000000000000, -0.0000000000000000000 ) ) ;
#1917 = VECTOR ( 'NONE', #2080, 1000.000000000000000 ) ;
#1918 = VERTEX_POINT ( 'NONE', #487 ) ;
#1919 = CARTESIAN_POINT ( 'NONE',  ( -1.125000000000000200, 0.0000000000000000000, -0.2500000000000001100 ) ) ;
#1920 = EDGE_CURVE ( 'NONE', #1084, #691, #153, .T. ) ;
#1921 = LINE ( 'NONE', #909, #621 ) ;
#1922 = ORIENTED_EDGE ( 'NONE', *, *, #509, .T. ) ;
#1923 = DIRECTION ( 'NONE',  ( 0.0000000000000000000, -0.0000000000000000000, -1.000000000000000000 ) ) ;
#1924 = ORIENTED_EDGE ( 'NONE', *, *, #2654, .F. ) ;
#1925 = LINE ( 'NONE', #3047, #1298 ) ;
#1926 = CARTESIAN_POINT ( 'NONE',  ( 1.125000000000000200, 0.04999999999999999600, 0.6249999999999998900 ) ) ;
#1927 = ORIENTED_EDGE ( 'NONE', *, *, #1604, .T. ) ;
#1928 = ORIENTED_EDGE ( 'NONE', *, *, #979, .F. ) ;
#1929 = AXIS2_PLACEMENT_3D ( 'NONE', #1737, #22, #512 ) ;
#1930 = PLANE ( 'NONE',  #2295 ) ;
#1931 = CARTESIAN_POINT ( 'NONE',  ( -1.500000000000000200, 0.2000000000000000100, 0.8749999999999998900 ) ) ;
#1932 = ADVANCED_FACE ( 'NONE', ( #1278 ), #638, .F. ) ;
#1933 = CARTESIAN_POINT ( 'NONE',  ( 1.125000000000000200, 0.1999999999999999800, -0.3750000000000002200 ) ) ;
#1934 = VECTOR ( 'NONE', #1579, 1000.000000000000000 ) ;
#1935 = CARTESIAN_POINT ( 'NONE',  ( 1.500000000000000200, 0.7590169943749476300, 0.6249999999999998900 ) ) ;
#1936 = VECTOR ( 'NONE', #1552, 1000.000000000000000 ) ;
#1937 = EDGE_CURVE ( 'NONE', #1338, #2944, #1194, .T. ) ;
#1938 = VECTOR ( 'NONE', #889, 1000.000000000000000 ) ;
#1939 = CARTESIAN_POINT ( 'NONE',  ( -1.500000000000000200, 0.2000000000000000100, -0.6250000000000001100 ) ) ;
#1940 = FILL_AREA_STYLE ('',( #7 ) ) ;
#1941 = LINE ( 'NONE', #2164, #1979 ) ;
#1942 = SURFACE_STYLE_USAGE ( .BOTH. , #2444 ) ;
#1943 = DIRECTION ( 'NONE',  ( 0.0000000000000000000, -1.000000000000000000, 0.0000000000000000000 ) ) ;
#1944 = EDGE_CURVE ( 'NONE', #2445, #833, #540, .T. ) ;
#1945 = LINE ( 'NONE', #918, #1239 ) ;
#1946 = CARTESIAN_POINT ( 'NONE',  ( -1.500000000000000200, 5.842640687119285300, -1.500000000000000000 ) ) ;
#1947 = VECTOR ( 'NONE', #572, 1000.000000000000000 ) ;
#1948 = ORIENTED_EDGE ( 'NONE', *, *, #979, .T. ) ;
#1949 = ORIENTED_EDGE ( 'NONE', *, *, #1450, .F. ) ;
#1950 = CIRCLE ( 'NONE', #1518, 0.1250000000000000000 ) ;
#1951 = CARTESIAN_POINT ( 'NONE',  ( 1.500000000000000200, 0.7590169943749476300, -0.6250000000000001100 ) ) ;
#1952 = VERTEX_POINT ( 'NONE', #1703 ) ;
#1953 = DIRECTION ( 'NONE',  ( -1.586637325588543400E-016, 0.0000000000000000000, 1.000000000000000000 ) ) ;
#1954 = FACE_OUTER_BOUND ( 'NONE', #44, .T. ) ;
#1955 = CARTESIAN_POINT ( 'NONE',  ( 1.125000000000000200, 0.2000000000000000100, 0.2499999999999998900 ) ) ;
#1956 = CLOSED_SHELL ( 'NONE', ( #1915, #2415, #2252, #1015, #1833, #2711 ) ) ;
#1957 = LINE ( 'NONE', #2236, #2906 ) ;
#1958 = EDGE_CURVE ( 'NONE', #1879, #400, #2931, .T. ) ;
#1959 = ORIENTED_EDGE ( 'NONE', *, *, #1488, .F. ) ;
#1960 = FACE_OUTER_BOUND ( 'NONE', #1373, .T. ) ;
#1961 = DIRECTION ( 'NONE',  ( 0.0000000000000000000, 0.0000000000000000000, 1.000000000000000000 ) ) ;
#1962 = ORIENTED_EDGE ( 'NONE', *, *, #348, .T. ) ;
#1963 = ORIENTED_EDGE ( 'NONE', *, *, #2699, .T. ) ;
#1964 = CARTESIAN_POINT ( 'NONE',  ( -1.125000000000000200, 0.2000000000000000100, -0.1250000000000001100 ) ) ;
#1965 = FILL_AREA_STYLE ('',( #1031 ) ) ;
#1966 = ORIENTED_EDGE ( 'NONE', *, *, #339, .T. ) ;
#1967 = MECHANICAL_DESIGN_GEOMETRIC_PRESENTATION_REPRESENTATION (  '', ( #899 ), #232 ) ;
#1968 = DIRECTION ( 'NONE',  ( 0.0000000000000000000, 0.0000000000000000000, 1.000000000000000000 ) ) ;
#1969 = CARTESIAN_POINT ( 'NONE',  ( 1.125000000000000200, 0.0000000000000000000, -0.1250000000000001100 ) ) ;
#1970 =( NAMED_UNIT ( * ) SI_UNIT ( $, .STERADIAN. ) SOLID_ANGLE_UNIT ( ) );
#1971 = CARTESIAN_POINT ( 'NONE',  ( 0.7249999999999999800, 0.0000000000000000000, 1.200000000000000000 ) ) ;
#1972 = VECTOR ( 'NONE', #2625, 1000.000000000000000 ) ;
#1973 = ORIENTED_EDGE ( 'NONE', *, *, #2437, .F. ) ;
#1974 = PLANE ( 'NONE',  #2126 ) ;
#1975 = EDGE_CURVE ( 'NONE', #384, #3073, #78, .T. ) ;
#1976 = DIRECTION ( 'NONE',  ( 1.000000000000000000, 0.0000000000000000000, -7.228014483236695800E-017 ) ) ;
#1977 = CYLINDRICAL_SURFACE ( 'NONE', #264, 0.1250000000000000600 ) ;
#1978 = AXIS2_PLACEMENT_3D ( 'NONE', #57, #1767, #2012 ) ;
#1979 = VECTOR ( 'NONE', #2622, 1000.000000000000000 ) ;
#1980 = LINE ( 'NONE', #2335, #2889 ) ;
#1981 = CARTESIAN_POINT ( 'NONE',  ( 1.500000000000000200, 0.0000000000000000000, -0.1250000000000001100 ) ) ;
#1982 = ORIENTED_EDGE ( 'NONE', *, *, #423, .F. ) ;
#1983 = DIRECTION ( 'NONE',  ( 0.0000000000000000000, 0.0000000000000000000, -1.000000000000000000 ) ) ;
#1984 = VECTOR ( 'NONE', #2407, 1000.000000000000000 ) ;
#1985 = AXIS2_PLACEMENT_3D ( 'NONE', #1106, #1586, #2025 ) ;
#1986 = CARTESIAN_POINT ( 'NONE',  ( -1.500000000000000200, 0.7590169943749476300, -0.1250000000000001100 ) ) ;
#1987 = ORIENTED_EDGE ( 'NONE', *, *, #2185, .T. ) ;
#1988 = DIRECTION ( 'NONE',  ( 0.0000000000000000000, 1.000000000000000000, 0.0000000000000000000 ) ) ;
#1989 = ORIENTED_EDGE ( 'NONE', *, *, #746, .F. ) ;
#1990 = VECTOR ( 'NONE', #2463, 1000.000000000000000 ) ;
#1991 = EDGE_LOOP ( 'NONE', ( #2130, #101, #212, #2679 ) ) ;
#1992 = DIRECTION ( 'NONE',  ( 0.0000000000000000000, 1.000000000000000000, -0.0000000000000000000 ) ) ;
#1993 = CARTESIAN_POINT ( 'NONE',  ( 0.7250000000000002000, 3.004014978561990700, -1.200000000000000000 ) ) ;
#1994 = FACE_OUTER_BOUND ( 'NONE', #2319, .T. ) ;
#1995 = AXIS2_PLACEMENT_3D ( 'NONE', #735, #1017, #1485 ) ;
#1996 = ORIENTED_EDGE ( 'NONE', *, *, #160, .F. ) ;
#1997 = DIRECTION ( 'NONE',  ( -0.0000000000000000000, -1.000000000000000000, -0.0000000000000000000 ) ) ;
#1998 = CARTESIAN_POINT ( 'NONE',  ( 1.125000000000000200, 0.2000000000000000100, 0.2499999999999998900 ) ) ;
#1999 = LINE ( 'NONE', #2573, #1590 ) ;
#2000 = ORIENTED_EDGE ( 'NONE', *, *, #2765, .T. ) ;
#2001 = CARTESIAN_POINT ( 'NONE',  ( -1.125000000000000200, 0.04999999999999999600, 0.2499999999999998900 ) ) ;
#2002 = VERTEX_POINT ( 'NONE', #3076 ) ;
#2003 = EDGE_CURVE ( 'NONE', #1846, #400, #1356, .T. ) ;
#2004 =( NAMED_UNIT ( * ) PLANE_ANGLE_UNIT ( ) SI_UNIT ( $, .RADIAN. ) );
#2005 = VECTOR ( 'NONE', #90, 1000.000000000000000 ) ;
#2006 = CARTESIAN_POINT ( 'NONE',  ( 1.125000000000000200, 0.2000000000000002100, -0.3750000000000001100 ) ) ;
#2007 = ORIENTED_EDGE ( 'NONE', *, *, #2305, .F. ) ;
#2008 = ORIENTED_EDGE ( 'NONE', *, *, #2594, .F. ) ;
#2009 = DIRECTION ( 'NONE',  ( 0.0000000000000000000, 1.000000000000000000, 0.0000000000000000000 ) ) ;
#2010 = EDGE_CURVE ( 'NONE', #710, #1082, #610, .T. ) ;
#2011 = EDGE_CURVE ( 'NONE', #2113, #1186, #1686, .T. ) ;
#2012 = DIRECTION ( 'NONE',  ( 0.0000000000000000000, 0.0000000000000000000, 1.000000000000000000 ) ) ;
#2013 = ADVANCED_FACE ( 'NONE', ( #1392 ), #1001, .F. ) ;
#2014 = CARTESIAN_POINT ( 'NONE',  ( 0.7249999999999999800, 3.004014978561990700, 1.200000000000000000 ) ) ;
#2015 = AXIS2_PLACEMENT_3D ( 'NONE', #1087, #2981, #3001 ) ;
#2016 = PLANE ( 'NONE',  #1482 ) ;
#2017 = DIRECTION ( 'NONE',  ( 0.0000000000000000000, 1.000000000000000000, 0.0000000000000000000 ) ) ;
#2018 = ORIENTED_EDGE ( 'NONE', *, *, #1546, .F. ) ;
#2019 = FACE_OUTER_BOUND ( 'NONE', #3143, .T. ) ;
#2020 = CARTESIAN_POINT ( 'NONE',  ( -1.500000000000000200, 0.7590169943749476300, -0.3750000000000001100 ) ) ;
#2021 = VERTEX_POINT ( 'NONE', #983 ) ;
#2022 = EDGE_CURVE ( 'NONE', #363, #1487, #1317, .T. ) ;
#2023 = VECTOR ( 'NONE', #376, 1000.000000000000000 ) ;
#2024 = DIRECTION ( 'NONE',  ( 0.0000000000000000000, 1.000000000000000000, 0.0000000000000000000 ) ) ;
#2025 = DIRECTION ( 'NONE',  ( 9.035018104045871900E-017, 0.0000000000000000000, -1.000000000000000000 ) ) ;
#2026 = CIRCLE ( 'NONE', #617, 0.1999999999999999800 ) ;
#2027 = CARTESIAN_POINT ( 'NONE',  ( -1.125000000000000200, 0.2000000000000000100, 0.2499999999999998900 ) ) ;
#2028 = VECTOR ( 'NONE', #1806, 1000.000000000000000 ) ;
#2029 = ORIENTED_EDGE ( 'NONE', *, *, #2567, .F. ) ;
#2030 = VECTOR ( 'NONE', #1406, 1000.000000000000000 ) ;
#2031 = CARTESIAN_POINT ( 'NONE',  ( -1.125000000000000200, 0.2000000000000000100, -0.7500000000000001100 ) ) ;
#2032 = VERTEX_POINT ( 'NONE', #689 ) ;
#2033 = AXIS2_PLACEMENT_3D ( 'NONE', #31, #2248, #2964 ) ;
#2034 = FACE_OUTER_BOUND ( 'NONE', #386, .T. ) ;
#2035 = DIRECTION ( 'NONE',  ( -0.0000000000000000000, -0.0000000000000000000, 1.000000000000000000 ) ) ;
#2036 = ORIENTED_EDGE ( 'NONE', *, *, #471, .F. ) ;
#2037 = LINE ( 'NONE', #10, #2419 ) ;
#2038 = ORIENTED_EDGE ( 'NONE', *, *, #2420, .T. ) ;
#2039 = SURFACE_STYLE_FILL_AREA ( #1625 ) ;
#2040 = ORIENTED_EDGE ( 'NONE', *, *, #412, .T. ) ;
#2041 = PRODUCT_RELATED_PRODUCT_CATEGORY ( 'part', '', ( #655 ) ) ;
#2042 = ORIENTED_EDGE ( 'NONE', *, *, #80, .T. ) ;
#2043 = DIRECTION ( 'NONE',  ( 0.0000000000000000000, -0.0000000000000000000, 1.000000000000000000 ) ) ;
#2044 = AXIS2_PLACEMENT_3D ( 'NONE', #12, #1726, #261 ) ;
#2045 = VERTEX_POINT ( 'NONE', #2900 ) ;
#2046 = DIRECTION ( 'NONE',  ( 1.000000000000000000, 0.0000000000000000000, 2.891205793294677800E-016 ) ) ;
#2047 = EDGE_CURVE ( 'NONE', #1246, #1900, #3118, .T. ) ;
#2048 = LINE ( 'NONE', #2780, #2321 ) ;
#2049 = ORIENTED_EDGE ( 'NONE', *, *, #717, .F. ) ;
#2050 = ADVANCED_FACE ( 'NONE', ( #2552 ), #435, .F. ) ;
#2051 = LINE ( 'NONE', #1049, #760 ) ;
#2052 = VERTEX_POINT ( 'NONE', #3137 ) ;
#2053 = UNCERTAINTY_MEASURE_WITH_UNIT (LENGTH_MEASURE( 1.000000000000000100E-005 ), #2352, 'distance_accuracy_value', 'NONE');
#2054 = VECTOR ( 'NONE', #1447, 1000.000000000000000 ) ;
#2055 = CARTESIAN_POINT ( 'NONE',  ( -0.7249999999999997600, 0.05000000000000012800, -0.8499999999999998700 ) ) ;
#2056 = FACE_OUTER_BOUND ( 'NONE', #1203, .T. ) ;
#2057 = DIRECTION ( 'NONE',  ( 0.0000000000000000000, 1.000000000000000000, -0.0000000000000000000 ) ) ;
#2058 = EDGE_CURVE ( 'NONE', #941, #2045, #2213, .T. ) ;
#2059 = DIRECTION ( 'NONE',  ( 0.0000000000000000000, -1.000000000000000000, 0.0000000000000000000 ) ) ;
#2060 = ORIENTED_EDGE ( 'NONE', *, *, #1850, .F. ) ;
#2061 = CYLINDRICAL_SURFACE ( 'NONE', #2523, 0.1250000000000000000 ) ;
#2062 = ORIENTED_EDGE ( 'NONE', *, *, #539, .F. ) ;
#2063 = VERTEX_POINT ( 'NONE', #951 ) ;
#2064 = DIRECTION ( 'NONE',  ( 0.0000000000000000000, 0.0000000000000000000, -1.000000000000000000 ) ) ;
#2065 = VECTOR ( 'NONE', #1492, 1000.000000000000000 ) ;
#2066 = ORIENTED_EDGE ( 'NONE', *, *, #2852, .T. ) ;
#2067 = VECTOR ( 'NONE', #120, 1000.000000000000000 ) ;
#2068 = EDGE_CURVE ( 'NONE', #754, #2710, #1941, .T. ) ;
#2069 = ORIENTED_EDGE ( 'NONE', *, *, #1623, .T. ) ;
#2070 = FACE_OUTER_BOUND ( 'NONE', #1617, .T. ) ;
#2071 = DIRECTION ( 'NONE',  ( -0.0000000000000000000, -1.000000000000000000, -0.0000000000000000000 ) ) ;
#2072 = ORIENTED_EDGE ( 'NONE', *, *, #677, .F. ) ;
#2073 = ORIENTED_EDGE ( 'NONE', *, *, #3083, .F. ) ;
#2074 = VECTOR ( 'NONE', #740, 1000.000000000000000 ) ;
#2075 = CARTESIAN_POINT ( 'NONE',  ( -1.125000000000000200, 0.2000000000000000100, 0.7499999999999998900 ) ) ;
#2076 = DIRECTION ( 'NONE',  ( -0.0000000000000000000, -1.000000000000000000, 0.0000000000000000000 ) ) ;
#2077 = ORIENTED_EDGE ( 'NONE', *, *, #1753, .F. ) ;
#2078 = EDGE_CURVE ( 'NONE', #2834, #2693, #2093, .T. ) ;
#2079 = ORIENTED_EDGE ( 'NONE', *, *, #2699, .F. ) ;
#2080 = DIRECTION ( 'NONE',  ( 0.0000000000000000000, -1.000000000000000000, 0.0000000000000000000 ) ) ;
#2081 = ADVANCED_FACE ( 'NONE', ( #265 ), #1892, .T. ) ;
#2082 = AXIS2_PLACEMENT_3D ( 'NONE', #377, #96, #2046 ) ;
#2083 = ORIENTED_EDGE ( 'NONE', *, *, #306, .F. ) ;
#2084 = DIRECTION ( 'NONE',  ( -2.891205793294677800E-016, 0.0000000000000000000, 1.000000000000000000 ) ) ;
#2085 = EDGE_CURVE ( 'NONE', #3021, #1348, #1468, .T. ) ;
#2086 = DIRECTION ( 'NONE',  ( 1.000000000000000000, -0.0000000000000000000, -7.228014483236695800E-017 ) ) ;
#2087 = PLANE ( 'NONE',  #599 ) ;
#2088 = AXIS2_PLACEMENT_3D ( 'NONE', #1508, #1988, #2480 ) ;
#2089 = ORIENTED_EDGE ( 'NONE', *, *, #2813, .F. ) ;
#2090 = DIRECTION ( 'NONE',  ( 0.0000000000000000000, 1.000000000000000000, 0.0000000000000000000 ) ) ;
#2091 = VECTOR ( 'NONE', #2361, 1000.000000000000000 ) ;
#2092 = CARTESIAN_POINT ( 'NONE',  ( 0.7249999999999999800, 0.2000000000000000900, 1.200000000000000000 ) ) ;
#2093 = LINE ( 'NONE', #705, #1899 ) ;
#2094 = CARTESIAN_POINT ( 'NONE',  ( -1.100000000000000300, 0.7500000000000000000, -0.9000000000000004700 ) ) ;
#2095 = CARTESIAN_POINT ( 'NONE',  ( -1.500000000000000200, 0.7590169943749476300, -0.6250000000000001100 ) ) ;
#2096 = AXIS2_PLACEMENT_3D ( 'NONE', #2730, #793, #869 ) ;
#2097 = PLANE ( 'NONE',  #274 ) ;
#2098 = FILL_AREA_STYLE ('',( #369 ) ) ;
#2099 = CARTESIAN_POINT ( 'NONE',  ( 1.500000000000000200, 0.7590169943749476300, 0.8749999999999998900 ) ) ;
#2100 = VECTOR ( 'NONE', #3031, 1000.000000000000000 ) ;
#2101 = PLANE ( 'NONE',  #2991 ) ;
#2102 = EDGE_CURVE ( 'NONE', #2222, #1458, #1823, .T. ) ;
#2103 = ORIENTED_EDGE ( 'NONE', *, *, #1875, .F. ) ;
#2104 = VECTOR ( 'NONE', #2779, 1000.000000000000000 ) ;
#2105 = VERTEX_POINT ( 'NONE', #523 ) ;
#2106 = CARTESIAN_POINT ( 'NONE',  ( -1.499999999999999800, 5.842640687119285300, 1.500000000000000000 ) ) ;
#2107 = LINE ( 'NONE', #1429, #3129 ) ;
#2108 = EDGE_CURVE ( 'NONE', #2445, #2222, #2702, .T. ) ;
#2109 = ORIENTED_EDGE ( 'NONE', *, *, #690, .F. ) ;
#2110 = PRODUCT_DEFINITION_CONTEXT ( 'detailed design', #3067, 'design' ) ;
#2111 = FACE_OUTER_BOUND ( 'NONE', #2599, .T. ) ;
#2112 = MANIFOLD_SOLID_BREP ( 'Pin 6', #2750 ) ;
#2113 = VERTEX_POINT ( 'NONE', #231 ) ;
#2114 = CARTESIAN_POINT ( 'NONE',  ( 1.500000000000000200, 0.0000000000000000000, 0.8749999999999998900 ) ) ;
#2115 = CARTESIAN_POINT ( 'NONE',  ( 1.125000000000000200, 0.2000000000000002100, -0.1250000000000001100 ) ) ;
#2116 = ADVANCED_FACE ( 'NONE', ( #2477, #1683 ), #45, .F. ) ;
#2117 = DIRECTION ( 'NONE',  ( 0.0000000000000000000, 1.000000000000000000, 0.0000000000000000000 ) ) ;
#2118 = ADVANCED_FACE ( 'NONE', ( #224 ), #2507, .F. ) ;
#2119 = DIRECTION ( 'NONE',  ( 1.000000000000000000, -0.0000000000000000000, 0.0000000000000000000 ) ) ;
#2120 = CLOSED_SHELL ( 'NONE', ( #2309, #237, #1460, #892, #2684, #2289 ) ) ;
#2121 = ORIENTED_EDGE ( 'NONE', *, *, #1568, .T. ) ;
#2122 = EDGE_CURVE ( 'NONE', #1107, #833, #1431, .T. ) ;
#2123 = ORIENTED_EDGE ( 'NONE', *, *, #948, .F. ) ;
#2124 = CARTESIAN_POINT ( 'NONE',  ( 1.125000000000000200, 0.2000000000000002100, -0.6250000000000001100 ) ) ;
#2125 = CARTESIAN_POINT ( 'NONE',  ( 1.125000000000000200, 0.0000000000000000000, -0.1250000000000001100 ) ) ;
#2126 = AXIS2_PLACEMENT_3D ( 'NONE', #1504, #2943, #259 ) ;
#2127 = SURFACE_SIDE_STYLE ('',( #2039 ) ) ;
#2128 = DIRECTION ( 'NONE',  ( -0.0000000000000000000, -1.000000000000000000, -0.0000000000000000000 ) ) ;
#2129 = LINE ( 'NONE', #1782, #1498 ) ;
#2130 = ORIENTED_EDGE ( 'NONE', *, *, #80, .F. ) ;
#2131 = FACE_OUTER_BOUND ( 'NONE', #3055, .T. ) ;
#2132 = DIRECTION ( 'NONE',  ( 0.0000000000000000000, -1.000000000000000000, 0.0000000000000000000 ) ) ;
#2133 = VECTOR ( 'NONE', #1226, 1000.000000000000000 ) ;
#2134 = CARTESIAN_POINT ( 'NONE',  ( 1.500000000000000200, 0.2000000000000000100, -0.8750000000000001100 ) ) ;
#2135 = LINE ( 'NONE', #603, #112 ) ;
#2136 = PLANE ( 'NONE',  #686 ) ;
#2137 = CARTESIAN_POINT ( 'NONE',  ( -1.125000000000000200, 0.7590169943749476300, -0.1250000000000001100 ) ) ;
#2138 = EDGE_CURVE ( 'NONE', #510, #2192, #3045, .T. ) ;
#2139 = CARTESIAN_POINT ( 'NONE',  ( -1.125000000000000200, 0.1999999999999999800, 0.2499999999999998900 ) ) ;
#2140 = ADVANCED_FACE ( 'NONE', ( #2662 ), #2756, .F. ) ;
#2141 = VECTOR ( 'NONE', #229, 1000.000000000000000 ) ;
#2142 = DIRECTION ( 'NONE',  ( 0.0000000000000000000, 1.000000000000000000, 0.0000000000000000000 ) ) ;
#2143 = ORIENTED_EDGE ( 'NONE', *, *, #2068, .F. ) ;
#2144 = ORIENTED_EDGE ( 'NONE', *, *, #2500, .F. ) ;
#2145 = CARTESIAN_POINT ( 'NONE',  ( 1.125000000000000200, 0.0000000000000000000, -0.6250000000000001100 ) ) ;
#2146 = FACE_OUTER_BOUND ( 'NONE', #775, .T. ) ;
#2147 = ORIENTED_EDGE ( 'NONE', *, *, #598, .F. ) ;
#2148 = ORIENTED_EDGE ( 'NONE', *, *, #973, .T. ) ;
#2149 = VECTOR ( 'NONE', #2059, 1000.000000000000000 ) ;
#2150 = PLANE ( 'NONE',  #2424 ) ;
#2151 = VERTEX_POINT ( 'NONE', #2006 ) ;
#2152 = CARTESIAN_POINT ( 'NONE',  ( 1.125000000000000200, 0.7590169943749476300, -0.8750000000000002200 ) ) ;
#2153 = AXIS2_PLACEMENT_3D ( 'NONE', #2860, #1710, #244 ) ;
#2154 = VERTEX_POINT ( 'NONE', #1770 ) ;
#2155 = LINE ( 'NONE', #2202, #1063 ) ;
#2156 = ORIENTED_EDGE ( 'NONE', *, *, #151, .F. ) ;
#2157 = VERTEX_POINT ( 'NONE', #2261 ) ;
#2158 = ADVANCED_FACE ( 'NONE', ( #848 ), #74, .F. ) ;
#2159 = DIRECTION ( 'NONE',  ( 0.0000000000000000000, -1.000000000000000000, 0.0000000000000000000 ) ) ;
#2160 = DIRECTION ( 'NONE',  ( 0.0000000000000000000, 0.0000000000000000000, -1.000000000000000000 ) ) ;
#2161 = ORIENTED_EDGE ( 'NONE', *, *, #2276, .T. ) ;
#2162 = AXIS2_PLACEMENT_3D ( 'NONE', #1751, #2475, #2687 ) ;
#2163 = PLANE ( 'NONE',  #2901 ) ;
#2164 = CARTESIAN_POINT ( 'NONE',  ( 1.500000000000000200, 0.2000000000000000100, -0.1250000000000001100 ) ) ;
#2165 = EDGE_CURVE ( 'NONE', #2454, #432, #454, .T. ) ;
#2166 = COLOUR_RGB ( '',0.7921568627450980000, 0.8196078431372548800, 0.9333333333333333500 ) ;
#2167 = DIRECTION ( 'NONE',  ( 0.0000000000000000000, 0.0000000000000000000, -1.000000000000000000 ) ) ;
#2168 = CARTESIAN_POINT ( 'NONE',  ( -1.125000000000000200, 0.0000000000000000000, -0.7500000000000001100 ) ) ;
#2169 = CARTESIAN_POINT ( 'NONE',  ( 1.125000000000000200, 0.7590169943749476300, 0.8749999999999998900 ) ) ;
#2170 = LINE ( 'NONE', #1411, #995 ) ;
#2171 = DIRECTION ( 'NONE',  ( -1.000000000000000000, 0.0000000000000000000, 0.0000000000000000000 ) ) ;
#2172 = EDGE_CURVE ( 'NONE', #2405, #3063, #1645, .T. ) ;
#2173 = DIRECTION ( 'NONE',  ( 1.445602896647339200E-016, 0.0000000000000000000, 1.000000000000000000 ) ) ;
#2174 = EDGE_CURVE ( 'NONE', #1656, #233, #608, .T. ) ;
#2175 = CIRCLE ( 'NONE', #1557, 0.1999999999999999800 ) ;
#2176 = AXIS2_PLACEMENT_3D ( 'NONE', #2850, #2090, #2383 ) ;
#2177 = CARTESIAN_POINT ( 'NONE',  ( -1.500000000000000200, 0.2000000000000000100, -0.1250000000000001100 ) ) ;
#2178 = LINE ( 'NONE', #2543, #576 ) ;
#2179 =( LENGTH_UNIT ( ) NAMED_UNIT ( * ) SI_UNIT ( .MILLI., .METRE. ) );
#2180 = DIRECTION ( 'NONE',  ( 0.0000000000000000000, -1.000000000000000000, 0.0000000000000000000 ) ) ;
#2181 = ORIENTED_EDGE ( 'NONE', *, *, #1757, .T. ) ;
#2182 = CARTESIAN_POINT ( 'NONE',  ( -1.500000000000000200, 0.0000000000000000000, 0.3749999999999998900 ) ) ;
#2183 = ORIENTED_EDGE ( 'NONE', *, *, #2891, .F. ) ;
#2184 = COLOUR_RGB ( '',0.7921568627450980000, 0.8196078431372548800, 0.9333333333333333500 ) ;
#2185 = EDGE_CURVE ( 'NONE', #87, #1799, #1540, .T. ) ;
#2186 = EDGE_LOOP ( 'NONE', ( #273, #1826, #939, #2161 ) ) ;
#2187 = DIRECTION ( 'NONE',  ( 1.000000000000000000, 0.0000000000000000000, -0.0000000000000000000 ) ) ;
#2188 = FACE_OUTER_BOUND ( 'NONE', #1852, .T. ) ;
#2189 = VERTEX_POINT ( 'NONE', #633 ) ;
#2190 = DIRECTION ( 'NONE',  ( 1.000000000000000000, -0.0000000000000000000, 0.0000000000000000000 ) ) ;
#2191 = LINE ( 'NONE', #1905, #1408 ) ;
#2192 = VERTEX_POINT ( 'NONE', #1808 ) ;
#2193 = DIRECTION ( 'NONE',  ( 1.000000000000000000, 0.0000000000000000000, 0.0000000000000000000 ) ) ;
#2194 = VECTOR ( 'NONE', #2989, 1000.000000000000000 ) ;
#2195 = FILL_AREA_STYLE_COLOUR ( '', #498 ) ;
#2196 = PLANE ( 'NONE',  #2044 ) ;
#2197 = ORIENTED_EDGE ( 'NONE', *, *, #218, .F. ) ;
#2198 = ORIENTED_EDGE ( 'NONE', *, *, #1218, .T. ) ;
#2199 = VERTEX_POINT ( 'NONE', #1138 ) ;
#2200 =( LENGTH_UNIT ( ) NAMED_UNIT ( * ) SI_UNIT ( .MILLI., .METRE. ) );
#2201 = SURFACE_SIDE_STYLE ('',( #1428 ) ) ;
#2202 = CARTESIAN_POINT ( 'NONE',  ( 1.125000000000000200, 0.7590169943749476300, -0.3750000000000001100 ) ) ;
#2203 = CARTESIAN_POINT ( 'NONE',  ( -1.500000000000000200, 0.2000000000000000100, -0.1250000000000001100 ) ) ;
#2204 = ADVANCED_FACE ( 'NONE', ( #2056 ), #3022, .F. ) ;
#2205 = VECTOR ( 'NONE', #2905, 1000.000000000000000 ) ;
#2206 = ORIENTED_EDGE ( 'NONE', *, *, #2621, .T. ) ;
#2207 = EDGE_CURVE ( 'NONE', #2234, #1665, #1506, .T. ) ;
#2208 = LINE ( 'NONE', #881, #2091 ) ;
#2209 = CARTESIAN_POINT ( 'NONE',  ( -1.500000000000000200, 0.0000000000000000000, 0.8749999999999998900 ) ) ;
#2210 = SURFACE_SIDE_STYLE ('',( #2359 ) ) ;
#2211 = VECTOR ( 'NONE', #2128, 1000.000000000000000 ) ;
#2212 = EDGE_CURVE ( 'NONE', #478, #3033, #2135, .T. ) ;
#2213 = LINE ( 'NONE', #1657, #922 ) ;
#2214 = CARTESIAN_POINT ( 'NONE',  ( 1.125000000000000200, 0.0000000000000000000, -0.7500000000000001100 ) ) ;
#2215 = FACE_OUTER_BOUND ( 'NONE', #640, .T. ) ;
#2216 = CARTESIAN_POINT ( 'NONE',  ( 1.500000000000000200, 0.1999999999999999800, 0.8749999999999998900 ) ) ;
#2217 = DIRECTION ( 'NONE',  ( -1.000000000000000000, -0.0000000000000000000, -0.0000000000000000000 ) ) ;
#2218 = VECTOR ( 'NONE', #1836, 1000.000000000000000 ) ;
#2219 = CARTESIAN_POINT ( 'NONE',  ( -1.500000000000000200, 0.1999999999999999800, 0.3749999999999998900 ) ) ;
#2220 = ORIENTED_EDGE ( 'NONE', *, *, #1208, .T. ) ;
#2221 = ADVANCED_FACE ( 'NONE', ( #764 ), #2576, .F. ) ;
#2222 = VERTEX_POINT ( 'NONE', #2347 ) ;
#2223 = PLANE ( 'NONE',  #2162 ) ;
#2224 = LINE ( 'NONE', #2960, #935 ) ;
#2225 = VERTEX_POINT ( 'NONE', #1126 ) ;
#2226 = LINE ( 'NONE', #2879, #2826 ) ;
#2227 = EDGE_CURVE ( 'NONE', #342, #2021, #2967, .T. ) ;
#2228 = DIRECTION ( 'NONE',  ( 9.035018104045871900E-017, 0.0000000000000000000, -1.000000000000000000 ) ) ;
#2229 = ORIENTED_EDGE ( 'NONE', *, *, #2852, .F. ) ;
#2230 = CIRCLE ( 'NONE', #1404, 0.1250000000000000000 ) ;
#2231 = AXIS2_PLACEMENT_3D ( 'NONE', #144, #1396, #2330 ) ;
#2232 = ORIENTED_EDGE ( 'NONE', *, *, #1655, .T. ) ;
#2233 =( LENGTH_UNIT ( ) NAMED_UNIT ( * ) SI_UNIT ( .MILLI., .METRE. ) );
#2234 = VERTEX_POINT ( 'NONE', #860 ) ;
#2235 = LINE ( 'NONE', #3157, #2074 ) ;
#2236 = CARTESIAN_POINT ( 'NONE',  ( -1.500000000000000200, 0.0000000000000000000, -0.1250000000000001100 ) ) ;
#2237 = PLANE ( 'NONE',  #2838 ) ;
#2238 = ORIENTED_EDGE ( 'NONE', *, *, #1055, .F. ) ;
#2239 =( NAMED_UNIT ( * ) SI_UNIT ( $, .STERADIAN. ) SOLID_ANGLE_UNIT ( ) );
#2240 = FILL_AREA_STYLE ('',( #2472 ) ) ;
#2241 = DIRECTION ( 'NONE',  ( -0.0000000000000000000, -1.000000000000000000, 0.0000000000000000000 ) ) ;
#2242 = CARTESIAN_POINT ( 'NONE',  ( -1.500000000000000200, 0.1999999999999999800, -0.1250000000000001100 ) ) ;
#2243 = CARTESIAN_POINT ( 'NONE',  ( 0.7249999999999999800, 3.004014978561990700, 1.200000000000000000 ) ) ;
#2244 = DIRECTION ( 'NONE',  ( -0.0000000000000000000, 0.0000000000000000000, 1.000000000000000000 ) ) ;
#2245 = EDGE_CURVE ( 'NONE', #1051, #443, #2328, .T. ) ;
#2246 = ORIENTED_EDGE ( 'NONE', *, *, #1689, .T. ) ;
#2247 = PLANE ( 'NONE',  #1349 ) ;
#2248 = DIRECTION ( 'NONE',  ( 0.0000000000000000000, 1.000000000000000000, 0.0000000000000000000 ) ) ;
#2249 = FACE_OUTER_BOUND ( 'NONE', #522, .T. ) ;
#2250 = EDGE_CURVE ( 'NONE', #254, #392, #1114, .T. ) ;
#2251 = VECTOR ( 'NONE', #128, 1000.000000000000000 ) ;
#2252 = ADVANCED_FACE ( 'NONE', ( #2249 ), #1371, .F. ) ;
#2253 = PLANE ( 'NONE',  #2266 ) ;
#2254 = CARTESIAN_POINT ( 'NONE',  ( -1.500000000000000200, 0.04999999999999999600, -0.6250000000000001100 ) ) ;
#2255 = EDGE_LOOP ( 'NONE', ( #206, #1587, #2859, #2571, #2450, #3011, #54, #1835, #1147, #488, #1378, #1059, #3081, #434, #2667, #915, #1151, #1809, #140, #1452, #1011, #418, #2504, #1670, #2072, #2685, #5, #2260, #945, #2587, #2379, #2747, #328, #2642, #2073, #21 ) ) ;
#2256 = FACE_OUTER_BOUND ( 'NONE', #878, .T. ) ;
#2257 = CARTESIAN_POINT ( 'NONE',  ( 1.500000000000000200, 0.2000000000000000100, -0.3750000000000001100 ) ) ;
#2258 = ORIENTED_EDGE ( 'NONE', *, *, #826, .T. ) ;
#2259 = CARTESIAN_POINT ( 'NONE',  ( 1.500000000000000200, 0.8000000000000003800, 1.499999999999999800 ) ) ;
#2260 = ORIENTED_EDGE ( 'NONE', *, *, #852, .F. ) ;
#2261 = CARTESIAN_POINT ( 'NONE',  ( 1.500000000000000200, 0.2000000000000000100, 0.6249999999999998900 ) ) ;
#2262 = EDGE_LOOP ( 'NONE', ( #205, #84, #2832, #1337 ) ) ;
#2263 = DIRECTION ( 'NONE',  ( 0.0000000000000000000, 0.0000000000000000000, 1.000000000000000000 ) ) ;
#2264 = DIRECTION ( 'NONE',  ( 0.0000000000000000000, 0.0000000000000000000, -1.000000000000000000 ) ) ;
#2265 = FACE_OUTER_BOUND ( 'NONE', #2880, .T. ) ;
#2266 = AXIS2_PLACEMENT_3D ( 'NONE', #554, #1038, #1601 ) ;
#2267 = VERTEX_POINT ( 'NONE', #2363 ) ;
#2268 = COLOUR_RGB ( '',0.7921568627450980000, 0.8196078431372548800, 0.9333333333333333500 ) ;
#2269 = CLOSED_SHELL ( 'NONE', ( #1713, #1199, #2221, #1185, #3121, #595 ) ) ;
#2270 = PLANE ( 'NONE',  #1175 ) ;
#2271 = EDGE_CURVE ( 'NONE', #3016, #211, #1606, .T. ) ;
#2272 = VECTOR ( 'NONE', #1558, 1000.000000000000000 ) ;
#2273 =( LENGTH_UNIT ( ) NAMED_UNIT ( * ) SI_UNIT ( .MILLI., .METRE. ) );
#2274 = VERTEX_POINT ( 'NONE', #440 ) ;
#2275 = EDGE_CURVE ( 'NONE', #3144, #2992, #1112, .T. ) ;
#2276 = EDGE_CURVE ( 'NONE', #2538, #2693, #1149, .T. ) ;
#2277 = CARTESIAN_POINT ( 'NONE',  ( 1.125000000000000200, 0.0000000000000000000, 0.1249999999999998900 ) ) ;
#2278 = SURFACE_STYLE_USAGE ( .BOTH. , #93 ) ;
#2279 = AXIS2_PLACEMENT_3D ( 'NONE', #299, #2799, #1355 ) ;
#2280 = DIRECTION ( 'NONE',  ( 1.000000000000000000, -0.0000000000000000000, 0.0000000000000000000 ) ) ;
#2281 = CYLINDRICAL_SURFACE ( 'NONE', #1090, 0.1999999999999999800 ) ;
#2282 = FACE_OUTER_BOUND ( 'NONE', #950, .T. ) ;
#2283 = EDGE_CURVE ( 'NONE', #1513, #249, #1313, .T. ) ;
#2284 = LINE ( 'NONE', #2591, #1272 ) ;
#2285 = CARTESIAN_POINT ( 'NONE',  ( 1.499999999999999800, 5.842640687119285300, -1.500000000000000400 ) ) ;
#2286 = AXIS2_PLACEMENT_3D ( 'NONE', #1312, #2057, #2512 ) ;
#2287 = VECTOR ( 'NONE', #455, 1000.000000000000000 ) ;
#2288 = FACE_OUTER_BOUND ( 'NONE', #2755, .T. ) ;
#2289 = ADVANCED_FACE ( 'NONE', ( #2519 ), #2619, .T. ) ;
#2290 = ORIENTED_EDGE ( 'NONE', *, *, #320, .F. ) ;
#2291 = VECTOR ( 'NONE', #1241, 1000.000000000000000 ) ;
#2292 = DIRECTION ( 'NONE',  ( 0.0000000000000000000, 1.000000000000000000, 0.0000000000000000000 ) ) ;
#2293 = VERTEX_POINT ( 'NONE', #1166 ) ;
#2294 = ORIENTED_EDGE ( 'NONE', *, *, #2207, .F. ) ;
#2295 = AXIS2_PLACEMENT_3D ( 'NONE', #1894, #1471, #2391 ) ;
#2296 = VECTOR ( 'NONE', #2217, 1000.000000000000000 ) ;
#2297 = CARTESIAN_POINT ( 'NONE',  ( -0.7249999999999997600, 3.004014978561990700, -0.8499999999999998700 ) ) ;
#2298 = CARTESIAN_POINT ( 'NONE',  ( 1.500000000000000200, 0.0000000000000000000, 0.1249999999999998900 ) ) ;
#2299 = EDGE_LOOP ( 'NONE', ( #2957, #1922, #1760, #1056 ) ) ;
#2300 = DIRECTION ( 'NONE',  ( 1.000000000000000000, 0.0000000000000000000, -1.445602896647339200E-016 ) ) ;
#2301 = LINE ( 'NONE', #2704, #511 ) ;
#2302 = ORIENTED_EDGE ( 'NONE', *, *, #2664, .T. ) ;
#2303 = DIRECTION ( 'NONE',  ( 0.0000000000000000000, -0.0000000000000000000, 1.000000000000000000 ) ) ;
#2304 = LINE ( 'NONE', #3154, #1210 ) ;
#2305 = EDGE_CURVE ( 'NONE', #2529, #1656, #1861, .T. ) ;
#2306 = ORIENTED_EDGE ( 'NONE', *, *, #3098, .T. ) ;
#2307 = CARTESIAN_POINT ( 'NONE',  ( 1.125000000000000200, 0.2000000000000000100, 0.3749999999999998900 ) ) ;
#2308 = DIRECTION ( 'NONE',  ( 0.0000000000000000000, 1.000000000000000000, 0.0000000000000000000 ) ) ;
#2309 = ADVANCED_FACE ( 'NONE', ( #919 ), #1897, .F. ) ;
#2310 = ORIENTED_EDGE ( 'NONE', *, *, #2781, .T. ) ;
#2311 = LINE ( 'NONE', #2998, #2194 ) ;
#2312 = CARTESIAN_POINT ( 'NONE',  ( 1.125000000000000200, 0.2000000000000000100, -0.1250000000000001100 ) ) ;
#2313 = EDGE_CURVE ( 'NONE', #2529, #2926, #1189, .T. ) ;
#2314 = CARTESIAN_POINT ( 'NONE',  ( -1.500000000000000200, 0.7590169943749476300, -0.3750000000000001100 ) ) ;
#2315 = CARTESIAN_POINT ( 'NONE',  ( 1.500000000000000200, 0.7590169943749476300, -0.3750000000000001100 ) ) ;
#2316 = ORIENTED_EDGE ( 'NONE', *, *, #842, .T. ) ;
#2317 = DIRECTION ( 'NONE',  ( -0.7071067811865475700, 0.0000000000000000000, -0.7071067811865474600 ) ) ;
#2318 = DIRECTION ( 'NONE',  ( -1.000000000000000000, 0.0000000000000000000, 0.0000000000000000000 ) ) ;
#2319 = EDGE_LOOP ( 'NONE', ( #1784, #2156, #2042, #707 ) ) ;
#2320 = DIRECTION ( 'NONE',  ( 0.0000000000000000000, -1.000000000000000000, 0.0000000000000000000 ) ) ;
#2321 = VECTOR ( 'NONE', #2530, 1000.000000000000000 ) ;
#2322 = CARTESIAN_POINT ( 'NONE',  ( 1.125000000000000200, 0.7590169943749476300, -0.1250000000000001100 ) ) ;
#2323 = EDGE_LOOP ( 'NONE', ( #2985, #1659, #1100, #905 ) ) ;
#2324 = ADVANCED_FACE ( 'NONE', ( #450 ), #1502, .T. ) ;
#2325 = VECTOR ( 'NONE', #2171, 1000.000000000000000 ) ;
#2326 =( GEOMETRIC_REPRESENTATION_CONTEXT ( 3 ) GLOBAL_UNCERTAINTY_ASSIGNED_CONTEXT ( ( #2611 ) ) GLOBAL_UNIT_ASSIGNED_CONTEXT ( ( #2179, #696, #461 ) ) REPRESENTATION_CONTEXT ( 'NONE', 'WORKASPACE' ) );
#2327 = CARTESIAN_POINT ( 'NONE',  ( -1.125000000000000200, 0.04999999999999999600, -0.6250000000000001100 ) ) ;
#2328 = LINE ( 'NONE', #2582, #1041 ) ;
#2329 = DIRECTION ( 'NONE',  ( 1.000000000000000000, 0.0000000000000000000, 2.891205793294677800E-016 ) ) ;
#2330 = DIRECTION ( 'NONE',  ( -1.000000000000000000, 0.0000000000000000000, -0.0000000000000000000 ) ) ;
#2331 = EDGE_CURVE ( 'NONE', #563, #1270, #27, .T. ) ;
#2332 = LINE ( 'NONE', #1058, #968 ) ;
#2333 = VERTEX_POINT ( 'NONE', #1644 ) ;
#2334 = DIRECTION ( 'NONE',  ( -1.445602896647339200E-016, 0.0000000000000000000, -1.000000000000000000 ) ) ;
#2335 = CARTESIAN_POINT ( 'NONE',  ( 1.500000000000000200, 0.05000000000000000300, 1.499999999999999800 ) ) ;
#2336 = ORIENTED_EDGE ( 'NONE', *, *, #3054, .F. ) ;
#2337 = EDGE_CURVE ( 'NONE', #1074, #851, #2549, .T. ) ;
#2338 = ORIENTED_EDGE ( 'NONE', *, *, #2536, .F. ) ;
#2339 = LINE ( 'NONE', #575, #2819 ) ;
#2340 = VERTEX_POINT ( 'NONE', #1878 ) ;
#2341 = VECTOR ( 'NONE', #2329, 1000.000000000000000 ) ;
#2342 = EDGE_CURVE ( 'NONE', #784, #1065, #2929, .T. ) ;
#2343 = ORIENTED_EDGE ( 'NONE', *, *, #381, .T. ) ;
#2344 = AXIS2_PLACEMENT_3D ( 'NONE', #17, #1740, #2263 ) ;
#2345 =( LENGTH_UNIT ( ) NAMED_UNIT ( * ) SI_UNIT ( .MILLI., .METRE. ) );
#2346 = ADVANCED_FACE ( 'NONE', ( #761 ), #156, .T. ) ;
#2347 = CARTESIAN_POINT ( 'NONE',  ( 1.500000000000000200, 0.1999999999999999800, 0.6249999999999998900 ) ) ;
#2348 = CARTESIAN_POINT ( 'NONE',  ( -0.3749999999999997200, 3.004014978561990700, -1.200000000000000000 ) ) ;
#2349 = EDGE_LOOP ( 'NONE', ( #1463, #2036, #518, #2828 ) ) ;
#2350 = VECTOR ( 'NONE', #2912, 1000.000000000000000 ) ;
#2351 =( GEOMETRIC_REPRESENTATION_CONTEXT ( 3 ) GLOBAL_UNCERTAINTY_ASSIGNED_CONTEXT ( ( #407 ) ) GLOBAL_UNIT_ASSIGNED_CONTEXT ( ( #2200, #964, #1493 ) ) REPRESENTATION_CONTEXT ( 'NONE', 'WORKASPACE' ) );
#2352 =( LENGTH_UNIT ( ) NAMED_UNIT ( * ) SI_UNIT ( .MILLI., .METRE. ) );
#2353 = EDGE_LOOP ( 'NONE', ( #1871, #2083, #1257, #2206 ) ) ;
#2354 = EDGE_CURVE ( 'NONE', #3150, #742, #414, .T. ) ;
#2355 = VERTEX_POINT ( 'NONE', #2610 ) ;
#2356 = CARTESIAN_POINT ( 'NONE',  ( 1.499999999999999800, 0.05000000000000000300, -1.500000000000000400 ) ) ;
#2357 =( NAMED_UNIT ( * ) SI_UNIT ( $, .STERADIAN. ) SOLID_ANGLE_UNIT ( ) );
#2358 = CARTESIAN_POINT ( 'NONE',  ( 0.0000000000000000000, 0.05000000000000000300, -0.6250000000000001100 ) ) ;
#2359 = SURFACE_STYLE_FILL_AREA ( #1940 ) ;
#2360 = ORIENTED_EDGE ( 'NONE', *, *, #1937, .F. ) ;
#2361 = DIRECTION ( 'NONE',  ( -1.000000000000000000, -0.0000000000000000000, -2.891205793294677800E-016 ) ) ;
#2362 = DIRECTION ( 'NONE',  ( 0.0000000000000000000, 0.0000000000000000000, 1.000000000000000000 ) ) ;
#2363 = CARTESIAN_POINT ( 'NONE',  ( 1.125000000000000200, 0.2000000000000000100, 0.1249999999999998900 ) ) ;
#2364 = DIRECTION ( 'NONE',  ( 1.000000000000000000, 0.0000000000000000000, 0.0000000000000000000 ) ) ;
#2365 = FACE_OUTER_BOUND ( 'NONE', #2946, .T. ) ;
#2366 = PRESENTATION_LAYER_ASSIGNMENT (  '', '', ( #952 ) ) ;
#2367 = VECTOR ( 'NONE', #2119, 1000.000000000000000 ) ;
#2368 = DIRECTION ( 'NONE',  ( -1.000000000000000000, 0.0000000000000000000, -0.0000000000000000000 ) ) ;
#2369 = CARTESIAN_POINT ( 'NONE',  ( 0.0000000000000000000, 0.05000000000000000300, -0.6250000000000001100 ) ) ;
#2370 = EDGE_CURVE ( 'NONE', #1082, #1513, #2771, .T. ) ;
#2371 = EDGE_LOOP ( 'NONE', ( #590, #395, #1490, #1099 ) ) ;
#2372 = EDGE_LOOP ( 'NONE', ( #2617, #1605, #625, #2796 ) ) ;
#2373 = VECTOR ( 'NONE', #1419, 1000.000000000000000 ) ;
#2374 = DIRECTION ( 'NONE',  ( 0.0000000000000000000, 0.0000000000000000000, -1.000000000000000000 ) ) ;
#2375 = ORIENTED_EDGE ( 'NONE', *, *, #2649, .F. ) ;
#2376 = DIRECTION ( 'NONE',  ( -1.000000000000000000, 0.0000000000000000000, 0.0000000000000000000 ) ) ;
#2377 = FACE_OUTER_BOUND ( 'NONE', #81, .T. ) ;
#2378 = EDGE_CURVE ( 'NONE', #2225, #342, #2284, .T. ) ;
#2379 = ORIENTED_EDGE ( 'NONE', *, *, #412, .F. ) ;
#2380 = CARTESIAN_POINT ( 'NONE',  ( -1.500000000000000200, 0.2000000000000000100, -0.3750000000000001100 ) ) ;
#2381 = LINE ( 'NONE', #1261, #1658 ) ;
#2382 = EDGE_LOOP ( 'NONE', ( #2527, #934, #2392, #2306 ) ) ;
#2383 = DIRECTION ( 'NONE',  ( 0.0000000000000000000, 0.0000000000000000000, 1.000000000000000000 ) ) ;
#2384 = CARTESIAN_POINT ( 'NONE',  ( -1.125000000000000200, 0.0000000000000000000, 0.7499999999999998900 ) ) ;
#2385 = VECTOR ( 'NONE', #891, 1000.000000000000000 ) ;
#2386 = VERTEX_POINT ( 'NONE', #2833 ) ;
#2387 = CARTESIAN_POINT ( 'NONE',  ( 1.500000000000000200, 0.0000000000000000000, 0.3749999999999998900 ) ) ;
#2388 = ORIENTED_EDGE ( 'NONE', *, *, #185, .T. ) ;
#2389 = CARTESIAN_POINT ( 'NONE',  ( 0.0000000000000000000, 0.05000000000000000300, -0.1250000000000001100 ) ) ;
#2390 = EDGE_CURVE ( 'NONE', #1799, #2834, #1000, .T. ) ;
#2391 = DIRECTION ( 'NONE',  ( 0.0000000000000000000, -0.0000000000000000000, 1.000000000000000000 ) ) ;
#2392 = ORIENTED_EDGE ( 'NONE', *, *, #1717, .T. ) ;
#2393 = DIRECTION ( 'NONE',  ( 0.0000000000000000000, 1.000000000000000000, 0.0000000000000000000 ) ) ;
#2394 = DIRECTION ( 'NONE',  ( -0.0000000000000000000, -1.000000000000000000, -0.0000000000000000000 ) ) ;
#2395 = LINE ( 'NONE', #1969, #2205 ) ;
#2396 = DIRECTION ( 'NONE',  ( -0.0000000000000000000, -1.000000000000000000, -0.0000000000000000000 ) ) ;
#2397 = EDGE_LOOP ( 'NONE', ( #1379, #123, #2343, #1948 ) ) ;
#2398 = VECTOR ( 'NONE', #669, 1000.000000000000000 ) ;
#2399 = DIRECTION ( 'NONE',  ( 0.0000000000000000000, -1.000000000000000000, 0.0000000000000000000 ) ) ;
#2400 = DIRECTION ( 'NONE',  ( 1.445602896647339200E-016, 0.0000000000000000000, 1.000000000000000000 ) ) ;
#2401 = VECTOR ( 'NONE', #1306, 1000.000000000000000 ) ;
#2402 = CARTESIAN_POINT ( 'NONE',  ( 0.7249999999999999800, 0.0000000000000000000, 1.200000000000000000 ) ) ;
#2403 = CARTESIAN_POINT ( 'NONE',  ( -1.125000000000000200, 0.2000000000000000100, 0.1249999999999998900 ) ) ;
#2404 = VECTOR ( 'NONE', #972, 1000.000000000000000 ) ;
#2405 = VERTEX_POINT ( 'NONE', #699 ) ;
#2406 = EDGE_CURVE ( 'NONE', #321, #583, #333, .T. ) ;
#2407 = DIRECTION ( 'NONE',  ( -1.000000000000000000, 0.0000000000000000000, -2.891205793294677800E-016 ) ) ;
#2408 = LINE ( 'NONE', #453, #1984 ) ;
#2409 = ORIENTED_EDGE ( 'NONE', *, *, #2887, .F. ) ;
#2410 = AXIS2_PLACEMENT_3D ( 'NONE', #2322, #876, #2802 ) ;
#2411 = ORIENTED_EDGE ( 'NONE', *, *, #2313, .F. ) ;
#2412 = VECTOR ( 'NONE', #1259, 1000.000000000000000 ) ;
#2413 = EDGE_CURVE ( 'NONE', #284, #2529, #1679, .T. ) ;
#2414 = ORIENTED_EDGE ( 'NONE', *, *, #86, .T. ) ;
#2415 = ADVANCED_FACE ( 'NONE', ( #2701 ), #1977, .T. ) ;
#2416 = LINE ( 'NONE', #2145, #2492 ) ;
#2417 = CARTESIAN_POINT ( 'NONE',  ( 1.125000000000000200, 0.7590169943749476300, -0.2500000000000001100 ) ) ;
#2418 = ORIENTED_EDGE ( 'NONE', *, *, #984, .T. ) ;
#2419 = VECTOR ( 'NONE', #749, 1000.000000000000000 ) ;
#2420 = EDGE_CURVE ( 'NONE', #463, #1909, #1036, .T. ) ;
#2421 = DIRECTION ( 'NONE',  ( -0.0000000000000000000, -0.0000000000000000000, 1.000000000000000000 ) ) ;
#2422 = ORIENTED_EDGE ( 'NONE', *, *, #107, .F. ) ;
#2423 = DIRECTION ( 'NONE',  ( 0.0000000000000000000, -1.000000000000000000, 0.0000000000000000000 ) ) ;
#2424 = AXIS2_PLACEMENT_3D ( 'NONE', #1157, #1192, #2603 ) ;
#2425 = CARTESIAN_POINT ( 'NONE',  ( -1.100000000000000300, 0.7500000000000000000, -1.100000000000000500 ) ) ;
#2426 = ORIENTED_EDGE ( 'NONE', *, *, #1148, .F. ) ;
#2427 = ORIENTED_EDGE ( 'NONE', *, *, #1920, .F. ) ;
#2428 = AXIS2_PLACEMENT_3D ( 'NONE', #1761, #2971, #1364 ) ;
#2429 = VERTEX_POINT ( 'NONE', #227 ) ;
#2430 = DIRECTION ( 'NONE',  ( -0.0000000000000000000, -1.000000000000000000, -0.0000000000000000000 ) ) ;
#2431 = DIRECTION ( 'NONE',  ( 0.0000000000000000000, 0.0000000000000000000, -1.000000000000000000 ) ) ;
#2432 = DIRECTION ( 'NONE',  ( 0.0000000000000000000, 0.0000000000000000000, -1.000000000000000000 ) ) ;
#2433 = PLANE ( 'NONE',  #465 ) ;
#2434 = LINE ( 'NONE', #3088, #1972 ) ;
#2435 = VECTOR ( 'NONE', #597, 1000.000000000000000 ) ;
#2436 = FILL_AREA_STYLE ('',( #2195 ) ) ;
#2437 = EDGE_CURVE ( 'NONE', #2052, #1513, #1896, .T. ) ;
#2438 = FILL_AREA_STYLE ('',( #989 ) ) ;
#2439 = SURFACE_SIDE_STYLE ('',( #3122 ) ) ;
#2440 = LINE ( 'NONE', #697, #1718 ) ;
#2441 = DIRECTION ( 'NONE',  ( -1.000000000000000000, 0.0000000000000000000, 0.0000000000000000000 ) ) ;
#2442 = ADVANCED_FACE ( 'NONE', ( #3115 ), #3130, .F. ) ;
#2443 = FACE_OUTER_BOUND ( 'NONE', #562, .T. ) ;
#2444 = SURFACE_SIDE_STYLE ('',( #1771 ) ) ;
#2445 = VERTEX_POINT ( 'NONE', #1474 ) ;
#2446 =( LENGTH_UNIT ( ) NAMED_UNIT ( * ) SI_UNIT ( .MILLI., .METRE. ) );
#2447 = EDGE_CURVE ( 'NONE', #1348, #1322, #1236, .T. ) ;
#2448 = CLOSED_SHELL ( 'NONE', ( #3038, #2791, #2204, #2116, #744, #1611, #1728, #971, #624, #722, #1570, #383, #2158, #2678, #2952, #2442, #268, #2899, #1629, #2118, #957, #114, #2013, #2533, #527, #766, #2578, #2562, #1176, #1384, #861, #1089, #1105, #882, #2494, #792, #1851, #2346, #1397, #332, #1581, #1211, #316, #1351, #136, #1684, #402 ) ) ;
#2449 = FACE_OUTER_BOUND ( 'NONE', #221, .T. ) ;
#2450 = ORIENTED_EDGE ( 'NONE', *, *, #1911, .F. ) ;
#2451 = CARTESIAN_POINT ( 'NONE',  ( 1.500000000000000200, 0.7590169943749476300, -0.1250000000000001100 ) ) ;
#2452 = DIRECTION ( 'NONE',  ( -1.000000000000000000, 0.0000000000000000000, 0.0000000000000000000 ) ) ;
#2453 = FACE_OUTER_BOUND ( 'NONE', #2323, .T. ) ;
#2454 = VERTEX_POINT ( 'NONE', #2182 ) ;
#2455 = CARTESIAN_POINT ( 'NONE',  ( 1.500000000000000200, 0.7590169943749476300, -0.1250000000000001100 ) ) ;
#2456 = DIRECTION ( 'NONE',  ( 1.000000000000000000, 0.0000000000000000000, 0.0000000000000000000 ) ) ;
#2457 = EDGE_LOOP ( 'NONE', ( #2123, #580, #2077, #3092 ) ) ;
#2458 = DIRECTION ( 'NONE',  ( 0.0000000000000000000, 0.0000000000000000000, 1.000000000000000000 ) ) ;
#2459 = COLOUR_RGB ( '',0.7921568627450980000, 0.8196078431372548800, 0.9333333333333333500 ) ;
#2460 = DIRECTION ( 'NONE',  ( 0.0000000000000000000, 1.000000000000000000, 0.0000000000000000000 ) ) ;
#2461 = AXIS2_PLACEMENT_3D ( 'NONE', #525, #772, #1571 ) ;
#2462 = VERTEX_POINT ( 'NONE', #1216 ) ;
#2463 = DIRECTION ( 'NONE',  ( 0.0000000000000000000, -1.000000000000000000, 0.0000000000000000000 ) ) ;
#2464 = ORIENTED_EDGE ( 'NONE', *, *, #2471, .F. ) ;
#2465 = PLANE ( 'NONE',  #3123 ) ;
#2466 = EDGE_CURVE ( 'NONE', #941, #3042, #535, .T. ) ;
#2467 = ORIENTED_EDGE ( 'NONE', *, *, #1576, .T. ) ;
#2468 = DIRECTION ( 'NONE',  ( -0.0000000000000000000, -1.000000000000000000, -0.0000000000000000000 ) ) ;
#2469 = AXIS2_PLACEMENT_3D ( 'NONE', #3049, #355, #884 ) ;
#2470 = VECTOR ( 'NONE', #2017, 1000.000000000000000 ) ;
#2471 = EDGE_CURVE ( 'NONE', #254, #2151, #844, .T. ) ;
#2472 = FILL_AREA_STYLE_COLOUR ( '', #2184 ) ;
#2473 = EDGE_LOOP ( 'NONE', ( #1129, #2338, #1532, #811 ) ) ;
#2474 = VECTOR ( 'NONE', #1179, 1000.000000000000000 ) ;
#2475 = DIRECTION ( 'NONE',  ( 0.0000000000000000000, 0.0000000000000000000, -1.000000000000000000 ) ) ;
#2476 = PLANE ( 'NONE',  #494 ) ;
#2477 = FACE_BOUND ( 'NONE', #557, .T. ) ;
#2478 = AXIS2_PLACEMENT_3D ( 'NONE', #2618, #1415, #713 ) ;
#2479 = DIRECTION ( 'NONE',  ( 0.0000000000000000000, -0.0000000000000000000, -1.000000000000000000 ) ) ;
#2480 = DIRECTION ( 'NONE',  ( 0.0000000000000000000, -0.0000000000000000000, 1.000000000000000000 ) ) ;
#2481 = LINE ( 'NONE', #439, #1862 ) ;
#2482 = MANIFOLD_SOLID_BREP ( 'Pin 1 Mark', #48 ) ;
#2483 = DIRECTION ( 'NONE',  ( 0.0000000000000000000, -1.000000000000000000, 0.0000000000000000000 ) ) ;
#2484 = CARTESIAN_POINT ( 'NONE',  ( -0.7250000000000000900, 0.0000000000000000000, 1.200000000000000000 ) ) ;
#2485 = VERTEX_POINT ( 'NONE', #1674 ) ;
#2486 = ORIENTED_EDGE ( 'NONE', *, *, #515, .T. ) ;
#2487 = AXIS2_PLACEMENT_3D ( 'NONE', #1328, #592, #364 ) ;
#2488 = CARTESIAN_POINT ( 'NONE',  ( -0.7250000000000000900, 0.05000000000000012800, 1.200000000000000000 ) ) ;
#2489 = DIRECTION ( 'NONE',  ( 0.0000000000000000000, -1.000000000000000000, 0.0000000000000000000 ) ) ;
#2490 = CARTESIAN_POINT ( 'NONE',  ( -1.500000000000000200, 0.2000000000000000100, 0.8749999999999998900 ) ) ;
#2491 = ORIENTED_EDGE ( 'NONE', *, *, #2548, .F. ) ;
#2492 = VECTOR ( 'NONE', #708, 1000.000000000000000 ) ;
#2493 = CARTESIAN_POINT ( 'NONE',  ( 1.125000000000000200, 0.2000000000000000100, -0.3750000000000002200 ) ) ;
#2494 = ADVANCED_FACE ( 'NONE', ( #183 ), #727, .F. ) ;
#2495 = VERTEX_POINT ( 'NONE', #1926 ) ;
#2496 = VERTEX_POINT ( 'NONE', #763 ) ;
#2497 = DIRECTION ( 'NONE',  ( -9.035018104045871900E-017, 0.0000000000000000000, 1.000000000000000000 ) ) ;
#2498 = EDGE_LOOP ( 'NONE', ( #559, #138, #288, #2062 ) ) ;
#2499 = ORIENTED_EDGE ( 'NONE', *, *, #1208, .F. ) ;
#2500 = EDGE_CURVE ( 'NONE', #2405, #1918, #1500, .T. ) ;
#2501 = CARTESIAN_POINT ( 'NONE',  ( 1.125000000000000200, 0.2000000000000000100, -0.8750000000000001100 ) ) ;
#2502 = CARTESIAN_POINT ( 'NONE',  ( -0.7250000000000000900, 0.2000000000000000900, 1.200000000000000000 ) ) ;
#2503 = ORIENTED_EDGE ( 'NONE', *, *, #30, .F. ) ;
#2504 = ORIENTED_EDGE ( 'NONE', *, *, #2390, .F. ) ;
#2505 = PLANE ( 'NONE',  #246 ) ;
#2506 = CARTESIAN_POINT ( 'NONE',  ( 1.125000000000000200, 0.04999999999999999600, 0.8749999999999998900 ) ) ;
#2507 = PLANE ( 'NONE',  #2849 ) ;
#2508 = AXIS2_PLACEMENT_3D ( 'NONE', #1800, #315, #1342 ) ;
#2509 = CARTESIAN_POINT ( 'NONE',  ( 1.125000000000000200, 0.0000000000000000000, 0.8749999999999998900 ) ) ;
#2510 = CARTESIAN_POINT ( 'NONE',  ( 0.7249999999999999800, 0.2000000000000000900, 1.200000000000000000 ) ) ;
#2511 = SURFACE_STYLE_FILL_AREA ( #2098 ) ;
#2512 = DIRECTION ( 'NONE',  ( 0.0000000000000000000, 0.0000000000000000000, -1.000000000000000000 ) ) ;
#2513 = EDGE_CURVE ( 'NONE', #1592, #443, #411, .T. ) ;
#2514 = VECTOR ( 'NONE', #63, 1000.000000000000000 ) ;
#2515 = DIRECTION ( 'NONE',  ( 0.0000000000000000000, 0.0000000000000000000, -1.000000000000000000 ) ) ;
#2516 = DIRECTION ( 'NONE',  ( 0.0000000000000000000, 0.0000000000000000000, 1.000000000000000000 ) ) ;
#2517 = FACE_OUTER_BOUND ( 'NONE', #2980, .T. ) ;
#2518 = CARTESIAN_POINT ( 'NONE',  ( 1.125000000000000200, 0.0000000000000000000, 0.8749999999999998900 ) ) ;
#2519 = FACE_OUTER_BOUND ( 'NONE', #250, .T. ) ;
#2520 = VECTOR ( 'NONE', #3103, 1000.000000000000000 ) ;
#2521 = CARTESIAN_POINT ( 'NONE',  ( 1.500000000000000200, 0.2000000000000000100, 0.8749999999999998900 ) ) ;
#2522 = CYLINDRICAL_SURFACE ( 'NONE', #1067, 0.1999999999999999800 ) ;
#2523 = AXIS2_PLACEMENT_3D ( 'NONE', #687, #1882, #1146 ) ;
#2524 = DIRECTION ( 'NONE',  ( -0.7071067811865475700, 0.0000000000000000000, -0.7071067811865474600 ) ) ;
#2525 = ORIENTED_EDGE ( 'NONE', *, *, #86, .F. ) ;
#2526 = CARTESIAN_POINT ( 'NONE',  ( 1.125000000000000200, 0.2000000000000000100, 0.6249999999999997800 ) ) ;
#2527 = ORIENTED_EDGE ( 'NONE', *, *, #3158, .T. ) ;
#2528 = LINE ( 'NONE', #468, #270 ) ;
#2529 = VERTEX_POINT ( 'NONE', #1262 ) ;
#2530 = DIRECTION ( 'NONE',  ( 1.000000000000000000, 0.0000000000000000000, 0.0000000000000000000 ) ) ;
#2531 = VECTOR ( 'NONE', #925, 1000.000000000000000 ) ;
#2532 = ORIENTED_EDGE ( 'NONE', *, *, #1534, .F. ) ;
#2533 = ADVANCED_FACE ( 'NONE', ( #2517 ), #1974, .T. ) ;
#2534 = ORIENTED_EDGE ( 'NONE', *, *, #1875, .T. ) ;
#2535 = CARTESIAN_POINT ( 'NONE',  ( -1.500000000000000200, 0.2000000000000000100, -0.1250000000000001100 ) ) ;
#2536 = EDGE_CURVE ( 'NONE', #1900, #384, #150, .T. ) ;
#2537 = PLANE ( 'NONE',  #396 ) ;
#2538 = VERTEX_POINT ( 'NONE', #1744 ) ;
#2539 = EDGE_CURVE ( 'NONE', #1481, #1282, #886, .T. ) ;
#2540 = CARTESIAN_POINT ( 'NONE',  ( 1.125000000000000200, 0.2000000000000000100, -0.6250000000000001100 ) ) ;
#2541 = EDGE_LOOP ( 'NONE', ( #714, #561, #701, #1589, #1035 ) ) ;
#2542 = PLANE ( 'NONE',  #1071 ) ;
#2543 = CARTESIAN_POINT ( 'NONE',  ( -0.7874999999999998700, 0.05000000000000000300, -0.7874999999999997600 ) ) ;
#2544 = ORIENTED_EDGE ( 'NONE', *, *, #758, .F. ) ;
#2545 = MECHANICAL_DESIGN_GEOMETRIC_PRESENTATION_REPRESENTATION (  '', ( #3074 ), #3131 ) ;
#2546 = DIRECTION ( 'NONE',  ( -1.000000000000000000, 0.0000000000000000000, 0.0000000000000000000 ) ) ;
#2547 = EDGE_LOOP ( 'NONE', ( #1123, #1840, #33, #428 ) ) ;
#2548 = EDGE_CURVE ( 'NONE', #3042, #3021, #2698, .T. ) ;
#2549 = LINE ( 'NONE', #2137, #2848 ) ;
#2550 = DIRECTION ( 'NONE',  ( -0.0000000000000000000, -1.000000000000000000, -0.0000000000000000000 ) ) ;
#2551 = CARTESIAN_POINT ( 'NONE',  ( -1.500000000000000200, 0.2000000000000000100, -0.6250000000000001100 ) ) ;
#2552 = FACE_OUTER_BOUND ( 'NONE', #1361, .T. ) ;
#2553 = ORIENTED_EDGE ( 'NONE', *, *, #1604, .F. ) ;
#2554 = VECTOR ( 'NONE', #1614, 1000.000000000000000 ) ;
#2555 = CARTESIAN_POINT ( 'NONE',  ( 1.125000000000000200, 0.2000000000000000100, 0.3749999999999998900 ) ) ;
#2556 = LINE ( 'NONE', #2924, #1650 ) ;
#2557 = CARTESIAN_POINT ( 'NONE',  ( -0.3749999999999997200, -0.0000000000000000000, -1.200000000000000000 ) ) ;
#2558 = ORIENTED_EDGE ( 'NONE', *, *, #2275, .T. ) ;
#2559 = ORIENTED_EDGE ( 'NONE', *, *, #607, .T. ) ;
#2560 = CIRCLE ( 'NONE', #1901, 0.1250000000000000600 ) ;
#2561 = CARTESIAN_POINT ( 'NONE',  ( -1.500000000000000200, 0.7590169943749476300, 0.6249999999999998900 ) ) ;
#2562 = ADVANCED_FACE ( 'NONE', ( #1310 ), #2476, .T. ) ;
#2563 = ORIENTED_EDGE ( 'NONE', *, *, #2068, .T. ) ;
#2564 = CIRCLE ( 'NONE', #2096, 0.1250000000000000000 ) ;
#2565 = EDGE_LOOP ( 'NONE', ( #1996, #476 ) ) ;
#2566 = CARTESIAN_POINT ( 'NONE',  ( 0.0000000000000000000, 0.0000000000000000000, 0.0000000000000000000 ) ) ;
#2567 = EDGE_CURVE ( 'NONE', #2926, #1125, #1538, .T. ) ;
#2568 = ORIENTED_EDGE ( 'NONE', *, *, #1893, .F. ) ;
#2569 = CARTESIAN_POINT ( 'NONE',  ( -1.500000000000000200, 0.2000000000000000100, -0.8750000000000001100 ) ) ;
#2570 = CARTESIAN_POINT ( 'NONE',  ( -1.500000000000000200, 0.2000000000000000100, -0.6250000000000001100 ) ) ;
#2571 = ORIENTED_EDGE ( 'NONE', *, *, #956, .F. ) ;
#2572 = VECTOR ( 'NONE', #1271, 1000.000000000000000 ) ;
#2573 = CARTESIAN_POINT ( 'NONE',  ( -1.500000000000000200, 0.2000000000000000100, 0.8749999999999998900 ) ) ;
#2574 = ORIENTED_EDGE ( 'NONE', *, *, #3083, .T. ) ;
#2575 = ORIENTED_EDGE ( 'NONE', *, *, #1139, .T. ) ;
#2576 = PLANE ( 'NONE',  #2469 ) ;
#2577 = FILL_AREA_STYLE_COLOUR ( '', #1153 ) ;
#2578 = ADVANCED_FACE ( 'NONE', ( #2584 ), #841, .F. ) ;
#2579 = ORIENTED_EDGE ( 'NONE', *, *, #1505, .T. ) ;
#2580 = CARTESIAN_POINT ( 'NONE',  ( 1.125000000000000200, 0.2000000000000000100, 0.3749999999999998900 ) ) ;
#2581 = DIRECTION ( 'NONE',  ( -0.0000000000000000000, 0.0000000000000000000, 1.000000000000000000 ) ) ;
#2582 = CARTESIAN_POINT ( 'NONE',  ( 1.500000000000000200, 0.7590169943749476300, 0.3749999999999998900 ) ) ;
#2583 = FACE_OUTER_BOUND ( 'NONE', #2457, .T. ) ;
#2584 = FACE_OUTER_BOUND ( 'NONE', #2397, .T. ) ;
#2585 = CARTESIAN_POINT ( 'NONE',  ( 1.125000000000000200, 0.0000000000000000000, -0.3750000000000001100 ) ) ;
#2586 =( NAMED_UNIT ( * ) SI_UNIT ( $, .STERADIAN. ) SOLID_ANGLE_UNIT ( ) );
#2587 = ORIENTED_EDGE ( 'NONE', *, *, #3039, .F. ) ;
#2588 = SURFACE_STYLE_FILL_AREA ( #294 ) ;
#2589 = LINE ( 'NONE', #2095, #2554 ) ;
#2590 = DIRECTION ( 'NONE',  ( 0.0000000000000000000, 1.000000000000000000, 0.0000000000000000000 ) ) ;
#2591 = CARTESIAN_POINT ( 'NONE',  ( -1.500000000000000200, 0.1999999999999999800, -0.8750000000000001100 ) ) ;
#2592 = CIRCLE ( 'NONE', #663, 0.1250000000000000000 ) ;
#2593 = VERTEX_POINT ( 'NONE', #2254 ) ;
#2594 = EDGE_CURVE ( 'NONE', #3033, #1107, #71, .T. ) ;
#2595 = ORIENTED_EDGE ( 'NONE', *, *, #145, .T. ) ;
#2596 = FACE_OUTER_BOUND ( 'NONE', #2349, .T. ) ;
#2597 = ORIENTED_EDGE ( 'NONE', *, *, #2122, .T. ) ;
#2598 = LINE ( 'NONE', #2501, #1917 ) ;
#2599 = EDGE_LOOP ( 'NONE', ( #1749, #680, #2302, #2644 ) ) ;
#2600 = LINE ( 'NONE', #519, #394 ) ;
#2601 = CARTESIAN_POINT ( 'NONE',  ( -1.500000000000000200, 0.7590169943749476300, 0.3749999999999998900 ) ) ;
#2602 = ORIENTED_EDGE ( 'NONE', *, *, #107, .T. ) ;
#2603 = DIRECTION ( 'NONE',  ( 1.000000000000000000, 0.0000000000000000000, -0.0000000000000000000 ) ) ;
#2604 = SURFACE_STYLE_USAGE ( .BOTH. , #913 ) ;
#2605 = VERTEX_POINT ( 'NONE', #2502 ) ;
#2606 = EDGE_CURVE ( 'NONE', #1155, #3144, #2738, .T. ) ;
#2607 = EDGE_LOOP ( 'NONE', ( #1484, #1681, #1691, #2628 ) ) ;
#2608 = DIRECTION ( 'NONE',  ( 0.0000000000000000000, 0.0000000000000000000, 1.000000000000000000 ) ) ;
#2609 =( NAMED_UNIT ( * ) PLANE_ANGLE_UNIT ( ) SI_UNIT ( $, .RADIAN. ) );
#2610 = CARTESIAN_POINT ( 'NONE',  ( -1.125000000000000200, 0.0000000000000000000, 0.6249999999999998900 ) ) ;
#2611 = UNCERTAINTY_MEASURE_WITH_UNIT (LENGTH_MEASURE( 1.000000000000000100E-005 ), #2179, 'distance_accuracy_value', 'NONE');
#2612 = CARTESIAN_POINT ( 'NONE',  ( 1.500000000000000200, 0.8000000000000003800, 1.499999999999999800 ) ) ;
#2613 = ORIENTED_EDGE ( 'NONE', *, *, #1623, .F. ) ;
#2614 = LINE ( 'NONE', #1672, #327 ) ;
#2615 = CARTESIAN_POINT ( 'NONE',  ( -1.500000000000000200, 0.0000000000000000000, -0.3750000000000001100 ) ) ;
#2616 = CARTESIAN_POINT ( 'NONE',  ( 1.499999999999999800, 5.842640687119285300, -1.500000000000000400 ) ) ;
#2617 = ORIENTED_EDGE ( 'NONE', *, *, #2974, .F. ) ;
#2618 = CARTESIAN_POINT ( 'NONE',  ( 0.0000000000000000000, 0.8000000000000000400, 0.0000000000000000000 ) ) ;
#2619 = PLANE ( 'NONE',  #2784 ) ;
#2620 = ORIENTED_EDGE ( 'NONE', *, *, #1457, .F. ) ;
#2621 = EDGE_CURVE ( 'NONE', #1530, #563, #2659, .T. ) ;
#2622 = DIRECTION ( 'NONE',  ( 0.0000000000000000000, -1.000000000000000000, 0.0000000000000000000 ) ) ;
#2623 =( GEOMETRIC_REPRESENTATION_CONTEXT ( 3 ) GLOBAL_UNCERTAINTY_ASSIGNED_CONTEXT ( ( #255 ) ) GLOBAL_UNIT_ASSIGNED_CONTEXT ( ( #2273, #2978, #2770 ) ) REPRESENTATION_CONTEXT ( 'NONE', 'WORKASPACE' ) );
#2624 = DIRECTION ( 'NONE',  ( 1.000000000000000000, 0.0000000000000000000, 9.035018104045871900E-017 ) ) ;
#2625 = DIRECTION ( 'NONE',  ( -1.000000000000000000, -0.0000000000000000000, -2.891205793294677800E-016 ) ) ;
#2626 = STYLED_ITEM ( 'NONE', ( #1024 ), #16 ) ;
#2627 = ORIENTED_EDGE ( 'NONE', *, *, #30, .T. ) ;
#2628 = ORIENTED_EDGE ( 'NONE', *, *, #2102, .F. ) ;
#2629 = FACE_OUTER_BOUND ( 'NONE', #1473, .T. ) ;
#2630 = ORIENTED_EDGE ( 'NONE', *, *, #1202, .F. ) ;
#2631 = CARTESIAN_POINT ( 'NONE',  ( -1.500000000000000200, 0.1999999999999999800, 0.3749999999999998900 ) ) ;
#2632 = ORIENTED_EDGE ( 'NONE', *, *, #1783, .F. ) ;
#2633 = CIRCLE ( 'NONE', #1747, 0.1250000000000000600 ) ;
#2634 = VERTEX_POINT ( 'NONE', #1722 ) ;
#2635 = DIRECTION ( 'NONE',  ( 0.0000000000000000000, -1.000000000000000000, 0.0000000000000000000 ) ) ;
#2636 = DIRECTION ( 'NONE',  ( 1.000000000000000000, 0.0000000000000000000, 2.891205793294677800E-016 ) ) ;
#2637 = LINE ( 'NONE', #1648, #470 ) ;
#2638 = ORIENTED_EDGE ( 'NONE', *, *, #852, .T. ) ;
#2639 = DIRECTION ( 'NONE',  ( 0.0000000000000000000, 1.000000000000000000, 0.0000000000000000000 ) ) ;
#2640 = PLANE ( 'NONE',  #874 ) ;
#2641 = VECTOR ( 'NONE', #2820, 1000.000000000000000 ) ;
#2642 = ORIENTED_EDGE ( 'NONE', *, *, #612, .F. ) ;
#2643 = DIRECTION ( 'NONE',  ( 0.0000000000000000000, -1.000000000000000000, 0.0000000000000000000 ) ) ;
#2644 = ORIENTED_EDGE ( 'NONE', *, *, #1375, .T. ) ;
#2645 = LINE ( 'NONE', #1043, #2272 ) ;
#2646 =( NAMED_UNIT ( * ) PLANE_ANGLE_UNIT ( ) SI_UNIT ( $, .RADIAN. ) );
#2647 = AXIS2_PLACEMENT_3D ( 'NONE', #1895, #3128, #1213 ) ;
#2648 = ORIENTED_EDGE ( 'NONE', *, *, #2996, .T. ) ;
#2649 = EDGE_CURVE ( 'NONE', #2725, #3063, #916, .T. ) ;
#2650 = VERTEX_POINT ( 'NONE', #1544 ) ;
#2651 = PLANE ( 'NONE',  #1197 ) ;
#2652 = ORIENTED_EDGE ( 'NONE', *, *, #2337, .T. ) ;
#2653 = DIRECTION ( 'NONE',  ( 0.0000000000000000000, -1.000000000000000000, 0.0000000000000000000 ) ) ;
#2654 = EDGE_CURVE ( 'NONE', #2154, #2157, #2927, .T. ) ;
#2655 =( NAMED_UNIT ( * ) PLANE_ANGLE_UNIT ( ) SI_UNIT ( $, .RADIAN. ) );
#2656 = PLANE ( 'NONE',  #3070 ) ;
#2657 = CARTESIAN_POINT ( 'NONE',  ( 0.0000000000000000000, 0.05000000000000000300, -0.3750000000000001100 ) ) ;
#2658 = FACE_OUTER_BOUND ( 'NONE', #2547, .T. ) ;
#2659 = LINE ( 'NONE', #1964, #2435 ) ;
#2660 = DIRECTION ( 'NONE',  ( -0.0000000000000000000, -0.0000000000000000000, 1.000000000000000000 ) ) ;
#2661 = ORIENTED_EDGE ( 'NONE', *, *, #1717, .F. ) ;
#2662 = FACE_OUTER_BOUND ( 'NONE', #859, .T. ) ;
#2663 = DIRECTION ( 'NONE',  ( -0.0000000000000000000, -1.000000000000000000, -0.0000000000000000000 ) ) ;
#2664 = EDGE_CURVE ( 'NONE', #2113, #980, #297, .T. ) ;
#2665 = CARTESIAN_POINT ( 'NONE',  ( 1.500000000000000200, 0.1999999999999999800, -0.8750000000000001100 ) ) ;
#2666 = VECTOR ( 'NONE', #1768, 1000.000000000000000 ) ;
#2667 = ORIENTED_EDGE ( 'NONE', *, *, #2331, .F. ) ;
#2668 = PLANE ( 'NONE',  #46 ) ;
#2669 = LINE ( 'NONE', #2689, #2291 ) ;
#2670 = EDGE_LOOP ( 'NONE', ( #2632, #484, #2559, #19 ) ) ;
#2671 = DIRECTION ( 'NONE',  ( -1.000000000000000000, 0.0000000000000000000, -0.0000000000000000000 ) ) ;
#2672 = VECTOR ( 'NONE', #2816, 1000.000000000000000 ) ;
#2673 = CARTESIAN_POINT ( 'NONE',  ( -0.7250000000000000900, 3.004014978561990700, 1.200000000000000000 ) ) ;
#2674 = ORIENTED_EDGE ( 'NONE', *, *, #348, .F. ) ;
#2675 = VECTOR ( 'NONE', #2921, 1000.000000000000000 ) ;
#2676 = SURFACE_SIDE_STYLE ('',( #3065 ) ) ;
#2677 = SURFACE_STYLE_USAGE ( .BOTH. , #2439 ) ;
#2678 = ADVANCED_FACE ( 'NONE', ( #2282 ), #318, .T. ) ;
#2679 = ORIENTED_EDGE ( 'NONE', *, *, #990, .F. ) ;
#2680 = AXIS2_PLACEMENT_3D ( 'NONE', #1188, #1906, #3091 ) ;
#2681 = LINE ( 'NONE', #611, #1522 ) ;
#2682 = CARTESIAN_POINT ( 'NONE',  ( 1.500000000000000200, 0.2000000000000002100, 0.3749999999999998900 ) ) ;
#2683 = CARTESIAN_POINT ( 'NONE',  ( -1.100000000000000300, 0.8000000000000000400, -0.9000000000000004700 ) ) ;
#2684 = ADVANCED_FACE ( 'NONE', ( #2131 ), #652, .F. ) ;
#2685 = ORIENTED_EDGE ( 'NONE', *, *, #2283, .F. ) ;
#2686 = ORIENTED_EDGE ( 'NONE', *, *, #2227, .F. ) ;
#2687 = DIRECTION ( 'NONE',  ( -1.000000000000000000, 0.0000000000000000000, -0.0000000000000000000 ) ) ;
#2688 = VERTEX_POINT ( 'NONE', #1821 ) ;
#2689 = CARTESIAN_POINT ( 'NONE',  ( -1.500000000000000200, 0.2000000000000000100, -0.8750000000000001100 ) ) ;
#2690 = MECHANICAL_DESIGN_GEOMETRIC_PRESENTATION_REPRESENTATION (  '', ( #952 ), #2623 ) ;
#2691 = ORIENTED_EDGE ( 'NONE', *, *, #1113, .F. ) ;
#2692 = EDGE_CURVE ( 'NONE', #171, #1886, #2208, .T. ) ;
#2693 = VERTEX_POINT ( 'NONE', #2800 ) ;
#2694 = CARTESIAN_POINT ( 'NONE',  ( -1.125000000000000200, 0.2000000000000000100, -0.8750000000000001100 ) ) ;
#2695 = CARTESIAN_POINT ( 'NONE',  ( 0.7250000000000002000, 3.004014978561990700, -1.200000000000000000 ) ) ;
#2696 = ADVANCED_FACE ( 'NONE', ( #810 ), #373, .F. ) ;
#2697 = LINE ( 'NONE', #116, #104 ) ;
#2698 = LINE ( 'NONE', #1019, #2844 ) ;
#2699 = EDGE_CURVE ( 'NONE', #1338, #2274, #1145, .T. ) ;
#2700 = DIRECTION ( 'NONE',  ( 1.000000000000000000, 0.0000000000000000000, 2.891205793294677800E-016 ) ) ;
#2701 = FACE_OUTER_BOUND ( 'NONE', #2498, .T. ) ;
#2702 = LINE ( 'NONE', #2216, #2773 ) ;
#2703 = LINE ( 'NONE', #2259, #1578 ) ;
#2704 = CARTESIAN_POINT ( 'NONE',  ( 1.125000000000000200, 0.7590169943749476300, -0.1250000000000001100 ) ) ;
#2705 = ORIENTED_EDGE ( 'NONE', *, *, #2781, .F. ) ;
#2706 = PRODUCT_DEFINITION ( 'UNKNOWN', '', #1029, #2110 ) ;
#2707 = FACE_OUTER_BOUND ( 'NONE', #340, .T. ) ;
#2708 = DIRECTION ( 'NONE',  ( 0.0000000000000000000, 0.0000000000000000000, -1.000000000000000000 ) ) ;
#2709 = EDGE_CURVE ( 'NONE', #754, #171, #1859, .T. ) ;
#2710 = VERTEX_POINT ( 'NONE', #361 ) ;
#2711 = ADVANCED_FACE ( 'NONE', ( #2019 ), #870, .T. ) ;
#2712 = ORIENTED_EDGE ( 'NONE', *, *, #1076, .F. ) ;
#2713 = LINE ( 'NONE', #256, #1990 ) ;
#2714 = ORIENTED_EDGE ( 'NONE', *, *, #1920, .T. ) ;
#2715 = CARTESIAN_POINT ( 'NONE',  ( -1.500000000000000200, 0.0000000000000000000, 0.6249999999999998900 ) ) ;
#2716 = LINE ( 'NONE', #1290, #1057 ) ;
#2717 = ORIENTED_EDGE ( 'NONE', *, *, #1944, .F. ) ;
#2718 = CARTESIAN_POINT ( 'NONE',  ( 1.125000000000000200, 0.1999999999999999800, 0.8749999999999998900 ) ) ;
#2719 = DIRECTION ( 'NONE',  ( 0.0000000000000000000, 1.000000000000000000, -0.0000000000000000000 ) ) ;
#2720 = ORIENTED_EDGE ( 'NONE', *, *, #591, .T. ) ;
#2721 = DIRECTION ( 'NONE',  ( 0.0000000000000000000, 0.0000000000000000000, 1.000000000000000000 ) ) ;
#2722 = ORIENTED_EDGE ( 'NONE', *, *, #367, .F. ) ;
#2723 = DIRECTION ( 'NONE',  ( 0.0000000000000000000, 1.000000000000000000, -0.0000000000000000000 ) ) ;
#2724 = ORIENTED_EDGE ( 'NONE', *, *, #1708, .F. ) ;
#2725 = VERTEX_POINT ( 'NONE', #2829 ) ;
#2726 = VERTEX_POINT ( 'NONE', #2570 ) ;
#2727 = CARTESIAN_POINT ( 'NONE',  ( -0.3749999999999997200, 0.05000000000000012800, -1.200000000000000000 ) ) ;
#2728 = ADVANCED_FACE ( 'NONE', ( #1575 ), #1233, .T. ) ;
#2729 = ORIENTED_EDGE ( 'NONE', *, *, #1280, .T. ) ;
#2730 = CARTESIAN_POINT ( 'NONE',  ( -1.125000000000000200, 0.2000000000000000100, -0.2500000000000001100 ) ) ;
#2731 = EDGE_CURVE ( 'NONE', #3042, #2950, #567, .T. ) ;
#2732 = EDGE_LOOP ( 'NONE', ( #380, #2908, #3127, #2197 ) ) ;
#2733 = CARTESIAN_POINT ( 'NONE',  ( 1.125000000000000200, 0.7590169943749476300, 0.1249999999999998900 ) ) ;
#2734 = DIRECTION ( 'NONE',  ( 1.000000000000000000, 0.0000000000000000000, -0.0000000000000000000 ) ) ;
#2735 = LINE ( 'NONE', #2555, #1934 ) ;
#2736 = AXIS2_PLACEMENT_3D ( 'NONE', #2001, #283, #2721 ) ;
#2737 = CARTESIAN_POINT ( 'NONE',  ( -0.7249999999999997600, -0.0000000000000000000, -0.8499999999999998700 ) ) ;
#2738 = CIRCLE ( 'NONE', #1642, 0.1999999999999999800 ) ;
#2739 = CARTESIAN_POINT ( 'NONE',  ( -1.125000000000000200, 0.7590169943749476300, -0.6250000000000001100 ) ) ;
#2740 = STYLED_ITEM ( 'NONE', ( #1359 ), #1413 ) ;
#2741 = PLANE ( 'NONE',  #568 ) ;
#2742 = CARTESIAN_POINT ( 'NONE',  ( -1.500000000000000200, 0.7590169943749476300, 0.6249999999999998900 ) ) ;
#2743 = ADVANCED_FACE ( 'NONE', ( #1786 ), #694, .F. ) ;
#2744 = CARTESIAN_POINT ( 'NONE',  ( -3.614007241618331900E-017, 0.05000000000000000300, 0.1249999999999994600 ) ) ;
#2745 = DIRECTION ( 'NONE',  ( -0.0000000000000000000, -1.000000000000000000, -0.0000000000000000000 ) ) ;
#2746 = CARTESIAN_POINT ( 'NONE',  ( -1.500000000000000200, 0.7590169943749476300, 0.1249999999999998900 ) ) ;
#2747 = ORIENTED_EDGE ( 'NONE', *, *, #1475, .F. ) ;
#2748 = VERTEX_POINT ( 'NONE', #2115 ) ;
#2749 = LINE ( 'NONE', #277, #3017 ) ;
#2750 = CLOSED_SHELL ( 'NONE', ( #1932, #99, #2696, #1229, #1299, #1132 ) ) ;
#2751 = CIRCLE ( 'NONE', #2176, 0.1250000000000000000 ) ;
#2752 = PLANE ( 'NONE',  #2753 ) ;
#2753 = AXIS2_PLACEMENT_3D ( 'NONE', #532, #1296, #2479 ) ;
#2754 = PLANE ( 'NONE',  #1647 ) ;
#2755 = EDGE_LOOP ( 'NONE', ( #1563, #2103, #2558, #3003 ) ) ;
#2756 = PLANE ( 'NONE',  #1010 ) ;
#2757 = FACE_OUTER_BOUND ( 'NONE', #553, .T. ) ;
#2758 = ORIENTED_EDGE ( 'NONE', *, *, #3039, .T. ) ;
#2759 = EDGE_CURVE ( 'NONE', #137, #902, #493, .T. ) ;
#2760 = ORIENTED_EDGE ( 'NONE', *, *, #1218, .F. ) ;
#2761 = EDGE_LOOP ( 'NONE', ( #1662, #1843, #936, #3028 ) ) ;
#2762 = CARTESIAN_POINT ( 'NONE',  ( -1.500000000000000000, 0.05000000000000000300, 0.6250000000000001100 ) ) ;
#2763 = DIRECTION ( 'NONE',  ( 1.000000000000000000, 0.0000000000000000000, 0.0000000000000000000 ) ) ;
#2764 = DIRECTION ( 'NONE',  ( 0.0000000000000000000, 0.0000000000000000000, -1.000000000000000000 ) ) ;
#2765 = EDGE_CURVE ( 'NONE', #2913, #1163, #3079, .T. ) ;
#2766 = LINE ( 'NONE', #325, #178 ) ;
#2767 = FILL_AREA_STYLE_COLOUR ( '', #132 ) ;
#2768 = CARTESIAN_POINT ( 'NONE',  ( -1.125000000000000200, 0.2000000000000002100, 0.8749999999999998900 ) ) ;
#2769 = VECTOR ( 'NONE', #203, 1000.000000000000000 ) ;
#2770 =( NAMED_UNIT ( * ) SI_UNIT ( $, .STERADIAN. ) SOLID_ANGLE_UNIT ( ) );
#2771 = LINE ( 'NONE', #2358, #2398 ) ;
#2772 = DIRECTION ( 'NONE',  ( 0.0000000000000000000, 1.000000000000000000, -0.0000000000000000000 ) ) ;
#2773 = VECTOR ( 'NONE', #574, 1000.000000000000000 ) ;
#2774 = CIRCLE ( 'NONE', #1804, 0.1250000000000000000 ) ;
#2775 = CARTESIAN_POINT ( 'NONE',  ( 1.125000000000000200, 0.2000000000000000100, 0.7499999999999998900 ) ) ;
#2776 = DIRECTION ( 'NONE',  ( 1.000000000000000000, 0.0000000000000000000, 0.0000000000000000000 ) ) ;
#2777 = LINE ( 'NONE', #1219, #2141 ) ;
#2778 = ORIENTED_EDGE ( 'NONE', *, *, #1354, .F. ) ;
#2779 = DIRECTION ( 'NONE',  ( -1.000000000000000000, -0.0000000000000000000, -0.0000000000000000000 ) ) ;
#2780 = CARTESIAN_POINT ( 'NONE',  ( 1.125000000000000200, 0.2000000000000000100, -0.1250000000000001100 ) ) ;
#2781 = EDGE_CURVE ( 'NONE', #1909, #1084, #1715, .T. ) ;
#2782 = VERTEX_POINT ( 'NONE', #2125 ) ;
#2783 = DIRECTION ( 'NONE',  ( 1.445602896647339200E-016, 0.0000000000000000000, 1.000000000000000000 ) ) ;
#2784 = AXIS2_PLACEMENT_3D ( 'NONE', #910, #184, #195 ) ;
#2785 = ORIENTED_EDGE ( 'NONE', *, *, #1386, .F. ) ;
#2786 = DIRECTION ( 'NONE',  ( 0.0000000000000000000, 0.0000000000000000000, -1.000000000000000000 ) ) ;
#2787 = AXIS2_PLACEMENT_3D ( 'NONE', #69, #2468, #2515 ) ;
#2788 = FACE_OUTER_BOUND ( 'NONE', #2372, .T. ) ;
#2789 = CARTESIAN_POINT ( 'NONE',  ( -1.500000000000000200, 0.1999999999999999800, -0.6250000000000001100 ) ) ;
#2790 = EDGE_LOOP ( 'NONE', ( #2464, #787, #1551, #1426 ) ) ;
#2791 = ADVANCED_FACE ( 'NONE', ( #3156 ), #2640, .F. ) ;
#2792 = EDGE_LOOP ( 'NONE', ( #1779, #166, #2, #1091 ) ) ;
#2793 = LINE ( 'NONE', #1754, #872 ) ;
#2794 = DIRECTION ( 'NONE',  ( -0.0000000000000000000, -1.000000000000000000, -0.0000000000000000000 ) ) ;
#2795 = CARTESIAN_POINT ( 'NONE',  ( -1.100000000000000300, 0.7500000000000000000, -0.9000000000000004700 ) ) ;
#2796 = ORIENTED_EDGE ( 'NONE', *, *, #1794, .F. ) ;
#2797 = ORIENTED_EDGE ( 'NONE', *, *, #3139, .F. ) ;
#2798 = AXIS2_PLACEMENT_3D ( 'NONE', #2243, #1039, #1291 ) ;
#2799 = DIRECTION ( 'NONE',  ( -7.228014483236695800E-017, 0.0000000000000000000, -1.000000000000000000 ) ) ;
#2800 = CARTESIAN_POINT ( 'NONE',  ( -1.500000000000000200, 0.05000000000000000300, -0.8750000000000001100 ) ) ;
#2801 = CARTESIAN_POINT ( 'NONE',  ( -0.7250000000000000900, 3.004014978561990700, 1.200000000000000000 ) ) ;
#2802 = DIRECTION ( 'NONE',  ( -1.000000000000000000, 0.0000000000000000000, -0.0000000000000000000 ) ) ;
#2803 = ORIENTED_EDGE ( 'NONE', *, *, #1505, .F. ) ;
#2804 = STYLED_ITEM ( 'NONE', ( #938 ), #556 ) ;
#2805 = CARTESIAN_POINT ( 'NONE',  ( 1.500000000000000200, 0.7590169943749476300, 0.1249999999999998900 ) ) ;
#2806 = DIRECTION ( 'NONE',  ( 1.000000000000000000, 0.0000000000000000000, 0.0000000000000000000 ) ) ;
#2807 = DIRECTION ( 'NONE',  ( 1.000000000000000000, 0.0000000000000000000, 0.0000000000000000000 ) ) ;
#2808 = EDGE_CURVE ( 'NONE', #2340, #87, #330, .T. ) ;
#2809 = VECTOR ( 'NONE', #214, 1000.000000000000000 ) ;
#2810 = DIRECTION ( 'NONE',  ( 0.0000000000000000000, -1.000000000000000000, 0.0000000000000000000 ) ) ;
#2811 = CARTESIAN_POINT ( 'NONE',  ( -1.500000000000000200, 0.1999999999999999800, -0.6250000000000001100 ) ) ;
#2812 =( LENGTH_UNIT ( ) NAMED_UNIT ( * ) SI_UNIT ( .MILLI., .METRE. ) );
#2813 = EDGE_CURVE ( 'NONE', #1665, #3014, #2170, .T. ) ;
#2814 = FACE_OUTER_BOUND ( 'NONE', #2877, .T. ) ;
#2815 = FACE_OUTER_BOUND ( 'NONE', #3106, .T. ) ;
#2816 = DIRECTION ( 'NONE',  ( 0.0000000000000000000, -1.000000000000000000, 0.0000000000000000000 ) ) ;
#2817 = ORIENTED_EDGE ( 'NONE', *, *, #1811, .T. ) ;
#2818 = ORIENTED_EDGE ( 'NONE', *, *, #1133, .T. ) ;
#2819 = VECTOR ( 'NONE', #2745, 1000.000000000000000 ) ;
#2820 = DIRECTION ( 'NONE',  ( 0.0000000000000000000, 1.000000000000000000, 0.0000000000000000000 ) ) ;
#2821 = DIRECTION ( 'NONE',  ( 0.0000000000000000000, 0.0000000000000000000, 1.000000000000000000 ) ) ;
#2822 = EDGE_LOOP ( 'NONE', ( #1200, #871, #2862, #587 ) ) ;
#2823 = VECTOR ( 'NONE', #2483, 1000.000000000000000 ) ;
#2824 = VERTEX_POINT ( 'NONE', #191 ) ;
#2825 = CARTESIAN_POINT ( 'NONE',  ( -0.7249999999999997600, 3.004014978561990700, -0.8499999999999998700 ) ) ;
#2826 = VECTOR ( 'NONE', #977, 1000.000000000000000 ) ;
#2827 = EDGE_CURVE ( 'NONE', #1186, #2593, #1748, .T. ) ;
#2828 = ORIENTED_EDGE ( 'NONE', *, *, #2447, .T. ) ;
#2829 = CARTESIAN_POINT ( 'NONE',  ( 0.7250000000000002000, 0.05000000000000012800, -1.200000000000000000 ) ) ;
#2830 = PRESENTATION_LAYER_ASSIGNMENT (  '', '', ( #1096 ) ) ;
#2831 = ORIENTED_EDGE ( 'NONE', *, *, #3139, .T. ) ;
#2832 = ORIENTED_EDGE ( 'NONE', *, *, #990, .T. ) ;
#2833 = CARTESIAN_POINT ( 'NONE',  ( 1.500000000000000000, 0.05000000000000000300, 0.3749999999999998900 ) ) ;
#2834 = VERTEX_POINT ( 'NONE', #458 ) ;
#2835 = DIRECTION ( 'NONE',  ( 0.0000000000000000000, 1.000000000000000000, 0.0000000000000000000 ) ) ;
#2836 = EDGE_CURVE ( 'NONE', #851, #976, #529, .T. ) ;
#2837 = ORIENTED_EDGE ( 'NONE', *, *, #2212, .T. ) ;
#2838 = AXIS2_PLACEMENT_3D ( 'NONE', #1998, #2489, #1776 ) ;
#2839 = DIRECTION ( 'NONE',  ( -1.000000000000000000, 0.0000000000000000000, -0.0000000000000000000 ) ) ;
#2840 = CIRCLE ( 'NONE', #217, 0.1250000000000000600 ) ;
#2841 = DIRECTION ( 'NONE',  ( 0.0000000000000000000, -1.000000000000000000, 0.0000000000000000000 ) ) ;
#2842 = DIRECTION ( 'NONE',  ( -0.0000000000000000000, 1.000000000000000000, -0.0000000000000000000 ) ) ;
#2843 = LINE ( 'NONE', #267, #639 ) ;
#2844 = VECTOR ( 'NONE', #543, 1000.000000000000000 ) ;
#2845 = AXIS2_PLACEMENT_3D ( 'NONE', #146, #2581, #182 ) ;
#2846 = CARTESIAN_POINT ( 'NONE',  ( -1.125000000000000200, 0.04999999999999999600, 0.1249999999999998900 ) ) ;
#2847 = ORIENTED_EDGE ( 'NONE', *, *, #2941, .F. ) ;
#2848 = VECTOR ( 'NONE', #1402, 1000.000000000000000 ) ;
#2849 = AXIS2_PLACEMENT_3D ( 'NONE', #2014, #331, #1060 ) ;
#2850 = CARTESIAN_POINT ( 'NONE',  ( -1.125000000000000200, 0.1999999999999999800, 0.7499999999999998900 ) ) ;
#2851 = DIRECTION ( 'NONE',  ( -0.0000000000000000000, -1.000000000000000000, -0.0000000000000000000 ) ) ;
#2852 = EDGE_CURVE ( 'NONE', #3014, #2355, #1142, .T. ) ;
#2853 = VECTOR ( 'NONE', #3032, 1000.000000000000000 ) ;
#2854 = CARTESIAN_POINT ( 'NONE',  ( 1.500000000000000200, 0.0000000000000000000, -0.8750000000000001100 ) ) ;
#2855 = DIRECTION ( 'NONE',  ( -0.0000000000000000000, 0.0000000000000000000, 1.000000000000000000 ) ) ;
#2856 = LINE ( 'NONE', #58, #2666 ) ;
#2857 = EDGE_LOOP ( 'NONE', ( #2962, #2674, #868, #2229 ) ) ;
#2858 = EDGE_CURVE ( 'NONE', #1624, #245, #2434, .T. ) ;
#2859 = ORIENTED_EDGE ( 'NONE', *, *, #808, .F. ) ;
#2860 = CARTESIAN_POINT ( 'NONE',  ( 1.125000000000000200, 0.2000000000000000100, 0.8749999999999998900 ) ) ;
#2861 = CARTESIAN_POINT ( 'NONE',  ( 1.499999999999999800, 0.8000000000000003800, -1.500000000000000400 ) ) ;
#2862 = ORIENTED_EDGE ( 'NONE', *, *, #1244, .T. ) ;
#2863 = EDGE_LOOP ( 'NONE', ( #1405, #1707, #346, #2878 ) ) ;
#2864 = FACE_OUTER_BOUND ( 'NONE', #550, .T. ) ;
#2865 = DIRECTION ( 'NONE',  ( -0.0000000000000000000, -1.000000000000000000, -0.0000000000000000000 ) ) ;
#2866 = ORIENTED_EDGE ( 'NONE', *, *, #151, .T. ) ;
#2867 = SURFACE_STYLE_USAGE ( .BOTH. , #477 ) ;
#2868 = LINE ( 'NONE', #1981, #3023 ) ;
#2869 = DIRECTION ( 'NONE',  ( 0.0000000000000000000, 0.0000000000000000000, -1.000000000000000000 ) ) ;
#2870 = ORIENTED_EDGE ( 'NONE', *, *, #1061, .F. ) ;
#2871 = LINE ( 'NONE', #1164, #2385 ) ;
#2872 = DIRECTION ( 'NONE',  ( -0.0000000000000000000, -0.0000000000000000000, 1.000000000000000000 ) ) ;
#2873 = EDGE_LOOP ( 'NONE', ( #2686, #2595, #40, #2568 ) ) ;
#2874 = DIRECTION ( 'NONE',  ( -0.0000000000000000000, -1.000000000000000000, -0.0000000000000000000 ) ) ;
#2875 = ORIENTED_EDGE ( 'NONE', *, *, #785, .F. ) ;
#2876 = EDGE_CURVE ( 'NONE', #1020, #3014, #3002, .T. ) ;
#2877 = EDGE_LOOP ( 'NONE', ( #2575, #653, #1098, #3053 ) ) ;
#2878 = ORIENTED_EDGE ( 'NONE', *, *, #55, .T. ) ;
#2879 = CARTESIAN_POINT ( 'NONE',  ( 1.125000000000000200, 0.7590169943749476300, 0.3749999999999998900 ) ) ;
#2880 = EDGE_LOOP ( 'NONE', ( #1706, #2648, #1494, #1016 ) ) ;
#2881 = CARTESIAN_POINT ( 'NONE',  ( -1.500000000000000200, 0.0000000000000000000, -0.1250000000000001100 ) ) ;
#2882 = DIRECTION ( 'NONE',  ( 0.0000000000000000000, -1.000000000000000000, 0.0000000000000000000 ) ) ;
#2883 = SHAPE_DEFINITION_REPRESENTATION ( #581, #1466 ) ;
#2884 = DIRECTION ( 'NONE',  ( -2.891205793294677800E-016, 0.0000000000000000000, 1.000000000000000000 ) ) ;
#2885 = DIRECTION ( 'NONE',  ( 1.000000000000000000, 0.0000000000000000000, 0.0000000000000000000 ) ) ;
#2886 = VECTOR ( 'NONE', #1190, 1000.000000000000000 ) ;
#2887 = EDGE_CURVE ( 'NONE', #1143, #691, #1347, .T. ) ;
#2888 = AXIS2_PLACEMENT_3D ( 'NONE', #431, #1424, #408 ) ;
#2889 = VECTOR ( 'NONE', #2086, 1000.000000000000000 ) ;
#2890 = DIRECTION ( 'NONE',  ( -1.000000000000000000, 0.0000000000000000000, -0.0000000000000000000 ) ) ;
#2891 = EDGE_CURVE ( 'NONE', #2824, #1858, #2614, .T. ) ;
#2892 = EDGE_LOOP ( 'NONE', ( #201, #2144, #2959, #2375 ) ) ;
#2893 = VECTOR ( 'NONE', #82, 1000.000000000000000 ) ;
#2894 = EDGE_LOOP ( 'NONE', ( #3132, #89, #1866, #2049 ) ) ;
#2895 = VERTEX_POINT ( 'NONE', #683 ) ;
#2896 = VECTOR ( 'NONE', #393, 1000.000000000000000 ) ;
#2897 = ORIENTED_EDGE ( 'NONE', *, *, #598, .T. ) ;
#2898 = DIRECTION ( 'NONE',  ( 0.0000000000000000000, 0.0000000000000000000, 1.000000000000000000 ) ) ;
#2899 = ADVANCED_FACE ( 'NONE', ( #840 ), #2651, .F. ) ;
#2900 = CARTESIAN_POINT ( 'NONE',  ( -1.500000000000000000, 0.05000000000000000300, 0.1249999999999998900 ) ) ;
#2901 = AXIS2_PLACEMENT_3D ( 'NONE', #2203, #1467, #718 ) ;
#2902 = FACE_OUTER_BOUND ( 'NONE', #1788, .T. ) ;
#2903 = ORIENTED_EDGE ( 'NONE', *, *, #118, .F. ) ;
#2904 = CARTESIAN_POINT ( 'NONE',  ( -0.7250000000000000900, 0.2000000000000000900, 1.200000000000000000 ) ) ;
#2905 = DIRECTION ( 'NONE',  ( 1.000000000000000000, 0.0000000000000000000, 0.0000000000000000000 ) ) ;
#2906 = VECTOR ( 'NONE', #2193, 1000.000000000000000 ) ;
#2907 = MANIFOLD_SOLID_BREP ( 'Housing', #2448 ) ;
#2908 = ORIENTED_EDGE ( 'NONE', *, *, #1881, .T. ) ;
#2909 = DIRECTION ( 'NONE',  ( 0.0000000000000000000, 1.000000000000000000, 0.0000000000000000000 ) ) ;
#2910 = LINE ( 'NONE', #2733, #2572 ) ;
#2911 = CARTESIAN_POINT ( 'NONE',  ( -1.500000000000000200, 0.2000000000000000100, 0.3749999999999998900 ) ) ;
#2912 = DIRECTION ( 'NONE',  ( -0.0000000000000000000, -1.000000000000000000, -0.0000000000000000000 ) ) ;
#2913 = VERTEX_POINT ( 'NONE', #3153 ) ;
#2914 = PRESENTATION_LAYER_ASSIGNMENT (  '', '', ( #1465 ) ) ;
#2915 = ORIENTED_EDGE ( 'NONE', *, *, #209, .F. ) ;
#2916 = CARTESIAN_POINT ( 'NONE',  ( -1.125000000000000200, 0.2000000000000000100, -0.6250000000000001100 ) ) ;
#2917 = EDGE_CURVE ( 'NONE', #833, #1458, #2843, .T. ) ;
#2918 = ORIENTED_EDGE ( 'NONE', *, *, #2420, .F. ) ;
#2919 = PLANE ( 'NONE',  #819 ) ;
#2920 = DIRECTION ( 'NONE',  ( 0.0000000000000000000, -0.0000000000000000000, -1.000000000000000000 ) ) ;
#2921 = DIRECTION ( 'NONE',  ( 1.000000000000000000, -0.0000000000000000000, 0.0000000000000000000 ) ) ;
#2922 = EDGE_CURVE ( 'NONE', #2782, #2293, #2395, .T. ) ;
#2923 = DIRECTION ( 'NONE',  ( 0.0000000000000000000, -1.000000000000000000, 0.0000000000000000000 ) ) ;
#2924 = CARTESIAN_POINT ( 'NONE',  ( -1.500000000000000200, 0.0000000000000000000, 0.3749999999999998900 ) ) ;
#2925 = CYLINDRICAL_SURFACE ( 'NONE', #419, 0.1250000000000000000 ) ;
#2926 = VERTEX_POINT ( 'NONE', #1931 ) ;
#2927 = LINE ( 'NONE', #2521, #1390 ) ;
#2928 = DIRECTION ( 'NONE',  ( 0.0000000000000000000, 0.0000000000000000000, 1.000000000000000000 ) ) ;
#2929 = LINE ( 'NONE', #1627, #1750 ) ;
#2930 = FILL_AREA_STYLE ('',( #762 ) ) ;
#2931 = LINE ( 'NONE', #469, #2287 ) ;
#2932 = DIRECTION ( 'NONE',  ( -0.0000000000000000000, 1.000000000000000000, -0.0000000000000000000 ) ) ;
#2933 = CARTESIAN_POINT ( 'NONE',  ( -1.125000000000000200, 0.04999999999999999600, 0.3749999999999998900 ) ) ;
#2934 = LINE ( 'NONE', #91, #2100 ) ;
#2935 = ORIENTED_EDGE ( 'NONE', *, *, #1814, .T. ) ;
#2936 = VERTEX_POINT ( 'NONE', #1235 ) ;
#2937 = CARTESIAN_POINT ( 'NONE',  ( -1.125000000000000200, 0.2000000000000002100, -0.1250000000000001100 ) ) ;
#2938 = VECTOR ( 'NONE', #2872, 1000.000000000000000 ) ;
#2939 = DIRECTION ( 'NONE',  ( 0.0000000000000000000, 1.000000000000000000, 0.0000000000000000000 ) ) ;
#2940 = ORIENTED_EDGE ( 'NONE', *, *, #180, .T. ) ;
#2941 = EDGE_CURVE ( 'NONE', #2462, #784, #914, .T. ) ;
#2942 = CYLINDRICAL_SURFACE ( 'NONE', #798, 0.1250000000000000000 ) ;
#2943 = DIRECTION ( 'NONE',  ( 0.0000000000000000000, 0.0000000000000000000, -1.000000000000000000 ) ) ;
#2944 = VERTEX_POINT ( 'NONE', #18 ) ;
#2945 = CARTESIAN_POINT ( 'NONE',  ( 1.084202172485505900E-016, 0.05000000000000000300, -0.3750000000000005600 ) ) ;
#2946 = EDGE_LOOP ( 'NONE', ( #1128, #1398, #1596, #410 ) ) ;
#2947 = LINE ( 'NONE', #3060, #2641 ) ;
#2948 = VERTEX_POINT ( 'NONE', #486 ) ;
#2949 = CARTESIAN_POINT ( 'NONE',  ( -1.125000000000000200, 0.0000000000000000000, 0.8749999999999998900 ) ) ;
#2950 = VERTEX_POINT ( 'NONE', #1693 ) ;
#2951 = LINE ( 'NONE', #799, #1630 ) ;
#2952 = ADVANCED_FACE ( 'NONE', ( #2583 ), #474, .T. ) ;
#2953 = CARTESIAN_POINT ( 'NONE',  ( -1.500000000000000200, 0.04999999999999999600, 0.8749999999999998900 ) ) ;
#2954 = EDGE_CURVE ( 'NONE', #276, #1530, #600, .T. ) ;
#2955 = DIRECTION ( 'NONE',  ( 1.000000000000000000, -0.0000000000000000000, 0.0000000000000000000 ) ) ;
#2956 = DIRECTION ( 'NONE',  ( -0.0000000000000000000, -1.000000000000000000, -0.0000000000000000000 ) ) ;
#2957 = ORIENTED_EDGE ( 'NONE', *, *, #3098, .F. ) ;
#2958 = EDGE_CURVE ( 'NONE', #211, #127, #1110, .T. ) ;
#2959 = ORIENTED_EDGE ( 'NONE', *, *, #2172, .T. ) ;
#2960 = CARTESIAN_POINT ( 'NONE',  ( 1.125000000000000200, 0.1999999999999999800, -0.1250000000000001100 ) ) ;
#2961 = AXIS2_PLACEMENT_3D ( 'NONE', #992, #1206, #703 ) ;
#2962 = ORIENTED_EDGE ( 'NONE', *, *, #2876, .F. ) ;
#2963 = DIRECTION ( 'NONE',  ( 1.000000000000000000, 0.0000000000000000000, 2.891205793294677800E-016 ) ) ;
#2964 = DIRECTION ( 'NONE',  ( 0.0000000000000000000, 0.0000000000000000000, 1.000000000000000000 ) ) ;
#2965 = VECTOR ( 'NONE', #451, 1000.000000000000000 ) ;
#2966 = ADVANCED_FACE ( 'NONE', ( #805 ), #3161, .F. ) ;
#2967 = LINE ( 'NONE', #2789, #812 ) ;
#2968 = SURFACE_SIDE_STYLE ('',( #2979 ) ) ;
#2969 = PLANE ( 'NONE',  #1791 ) ;
#2970 = FACE_OUTER_BOUND ( 'NONE', #1803, .T. ) ;
#2971 = DIRECTION ( 'NONE',  ( 0.0000000000000000000, 1.000000000000000000, -0.0000000000000000000 ) ) ;
#2972 = DIRECTION ( 'NONE',  ( 1.000000000000000000, 0.0000000000000000000, 0.0000000000000000000 ) ) ;
#2973 = LINE ( 'NONE', #2881, #2938 ) ;
#2974 = EDGE_CURVE ( 'NONE', #1217, #3006, #3155, .T. ) ;
#2975 = ORIENTED_EDGE ( 'NONE', *, *, #2996, .F. ) ;
#2976 = CARTESIAN_POINT ( 'NONE',  ( -1.125000000000000200, 0.2000000000000000100, -0.1250000000000001100 ) ) ;
#2977 = VERTEX_POINT ( 'NONE', #2484 ) ;
#2978 =( NAMED_UNIT ( * ) PLANE_ANGLE_UNIT ( ) SI_UNIT ( $, .RADIAN. ) );
#2979 = SURFACE_STYLE_FILL_AREA ( #2240 ) ;
#2980 = EDGE_LOOP ( 'NONE', ( #2040, #459, #1478, #2563 ) ) ;
#2981 = DIRECTION ( 'NONE',  ( -0.0000000000000000000, 0.0000000000000000000, 1.000000000000000000 ) ) ;
#2982 = DIRECTION ( 'NONE',  ( 1.586637325588543200E-016, -0.0000000000000000000, -1.000000000000000000 ) ) ;
#2983 = FACE_OUTER_BOUND ( 'NONE', #1867, .T. ) ;
#2984 = EDGE_CURVE ( 'NONE', #2936, #2052, #409, .T. ) ;
#2985 = ORIENTED_EDGE ( 'NONE', *, *, #1325, .F. ) ;
#2986 = CARTESIAN_POINT ( 'NONE',  ( 1.500000000000000200, 0.2000000000000000100, -0.1250000000000001100 ) ) ;
#2987 = DIRECTION ( 'NONE',  ( 0.0000000000000000000, 0.0000000000000000000, -1.000000000000000000 ) ) ;
#2988 = EDGE_LOOP ( 'NONE', ( #1959, #3164, #1632, #634 ) ) ;
#2989 = DIRECTION ( 'NONE',  ( 0.0000000000000000000, -1.000000000000000000, 0.0000000000000000000 ) ) ;
#2990 = DIRECTION ( 'NONE',  ( -1.000000000000000000, -0.0000000000000000000, -0.0000000000000000000 ) ) ;
#2991 = AXIS2_PLACEMENT_3D ( 'NONE', #2580, #3100, #2368 ) ;
#2992 = VERTEX_POINT ( 'NONE', #2683 ) ;
#2993 = ORIENTED_EDGE ( 'NONE', *, *, #1325, .T. ) ;
#2994 = PLANE ( 'NONE',  #1319 ) ;
#2995 = DIRECTION ( 'NONE',  ( -0.0000000000000000000, -1.000000000000000000, -0.0000000000000000000 ) ) ;
#2996 = EDGE_CURVE ( 'NONE', #3016, #711, #1425, .T. ) ;
#2997 = EDGE_LOOP ( 'NONE', ( #1209, #2198, #601, #2525 ) ) ;
#2998 = CARTESIAN_POINT ( 'NONE',  ( 1.500000000000000200, 0.2000000000000000100, 0.1249999999999998900 ) ) ;
#2999 = DIRECTION ( 'NONE',  ( 1.000000000000000000, 0.0000000000000000000, 0.0000000000000000000 ) ) ;
#3000 = DIRECTION ( 'NONE',  ( -1.000000000000000000, 0.0000000000000000000, -0.0000000000000000000 ) ) ;
#3001 = DIRECTION ( 'NONE',  ( 1.000000000000000000, 0.0000000000000000000, 0.0000000000000000000 ) ) ;
#3002 = LINE ( 'NONE', #1162, #67 ) ;
#3003 = ORIENTED_EDGE ( 'NONE', *, *, #160, .T. ) ;
#3004 = VECTOR ( 'NONE', #2851, 1000.000000000000000 ) ;
#3005 = UNCERTAINTY_MEASURE_WITH_UNIT (LENGTH_MEASURE( 1.000000000000000100E-005 ), #896, 'distance_accuracy_value', 'NONE');
#3006 = VERTEX_POINT ( 'NONE', #1759 ) ;
#3007 = DIRECTION ( 'NONE',  ( 0.0000000000000000000, -1.000000000000000000, 0.0000000000000000000 ) ) ;
#3008 = DIRECTION ( 'NONE',  ( 0.0000000000000000000, 0.0000000000000000000, -1.000000000000000000 ) ) ;
#3009 = ORIENTED_EDGE ( 'NONE', *, *, #520, .T. ) ;
#3010 = LINE ( 'NONE', #858, #1615 ) ;
#3011 = ORIENTED_EDGE ( 'NONE', *, *, #779, .F. ) ;
#3012 = AXIS2_PLACEMENT_3D ( 'NONE', #1643, #1391, #155 ) ;
#3013 = LINE ( 'NONE', #1667, #2373 ) ;
#3014 = VERTEX_POINT ( 'NONE', #2949 ) ;
#3015 = AXIS2_PLACEMENT_3D ( 'NONE', #548, #61, #3061 ) ;
#3016 = VERTEX_POINT ( 'NONE', #813 ) ;
#3017 = VECTOR ( 'NONE', #1247, 1000.000000000000000 ) ;
#3018 = CARTESIAN_POINT ( 'NONE',  ( -1.500000000000000200, 0.2000000000000000100, -0.1250000000000001100 ) ) ;
#3019 = EDGE_CURVE ( 'NONE', #482, #1879, #148, .T. ) ;
#3020 = DIRECTION ( 'NONE',  ( -0.0000000000000000000, -1.000000000000000000, -0.0000000000000000000 ) ) ;
#3021 = VERTEX_POINT ( 'NONE', #1308 ) ;
#3022 = PLANE ( 'NONE',  #337 ) ;
#3023 = VECTOR ( 'NONE', #1237, 1000.000000000000000 ) ;
#3024 = ADVANCED_FACE ( 'NONE', ( #2658 ), #2925, .T. ) ;
#3025 = ORIENTED_EDGE ( 'NONE', *, *, #779, .T. ) ;
#3026 = FACE_OUTER_BOUND ( 'NONE', #2863, .T. ) ;
#3027 = EDGE_CURVE ( 'NONE', #1918, #2725, #1309, .T. ) ;
#3028 = ORIENTED_EDGE ( 'NONE', *, *, #2378, .T. ) ;
#3029 = ORIENTED_EDGE ( 'NONE', *, *, #2413, .F. ) ;
#3030 = LINE ( 'NONE', #1008, #1844 ) ;
#3031 = DIRECTION ( 'NONE',  ( -1.000000000000000000, 0.0000000000000000000, -2.891205793294677800E-016 ) ) ;
#3032 = DIRECTION ( 'NONE',  ( -0.0000000000000000000, -1.000000000000000000, -0.0000000000000000000 ) ) ;
#3033 = VERTEX_POINT ( 'NONE', #802 ) ;
#3034 = AXIS2_PLACEMENT_3D ( 'NONE', #1887, #2084, #1400 ) ;
#3035 = DIRECTION ( 'NONE',  ( -0.7071067811865474600, 0.0000000000000000000, 0.7071067811865475700 ) ) ;
#3036 = ORIENTED_EDGE ( 'NONE', *, *, #1850, .T. ) ;
#3037 = CARTESIAN_POINT ( 'NONE',  ( -1.125000000000000200, 0.7590169943749476300, 0.6249999999999998900 ) ) ;
#3038 = ADVANCED_FACE ( 'NONE', ( #1857 ), #2281, .F. ) ;
#3039 = EDGE_CURVE ( 'NONE', #2105, #2002, #1573, .T. ) ;
#3040 = VECTOR ( 'NONE', #1430, 1000.000000000000000 ) ;
#3041 =( GEOMETRIC_REPRESENTATION_CONTEXT ( 3 ) GLOBAL_UNCERTAINTY_ASSIGNED_CONTEXT ( ( #1227 ) ) GLOBAL_UNIT_ASSIGNED_CONTEXT ( ( #2446, #2646, #751 ) ) REPRESENTATION_CONTEXT ( 'NONE', 'WORKASPACE' ) );
#3042 = VERTEX_POINT ( 'NONE', #774 ) ;
#3043 = VECTOR ( 'NONE', #933, 1000.000000000000000 ) ;
#3044 = DIRECTION ( 'NONE',  ( 0.0000000000000000000, 0.0000000000000000000, 1.000000000000000000 ) ) ;
#3045 = LINE ( 'NONE', #2744, #2401 ) ;
#3046 = VECTOR ( 'NONE', #2430, 1000.000000000000000 ) ;
#3047 = CARTESIAN_POINT ( 'NONE',  ( 0.7249999999999999800, 3.004014978561990700, 1.200000000000000000 ) ) ;
#3048 = EDGE_LOOP ( 'NONE', ( #1949, #1363, #1825, #2975 ) ) ;
#3049 = CARTESIAN_POINT ( 'NONE',  ( 1.125000000000000200, 0.7590169943749476300, 0.8749999999999998900 ) ) ;
#3050 = LINE ( 'NONE', #1898, #503 ) ;
#3051 = EDGE_LOOP ( 'NONE', ( #2060, #1584, #2720, #1548 ) ) ;
#3052 = CARTESIAN_POINT ( 'NONE',  ( -1.125000000000000200, 0.2000000000000000100, 0.7499999999999998900 ) ) ;
#3053 = ORIENTED_EDGE ( 'NONE', *, *, #579, .T. ) ;
#3054 = EDGE_CURVE ( 'NONE', #2977, #1143, #2129, .T. ) ;
#3055 = EDGE_LOOP ( 'NONE', ( #1012, #436, #823, #1434 ) ) ;
#3056 = CARTESIAN_POINT ( 'NONE',  ( -1.500000000000000200, 0.05000000000000000300, -1.500000000000000000 ) ) ;
#3057 = VECTOR ( 'NONE', #1705, 1000.000000000000000 ) ;
#3058 = PRESENTATION_LAYER_ASSIGNMENT (  '', '', ( #536 ) ) ;
#3059 = EDGE_LOOP ( 'NONE', ( #1330, #1721, #2729, #2870 ) ) ;
#3060 = CARTESIAN_POINT ( 'NONE',  ( -1.100000000000000300, 0.7500000000000000000, -0.9000000000000004700 ) ) ;
#3061 = DIRECTION ( 'NONE',  ( 0.0000000000000000000, 0.0000000000000000000, -1.000000000000000000 ) ) ;
#3062 = CARTESIAN_POINT ( 'NONE',  ( 1.500000000000000200, 0.0000000000000000000, -0.6250000000000001100 ) ) ;
#3063 = VERTEX_POINT ( 'NONE', #2727 ) ;
#3064 = ORIENTED_EDGE ( 'NONE', *, *, #2984, .T. ) ;
#3065 = SURFACE_STYLE_FILL_AREA ( #2438 ) ;
#3066 = CARTESIAN_POINT ( 'NONE',  ( -1.500000000000000200, 0.2000000000000000100, -0.3750000000000001100 ) ) ;
#3067 = APPLICATION_CONTEXT ( 'automotive_design' ) ;
#3068 = ORIENTED_EDGE ( 'NONE', *, *, #1881, .F. ) ;
#3069 = ORIENTED_EDGE ( 'NONE', *, *, #2313, .T. ) ;
#3070 = AXIS2_PLACEMENT_3D ( 'NONE', #483, #2898, #2187 ) ;
#3071 = CARTESIAN_POINT ( 'NONE',  ( -1.500000000000000200, 0.2000000000000000100, -0.6250000000000001100 ) ) ;
#3072 = DIRECTION ( 'NONE',  ( -0.0000000000000000000, -1.000000000000000000, -0.0000000000000000000 ) ) ;
#3073 = VERTEX_POINT ( 'NONE', #1275 ) ;
#3074 = STYLED_ITEM ( 'NONE', ( #867 ), #307 ) ;
#3075 = DIRECTION ( 'NONE',  ( -1.000000000000000000, -0.0000000000000000000, -0.0000000000000000000 ) ) ;
#3076 = CARTESIAN_POINT ( 'NONE',  ( 1.125000000000000200, 0.04999999999999999600, -0.3750000000000001100 ) ) ;
#3077 = DIRECTION ( 'NONE',  ( 1.000000000000000000, 0.0000000000000000000, 0.0000000000000000000 ) ) ;
#3078 = CARTESIAN_POINT ( 'NONE',  ( 1.500000000000000200, 0.2000000000000000100, -0.1250000000000001100 ) ) ;
#3079 = LINE ( 'NONE', #134, #3004 ) ;
#3080 = DIRECTION ( 'NONE',  ( 0.0000000000000000000, 1.000000000000000000, 0.0000000000000000000 ) ) ;
#3081 = ORIENTED_EDGE ( 'NONE', *, *, #1264, .F. ) ;
#3082 = ADVANCED_FACE ( 'NONE', ( #1387 ), #2969, .T. ) ;
#3083 = EDGE_CURVE ( 'NONE', #2386, #95, #2766, .T. ) ;
#3084 = DIRECTION ( 'NONE',  ( 0.0000000000000000000, 0.0000000000000000000, 1.000000000000000000 ) ) ;
#3085 = LINE ( 'NONE', #2169, #2520 ) ;
#3086 = FACE_OUTER_BOUND ( 'NONE', #1913, .T. ) ;
#3087 = DIRECTION ( 'NONE',  ( 0.0000000000000000000, 0.0000000000000000000, -1.000000000000000000 ) ) ;
#3088 = CARTESIAN_POINT ( 'NONE',  ( 1.125000000000000200, 0.0000000000000000000, 0.1249999999999997900 ) ) ;
#3089 = VECTOR ( 'NONE', #937, 1000.000000000000000 ) ;
#3090 = CARTESIAN_POINT ( 'NONE',  ( -1.100000000000000300, 0.8000000000000000400, -1.100000000000000500 ) ) ;
#3091 = DIRECTION ( 'NONE',  ( 0.0000000000000000000, -0.0000000000000000000, 1.000000000000000000 ) ) ;
#3092 = ORIENTED_EDGE ( 'NONE', *, *, #2984, .F. ) ;
#3093 = CARTESIAN_POINT ( 'NONE',  ( 1.125000000000000200, 0.7590169943749476300, -0.7500000000000001100 ) ) ;
#3094 = LINE ( 'NONE', #1130, #2672 ) ;
#3095 = AXIS2_PLACEMENT_3D ( 'NONE', #1951, #2441, #497 ) ;
#3096 = VERTEX_POINT ( 'NONE', #1321 ) ;
#3097 = APPLICATION_CONTEXT ( 'automotive_design' ) ;
#3098 = EDGE_CURVE ( 'NONE', #158, #1051, #2051, .T. ) ;
#3099 = ORIENTED_EDGE ( 'NONE', *, *, #1834, .F. ) ;
#3100 = DIRECTION ( 'NONE',  ( 0.0000000000000000000, 0.0000000000000000000, -1.000000000000000000 ) ) ;
#3101 = DIRECTION ( 'NONE',  ( 0.7071067811865474600, 0.0000000000000000000, -0.7071067811865475700 ) ) ;
#3102 = VECTOR ( 'NONE', #712, 1000.000000000000000 ) ;
#3103 = DIRECTION ( 'NONE',  ( -0.0000000000000000000, -1.000000000000000000, -0.0000000000000000000 ) ) ;
#3104 = ORIENTED_EDGE ( 'NONE', *, *, #2808, .F. ) ;
#3105 = EDGE_CURVE ( 'NONE', #1481, #2495, #2697, .T. ) ;
#3106 = EDGE_LOOP ( 'NONE', ( #2915, #578, #736, #2018 ) ) ;
#3107 = DIRECTION ( 'NONE',  ( 0.0000000000000000000, 0.0000000000000000000, -1.000000000000000000 ) ) ;
#3108 = DIRECTION ( 'NONE',  ( 0.0000000000000000000, -1.000000000000000000, 0.0000000000000000000 ) ) ;
#3109 = CARTESIAN_POINT ( 'NONE',  ( -1.500000000000000200, 0.2000000000000000100, 0.8749999999999998900 ) ) ;
#3110 = VECTOR ( 'NONE', #2190, 1000.000000000000000 ) ;
#3111 = VERTEX_POINT ( 'NONE', #334 ) ;
#3112 = EDGE_CURVE ( 'NONE', #2485, #754, #2048, .T. ) ;
#3113 = DIRECTION ( 'NONE',  ( 0.0000000000000000000, 0.0000000000000000000, 1.000000000000000000 ) ) ;
#3114 = DIRECTION ( 'NONE',  ( 0.0000000000000000000, -1.000000000000000000, 0.0000000000000000000 ) ) ;
#3115 = FACE_OUTER_BOUND ( 'NONE', #1769, .T. ) ;
#3116 = CARTESIAN_POINT ( 'NONE',  ( 1.125000000000000200, 0.2000000000000002100, 0.1249999999999998900 ) ) ;
#3117 = EDGE_CURVE ( 'NONE', #2688, #1186, #1307, .T. ) ;
#3118 = LINE ( 'NONE', #1469, #187 ) ;
#3119 = VECTOR ( 'NONE', #719, 1000.000000000000000 ) ;
#3120 = DIRECTION ( 'NONE',  ( 0.0000000000000000000, 0.0000000000000000000, 1.000000000000000000 ) ) ;
#3121 = ADVANCED_FACE ( 'NONE', ( #257 ), #865, .T. ) ;
#3122 = SURFACE_STYLE_FILL_AREA ( #1687 ) ;
#3123 = AXIS2_PLACEMENT_3D ( 'NONE', #1695, #2180, #726 ) ;
#3124 = ORIENTED_EDGE ( 'NONE', *, *, #3158, .F. ) ;
#3125 = ORIENTED_EDGE ( 'NONE', *, *, #2548, .T. ) ;
#3126 = VECTOR ( 'NONE', #1790, 1000.000000000000000 ) ;
#3127 = ORIENTED_EDGE ( 'NONE', *, *, #1030, .T. ) ;
#3128 = DIRECTION ( 'NONE',  ( 0.0000000000000000000, 1.000000000000000000, 0.0000000000000000000 ) ) ;
#3129 = VECTOR ( 'NONE', #1872, 1000.000000000000000 ) ;
#3130 = PLANE ( 'NONE',  #1739 ) ;
#3131 =( GEOMETRIC_REPRESENTATION_CONTEXT ( 3 ) GLOBAL_UNCERTAINTY_ASSIGNED_CONTEXT ( ( #796 ) ) GLOBAL_UNIT_ASSIGNED_CONTEXT ( ( #2345, #2609, #2357 ) ) REPRESENTATION_CONTEXT ( 'NONE', 'WORKASPACE' ) );
#3132 = ORIENTED_EDGE ( 'NONE', *, *, #1723, .F. ) ;
#3133 = FACE_OUTER_BOUND ( 'NONE', #1876, .T. ) ;
#3134 =( GEOMETRIC_REPRESENTATION_CONTEXT ( 3 ) GLOBAL_UNCERTAINTY_ASSIGNED_CONTEXT ( ( #2053 ) ) GLOBAL_UNIT_ASSIGNED_CONTEXT ( ( #2352, #1407, #1883 ) ) REPRESENTATION_CONTEXT ( 'NONE', 'WORKASPACE' ) );
#3135 = DIRECTION ( 'NONE',  ( 0.0000000000000000000, 1.000000000000000000, 0.0000000000000000000 ) ) ;
#3136 = ORIENTED_EDGE ( 'NONE', *, *, #20, .F. ) ;
#3137 = CARTESIAN_POINT ( 'NONE',  ( 1.125000000000000200, 0.2000000000000000100, -0.6250000000000001100 ) ) ;
#3138 = ORIENTED_EDGE ( 'NONE', *, *, #2406, .T. ) ;
#3139 = EDGE_CURVE ( 'NONE', #245, #1592, #2840, .T. ) ;
#3140 = CYLINDRICAL_SURFACE ( 'NONE', #2787, 0.1250000000000000600 ) ;
#3141 = PLANE ( 'NONE',  #109 ) ;
#3142 = CARTESIAN_POINT ( 'NONE',  ( 1.125000000000000200, 0.1999999999999999800, -0.7500000000000001100 ) ) ;
#3143 = EDGE_LOOP ( 'NONE', ( #1730, #282, #2818, #1050 ) ) ;
#3144 = VERTEX_POINT ( 'NONE', #2795 ) ;
#3145 = DIRECTION ( 'NONE',  ( 0.0000000000000000000, 1.000000000000000000, 0.0000000000000000000 ) ) ;
#3146 = CARTESIAN_POINT ( 'NONE',  ( 0.0000000000000000000, 0.05000000000000000300, 0.8749999999999998900 ) ) ;
#3147 = EDGE_CURVE ( 'NONE', #674, #95, #2735, .T. ) ;
#3148 = CARTESIAN_POINT ( 'NONE',  ( 1.125000000000000200, 0.2000000000000000100, 0.1249999999999997900 ) ) ;
#3149 =( NAMED_UNIT ( * ) SI_UNIT ( $, .STERADIAN. ) SOLID_ANGLE_UNIT ( ) );
#3150 = VERTEX_POINT ( 'NONE', #835 ) ;
#3151 = DIRECTION ( 'NONE',  ( -2.891205793294677800E-016, 0.0000000000000000000, 1.000000000000000000 ) ) ;
#3152 = LINE ( 'NONE', #1362, #370 ) ;
#3153 = CARTESIAN_POINT ( 'NONE',  ( -0.7249999999999997600, 0.2000000000000000900, -0.8499999999999998700 ) ) ;
#3154 = CARTESIAN_POINT ( 'NONE',  ( 0.0000000000000000000, 0.05000000000000000300, -0.1250000000000001100 ) ) ;
#3155 = LINE ( 'NONE', #789, #2470 ) ;
#3156 = FACE_OUTER_BOUND ( 'NONE', #893, .T. ) ;
#3157 = CARTESIAN_POINT ( 'NONE',  ( 1.125000000000000200, 0.2000000000000000100, 0.8749999999999998900 ) ) ;
#3158 = EDGE_CURVE ( 'NONE', #1051, #137, #3152, .T. ) ;
#3159 = VECTOR ( 'NONE', #2842, 1000.000000000000000 ) ;
#3160 = CARTESIAN_POINT ( 'NONE',  ( 1.125000000000000200, 0.2000000000000000100, -0.8750000000000002200 ) ) ;
#3161 = PLANE ( 'NONE',  #3095 ) ;
#3162 = VECTOR ( 'NONE', #3007, 1000.000000000000000 ) ;
#3163 = CARTESIAN_POINT ( 'NONE',  ( 1.125000000000000200, 0.7590169943749476300, -0.6250000000000001100 ) ) ;
#3164 = ORIENTED_EDGE ( 'NONE', *, *, #335, .F. ) ;
#3165 = DIRECTION ( 'NONE',  ( -1.000000000000000000, 0.0000000000000000000, -2.891205793294677800E-016 ) ) ;
#3166 = EDGE_LOOP ( 'NONE', ( #2613, #2310, #2714, #2409 ) ) ;
ENDSEC;
END-ISO-10303-21;
