ISO-10303-21;
HEADER;
FILE_DESCRIPTION (( 'STEP AP214' ),
    '1' );
FILE_NAME ('CUI_DEVICES_TS04-66-65-BK-260-SMT.step',
    '2024-05-13T16:05:18',
    ( '' ),
    ( '' ),
    'SwSTEP 2.0',
    'SolidWorks 2024',
    '' );
FILE_SCHEMA (( 'AUTOMOTIVE_DESIGN' ));
ENDSEC;

DATA;
#1 = CIRCLE ( 'NONE', #2240, 0.003937007874015758385 ) ;
#2 = EDGE_LOOP ( 'NONE', ( #3223, #160, #1990, #3188 ) ) ;
#3 = CYLINDRICAL_SURFACE ( 'NONE', #3347, 0.01181102362204725781 ) ;
#4 = CARTESIAN_POINT ( 'NONE',  ( 0.1122047244094488277, 0.1377952755905511861, -0.1122047244094488277 ) ) ;
#5 = AXIS2_PLACEMENT_3D ( 'NONE', #2992, #2675, #1604 ) ;
#6 = FACE_OUTER_BOUND ( 'NONE', #680, .T. ) ;
#7 = ORIENTED_EDGE ( 'NONE', *, *, #1899, .F. ) ;
#8 = DIRECTION ( 'NONE',  ( 0.000000000000000000, 0.000000000000000000, 1.000000000000000000 ) ) ;
#9 = VERTEX_POINT ( 'NONE', #1947 ) ;
#10 = VECTOR ( 'NONE', #1002, 39.37007874015748143 ) ;
#11 = ADVANCED_FACE ( 'NONE', ( #1628 ), #3050, .F. ) ;
#12 = FACE_OUTER_BOUND ( 'NONE', #1582, .T. ) ;
#13 = DIRECTION ( 'NONE',  ( 0.000000000000000000, -1.000000000000000000, 0.000000000000000000 ) ) ;
#15 = EDGE_CURVE ( 'NONE', #296, #3115, #1755, .T. ) ;
#14 = CARTESIAN_POINT ( 'NONE',  ( -0.1181102362204724532, 0.1299212598425196763, -0.1181102362204724532 ) ) ;
#16 = CARTESIAN_POINT ( 'NONE',  ( -0.1496062992125984370, 0.02755905511811023584, -0.1023622047244094613 ) ) ;
#17 = VERTEX_POINT ( 'NONE', #2757 ) ;
#18 = DIRECTION ( 'NONE',  ( 0.000000000000000000, 0.000000000000000000, 1.000000000000000000 ) ) ;
#19 = EDGE_CURVE ( 'NONE', #2656, #1496, #2274, .T. ) ;
#20 = VERTEX_POINT ( 'NONE', #1396 ) ;
#21 = CYLINDRICAL_SURFACE ( 'NONE', #2628, 0.01574803149606299885 ) ;
#22 = CARTESIAN_POINT ( 'NONE',  ( -0.1122047244094488277, 0.1299212598425196763, 0.1181102362204724532 ) ) ;
#23 = VERTEX_POINT ( 'NONE', #1695 ) ;
#24 = DIRECTION ( 'NONE',  ( 0.000000000000000000, 1.000000000000000000, 0.000000000000000000 ) ) ;
#25 = ORIENTED_EDGE ( 'NONE', *, *, #3067, .T. ) ;
#26 = CARTESIAN_POINT ( 'NONE',  ( 0.08858267716535433989, 0.1299212598425196763, -0.07283464566929134798 ) ) ;
#27 = CARTESIAN_POINT ( 'NONE',  ( 0.1181102362204724532, 0.03149606299212598381, 0.1023622047244094613 ) ) ;
#28 = DIRECTION ( 'NONE',  ( 0.000000000000000000, 1.000000000000000000, 0.000000000000000000 ) ) ;
#29 = ADVANCED_FACE ( 'NONE', ( #3557 ), #2162, .T. ) ;
#30 = CARTESIAN_POINT ( 'NONE',  ( 0.1181102362204724532, 0.03149606299212598381, -0.1023622047244094613 ) ) ;
#31 = ORIENTED_EDGE ( 'NONE', *, *, #917, .F. ) ;
#32 = CYLINDRICAL_SURFACE ( 'NONE', #3092, 0.01574803149606299885 ) ;
#33 = DIRECTION ( 'NONE',  ( -1.000000000000000000, 0.000000000000000000, 0.000000000000000000 ) ) ;
#34 = EDGE_CURVE ( 'NONE', #1553, #1837, #1092, .T. ) ;
#35 = ORIENTED_EDGE ( 'NONE', *, *, #3367, .T. ) ;
#36 = CARTESIAN_POINT ( 'NONE',  ( 0.1653543307086614567, 0.003937007874015747977, 0.1023622047244094613 ) ) ;
#37 = VERTEX_POINT ( 'NONE', #2217 ) ;
#38 = ORIENTED_EDGE ( 'NONE', *, *, #1417, .F. ) ;
#39 = EDGE_CURVE ( 'NONE', #2940, #1492, #847, .T. ) ;
#41 = ORIENTED_EDGE ( 'NONE', *, *, #356, .T. ) ;
#40 = VECTOR ( 'NONE', #1994, 39.37007874015748143 ) ;
#42 = AXIS2_PLACEMENT_3D ( 'NONE', #2057, #1789, #2888 ) ;
#43 = DIRECTION ( 'NONE',  ( -1.000000000000000000, 0.000000000000000000, 0.000000000000000000 ) ) ;
#44 = CARTESIAN_POINT ( 'NONE',  ( -0.1653543307086614567, -0.003937007874015747977, -0.1023622047244094613 ) ) ;
#45 = DIRECTION ( 'NONE',  ( 0.000000000000000000, 0.000000000000000000, 1.000000000000000000 ) ) ;
#46 = VECTOR ( 'NONE', #2482, 39.37007874015748143 ) ;
#47 = EDGE_CURVE ( 'NONE', #3398, #953, #2225, .T. ) ;
#48 = CIRCLE ( 'NONE', #1477, 0.005905511811023620231 ) ;
#49 = PLANE ( 'NONE',  #449 ) ;
#50 = CARTESIAN_POINT ( 'NONE',  ( 0.08858267716535433989, 0.1823374350353732243, -0.08858267716535433989 ) ) ;
#51 = FACE_OUTER_BOUND ( 'NONE', #266, .T. ) ;
#52 = EDGE_LOOP ( 'NONE', ( #2161, #1817 ) ) ;
#53 = ADVANCED_FACE ( 'NONE', ( #871 ), #3540, .T. ) ;
#54 = AXIS2_PLACEMENT_3D ( 'NONE', #3057, #3247, #314 ) ;
#55 = CARTESIAN_POINT ( 'NONE',  ( -0.08858267716535433989, 0.1377952755905511861, 0.1043307086614173457 ) ) ;
#56 = MECHANICAL_DESIGN_GEOMETRIC_PRESENTATION_REPRESENTATION (  '', ( #1147 ), #681 ) ;
#57 = ORIENTED_EDGE ( 'NONE', *, *, #2307, .T. ) ;
#58 = LINE ( 'NONE', #1979, #2679 ) ;
#59 = ORIENTED_EDGE ( 'NONE', *, *, #695, .F. ) ;
#60 = EDGE_CURVE ( 'NONE', #370, #290, #2365, .T. ) ;
#61 = VECTOR ( 'NONE', #3462, 39.37007874015748143 ) ;
#62 = CARTESIAN_POINT ( 'NONE',  ( 0.000000000000000000, 0.1377952755905511861, 0.07283464566929134798 ) ) ;
#63 = DIRECTION ( 'NONE',  ( -1.734723475976804925E-15, -1.000000000000000000, 0.000000000000000000 ) ) ;
#64 = DIRECTION ( 'NONE',  ( 0.000000000000000000, -1.000000000000000000, 0.000000000000000000 ) ) ;
#65 = PRESENTATION_LAYER_ASSIGNMENT (  '', '', ( #923 ) ) ;
#66 = CYLINDRICAL_SURFACE ( 'NONE', #1771, 0.01574803149606299191 ) ;
#67 = DIRECTION ( 'NONE',  ( 0.000000000000000000, -1.000000000000000000, 0.000000000000000000 ) ) ;
#68 = CARTESIAN_POINT ( 'NONE',  ( 0.1614173228346456879, 0.02755905511811023584, -0.1023622047244094613 ) ) ;
#69 = ORIENTED_EDGE ( 'NONE', *, *, #1261, .T. ) ;
#70 = FACE_OUTER_BOUND ( 'NONE', #1887, .T. ) ;
#71 = EDGE_CURVE ( 'NONE', #17, #2279, #1228, .T. ) ;
#72 = EDGE_LOOP ( 'NONE', ( #3033, #3539, #1913, #3080 ) ) ;
#73 = DIRECTION ( 'NONE',  ( 0.000000000000000000, -1.000000000000000000, 0.000000000000000000 ) ) ;
#74 = ORIENTED_EDGE ( 'NONE', *, *, #2779, .F. ) ;
#75 = EDGE_CURVE ( 'NONE', #2674, #686, #715, .T. ) ;
#76 = ORIENTED_EDGE ( 'NONE', *, *, #1579, .T. ) ;
#77 = FACE_OUTER_BOUND ( 'NONE', #723, .T. ) ;
#78 = CARTESIAN_POINT ( 'NONE',  ( 0.08858267716535433989, 0.1377952755905511861, -0.08858267716535433989 ) ) ;
#79 = LINE ( 'NONE', #1722, #46 ) ;
#80 = CARTESIAN_POINT ( 'NONE',  ( -0.1653543307086614567, 0.007874015748031495954, 0.1023622047244094613 ) ) ;
#81 = EDGE_LOOP ( 'NONE', ( #1456, #2621 ) ) ;
#82 = DIRECTION ( 'NONE',  ( 0.000000000000000000, 1.000000000000000000, 0.000000000000000000 ) ) ;
#83 = VERTEX_POINT ( 'NONE', #1710 ) ;
#84 = ORIENTED_EDGE ( 'NONE', *, *, #1049, .T. ) ;
#85 = DIRECTION ( 'NONE',  ( 0.000000000000000000, 0.000000000000000000, -1.000000000000000000 ) ) ;
#86 = ORIENTED_EDGE ( 'NONE', *, *, #2637, .T. ) ;
#87 = VERTEX_POINT ( 'NONE', #1443 ) ;
#88 = EDGE_CURVE ( 'NONE', #37, #2700, #3089, .T. ) ;
#89 = CARTESIAN_POINT ( 'NONE',  ( -0.1653543307086614567, 0.003937007874015747977, 0.1023622047244094613 ) ) ;
#90 = LINE ( 'NONE', #1190, #3444 ) ;
#91 = AXIS2_PLACEMENT_3D ( 'NONE', #3184, #1273, #1168 ) ;
#92 = CARTESIAN_POINT ( 'NONE',  ( -0.1653543307086614567, 0.003937007874015747977, -0.1023622047244094613 ) ) ;
#93 = AXIS2_PLACEMENT_3D ( 'NONE', #3062, #1987, #910 ) ;
#94 = PRESENTATION_STYLE_ASSIGNMENT (( #1802 ) ) ;
#95 = AXIS2_PLACEMENT_3D ( 'NONE', #2020, #688, #3155 ) ;
#96 = EDGE_CURVE ( 'NONE', #436, #2783, #2533, .T. ) ;
#97 = ORIENTED_EDGE ( 'NONE', *, *, #2531, .T. ) ;
#98 = DIRECTION ( 'NONE',  ( 1.000000000000000000, 0.000000000000000000, 0.000000000000000000 ) ) ;
#99 = VECTOR ( 'NONE', #2199, 39.37007874015748143 ) ;
#100 = VECTOR ( 'NONE', #1850, 39.37007874015748143 ) ;
#101 = ORIENTED_EDGE ( 'NONE', *, *, #2103, .T. ) ;
#102 = ORIENTED_EDGE ( 'NONE', *, *, #3551, .F. ) ;
#103 = AXIS2_PLACEMENT_3D ( 'NONE', #2170, #3074, #2456 ) ;
#104 = VECTOR ( 'NONE', #506, 39.37007874015748143 ) ;
#105 = VECTOR ( 'NONE', #1516, 39.37007874015748143 ) ;
#106 = ORIENTED_EDGE ( 'NONE', *, *, #315, .T. ) ;
#107 = ORIENTED_EDGE ( 'NONE', *, *, #167, .F. ) ;
#108 = PLANE ( 'NONE',  #2331 ) ;
#109 = LINE ( 'NONE', #1207, #284 ) ;
#110 = AXIS2_PLACEMENT_3D ( 'NONE', #2405, #2139, #772 ) ;
#111 = CARTESIAN_POINT ( 'NONE',  ( 0.000000000000000000, 0.2559055118110236671, 0.000000000000000000 ) ) ;
#112 = COLOUR_RGB ( '',0.7921568627450980005, 0.8196078431372548767, 0.9333333333333333481 ) ;
#113 = LINE ( 'NONE', #3430, #379 ) ;
#114 = EDGE_CURVE ( 'NONE', #1759, #2181, #671, .T. ) ;
#115 = VECTOR ( 'NONE', #628, 39.37007874015748143 ) ;
#116 = PRODUCT ( 'CUI_DEVICES_TS04-66-65-BK-260-SMT', 'CUI_DEVICES_TS04-66-65-BK-260-SMT', '', ( #1921 ) ) ;
#117 = ORIENTED_EDGE ( 'NONE', *, *, #2848, .T. ) ;
#118 = LINE ( 'NONE', #177, #620 ) ;
#119 = ORIENTED_EDGE ( 'NONE', *, *, #47, .F. ) ;
#120 = CARTESIAN_POINT ( 'NONE',  ( 0.1122047244094488277, 0.1299212598425196763, 0.1122047244094488277 ) ) ;
#121 = ORIENTED_EDGE ( 'NONE', *, *, #3197, .T. ) ;
#122 = DIRECTION ( 'NONE',  ( 0.000000000000000000, 0.000000000000000000, 1.000000000000000000 ) ) ;
#123 = ORIENTED_EDGE ( 'NONE', *, *, #1071, .F. ) ;
#124 = ORIENTED_EDGE ( 'NONE', *, *, #1133, .F. ) ;
#125 = DIRECTION ( 'NONE',  ( 0.000000000000000000, 0.000000000000000000, 1.000000000000000000 ) ) ;
#126 = DIRECTION ( 'NONE',  ( 0.000000000000000000, -1.000000000000000000, 0.000000000000000000 ) ) ;
#127 = DIRECTION ( 'NONE',  ( 0.000000000000000000, 1.000000000000000000, 0.000000000000000000 ) ) ;
#128 = EDGE_CURVE ( 'NONE', #3214, #1923, #664, .T. ) ;
#129 = CARTESIAN_POINT ( 'NONE',  ( 0.1614173228346456879, 0.02755905511811023584, -0.1023622047244094613 ) ) ;
#130 = VERTEX_POINT ( 'NONE', #151 ) ;
#131 = DIRECTION ( 'NONE',  ( -1.734723475976804925E-15, -1.000000000000000000, 0.000000000000000000 ) ) ;
#132 = DIRECTION ( 'NONE',  ( 0.000000000000000000, 1.000000000000000000, 0.000000000000000000 ) ) ;
#133 = EDGE_CURVE ( 'NONE', #287, #3206, #2596, .T. ) ;
#134 = CARTESIAN_POINT ( 'NONE',  ( 0.1496062992125984370, 0.02755905511811023584, -0.1023622047244094613 ) ) ;
#135 = ORIENTED_EDGE ( 'NONE', *, *, #321, .T. ) ;
#136 = CARTESIAN_POINT ( 'NONE',  ( 0.1653543307086614567, -0.003937007874015747977, -0.07480314960629921850 ) ) ;
#137 = LINE ( 'NONE', #679, #2696 ) ;
#138 = ORIENTED_EDGE ( 'NONE', *, *, #2358, .F. ) ;
#139 =( NAMED_UNIT ( * ) SI_UNIT ( $, .STERADIAN. ) SOLID_ANGLE_UNIT ( ) );
#140 = EDGE_CURVE ( 'NONE', #287, #851, #2905, .T. ) ;
#141 = ORIENTED_EDGE ( 'NONE', *, *, #375, .F. ) ;
#142 = ORIENTED_EDGE ( 'NONE', *, *, #708, .F. ) ;
#143 = DIRECTION ( 'NONE',  ( 1.000000000000000000, -1.016439536705159791E-16, 0.000000000000000000 ) ) ;
#144 = CARTESIAN_POINT ( 'NONE',  ( 0.1122047244094488277, 0.1299212598425196763, -0.1181102362204724532 ) ) ;
#145 = CARTESIAN_POINT ( 'NONE',  ( -0.08858267716535433989, 0.1377952755905511861, -0.08858267716535433989 ) ) ;
#146 = FACE_OUTER_BOUND ( 'NONE', #1336, .T. ) ;
#147 = EDGE_CURVE ( 'NONE', #881, #2355, #58, .T. ) ;
#148 = DIRECTION ( 'NONE',  ( 1.000000000000000000, 0.000000000000000000, 0.000000000000000000 ) ) ;
#149 = AXIS2_PLACEMENT_3D ( 'NONE', #748, #1823, #3260 ) ;
#150 = VERTEX_POINT ( 'NONE', #987 ) ;
#151 = CARTESIAN_POINT ( 'NONE',  ( -0.08858267716535433989, 0.1377952755905511861, -0.07283464566929134798 ) ) ;
#152 = CARTESIAN_POINT ( 'NONE',  ( -0.1496062992125984370, 0.03149606299212598381, -0.1023622047244094613 ) ) ;
#153 = AXIS2_PLACEMENT_3D ( 'NONE', #1283, #2431, #2626 ) ;
#154 = EDGE_CURVE ( 'NONE', #1290, #2029, #3164, .T. ) ;
#155 = CARTESIAN_POINT ( 'NONE',  ( -0.1968503937007874127, 0.003937007874015747977, -0.1023622047244094613 ) ) ;
#156 = EDGE_LOOP ( 'NONE', ( #872, #1436, #2494, #3163 ) ) ;
#157 = CARTESIAN_POINT ( 'NONE',  ( 0.1181102362204724532, 0.03937007874015747977, -0.1023622047244094613 ) ) ;
#158 = AXIS2_PLACEMENT_3D ( 'NONE', #450, #1859, #2706 ) ;
#159 = CARTESIAN_POINT ( 'NONE',  ( 0.1653543307086614567, 0.007874015748031495954, 0.1023622047244094613 ) ) ;
#160 = ORIENTED_EDGE ( 'NONE', *, *, #1177, .F. ) ;
#161 = AXIS2_PLACEMENT_3D ( 'NONE', #3330, #1412, #2154 ) ;
#162 = EDGE_CURVE ( 'NONE', #319, #2625, #2263, .T. ) ;
#163 = EDGE_LOOP ( 'NONE', ( #661, #1578, #756, #1751, #250, #186, #537, #1868, #2880, #84, #2233, #3412 ) ) ;
#164 = VECTOR ( 'NONE', #1035, 39.37007874015748143 ) ;
#165 = FACE_OUTER_BOUND ( 'NONE', #2502, .T. ) ;
#166 = DIRECTION ( 'NONE',  ( 0.000000000000000000, 0.000000000000000000, 1.000000000000000000 ) ) ;
#167 = EDGE_CURVE ( 'NONE', #3304, #3141, #2792, .T. ) ;
#168 = AXIS2_PLACEMENT_3D ( 'NONE', #2846, #2608, #1210 ) ;
#169 = LINE ( 'NONE', #2359, #811 ) ;
#170 = DIRECTION ( 'NONE',  ( -1.000000000000000000, 0.000000000000000000, 0.000000000000000000 ) ) ;
#171 = AXIS2_PLACEMENT_3D ( 'NONE', #1793, #887, #2328 ) ;
#172 = DIRECTION ( 'NONE',  ( 0.000000000000000000, -1.000000000000000000, 0.000000000000000000 ) ) ;
#173 = MECHANICAL_DESIGN_GEOMETRIC_PRESENTATION_REPRESENTATION (  '', ( #3351 ), #1390 ) ;
#174 = PLANE ( 'NONE',  #2009 ) ;
#175 = ORIENTED_EDGE ( 'NONE', *, *, #2716, .T. ) ;
#176 = CARTESIAN_POINT ( 'NONE',  ( 0.1122047244094488277, 0.1299212598425196763, 0.1181102362204724532 ) ) ;
#177 = CARTESIAN_POINT ( 'NONE',  ( 0.1181102362204724532, 0.03937007874015747977, 0.07480314960629921850 ) ) ;
#178 = AXIS2_PLACEMENT_3D ( 'NONE', #742, #2388, #973 ) ;
#179 = DIRECTION ( 'NONE',  ( 0.000000000000000000, -0.9995120760870787047, -0.03123475237772116095 ) ) ;
#180 = ORIENTED_EDGE ( 'NONE', *, *, #708, .T. ) ;
#181 = CARTESIAN_POINT ( 'NONE',  ( 0.1614173228346456879, 0.02755905511811023584, 0.1023622047244094613 ) ) ;
#182 = DIRECTION ( 'NONE',  ( -7.228014483236699514E-17, 0.000000000000000000, -1.000000000000000000 ) ) ;
#183 = EDGE_CURVE ( 'NONE', #1828, #1318, #2516, .T. ) ;
#184 = EDGE_LOOP ( 'NONE', ( #1297, #2105, #731, #293 ) ) ;
#185 = EDGE_CURVE ( 'NONE', #2583, #1204, #1005, .T. ) ;
#186 = ORIENTED_EDGE ( 'NONE', *, *, #2036, .F. ) ;
#187 = CARTESIAN_POINT ( 'NONE',  ( -0.1653543307086614567, 0.007874015748031495954, 0.07480314960629921850 ) ) ;
#188 = DIRECTION ( 'NONE',  ( 0.000000000000000000, -1.000000000000000000, 0.000000000000000000 ) ) ;
#189 = ADVANCED_FACE ( 'NONE', ( #2096 ), #897, .T. ) ;
#190 = CARTESIAN_POINT ( 'NONE',  ( -0.1968503937007874127, -0.003937007874015747977, -0.1023622047244094613 ) ) ;
#191 = DIRECTION ( 'NONE',  ( 1.000000000000000000, -1.734723475976804925E-15, 0.000000000000000000 ) ) ;
#192 = ORIENTED_EDGE ( 'NONE', *, *, #1785, .F. ) ;
#193 = DIRECTION ( 'NONE',  ( 0.000000000000000000, 0.000000000000000000, -1.000000000000000000 ) ) ;
#194 = CARTESIAN_POINT ( 'NONE',  ( 0.08858267716535433989, 0.1377952755905511861, -0.06496062992125986590 ) ) ;
#195 = ORIENTED_EDGE ( 'NONE', *, *, #1413, .F. ) ;
#196 = LINE ( 'NONE', #1026, #1202 ) ;
#197 = ORIENTED_EDGE ( 'NONE', *, *, #2078, .F. ) ;
#198 = CARTESIAN_POINT ( 'NONE',  ( -0.1653543307086614567, 0.003937007874015747977, 0.07480314960629921850 ) ) ;
#199 = EDGE_CURVE ( 'NONE', #1982, #2390, #404, .T. ) ;
#200 = ORIENTED_EDGE ( 'NONE', *, *, #1926, .T. ) ;
#201 = ORIENTED_EDGE ( 'NONE', *, *, #167, .T. ) ;
#202 = CARTESIAN_POINT ( 'NONE',  ( 0.1181102362204724532, 0.1299212598425196763, -0.1122047244094488277 ) ) ;
#203 = CARTESIAN_POINT ( 'NONE',  ( -0.08858267716535433989, 0.1377952755905511861, -0.07283464566929134798 ) ) ;
#204 = EDGE_CURVE ( 'NONE', #369, #228, #2249, .T. ) ;
#205 = CYLINDRICAL_SURFACE ( 'NONE', #974, 0.01181102362204724046 ) ;
#206 = CARTESIAN_POINT ( 'NONE',  ( 8.437527159479795937E-18, 0.1299212598425196763, 0.06889763779527559306 ) ) ;
#207 = ORIENTED_EDGE ( 'NONE', *, *, #585, .T. ) ;
#208 = DIRECTION ( 'NONE',  ( 0.000000000000000000, 1.000000000000000000, 0.000000000000000000 ) ) ;
#209 =( NAMED_UNIT ( * ) PLANE_ANGLE_UNIT ( ) SI_UNIT ( $, .RADIAN. ) );
#210 = CARTESIAN_POINT ( 'NONE',  ( -0.1653543307086614567, 0.007874015748031495954, 0.1023622047244094613 ) ) ;
#211 = EDGE_CURVE ( 'NONE', #2625, #2219, #728, .T. ) ;
#212 = AXIS2_PLACEMENT_3D ( 'NONE', #1375, #2501, #3295 ) ;
#213 = EDGE_LOOP ( 'NONE', ( #578, #2568, #676, #600, #1172, #2994, #403, #101, #1528, #1203, #936, #3307 ) ) ;
#214 = CARTESIAN_POINT ( 'NONE',  ( 0.1968503937007874127, 0.003937007874015747977, -0.07480314960629921850 ) ) ;
#215 = CARTESIAN_POINT ( 'NONE',  ( 0.08858267716535433989, 0.1377952755905511861, 0.1043307086614173457 ) ) ;
#217 = ORIENTED_EDGE ( 'NONE', *, *, #1537, .T. ) ;
#216 = AXIS2_PLACEMENT_3D ( 'NONE', #2340, #2609, #3451 ) ;
#218 = DIRECTION ( 'NONE',  ( -1.000000000000000000, 0.000000000000000000, 0.000000000000000000 ) ) ;
#219 = CIRCLE ( 'NONE', #557, 0.01574803149606299191 ) ;
#220 = ORIENTED_EDGE ( 'NONE', *, *, #1071, .T. ) ;
#221 = CARTESIAN_POINT ( 'NONE',  ( 0.1181102362204724532, 0.03149606299212598381, -0.07480314960629921850 ) ) ;
#222 = SURFACE_STYLE_USAGE ( .BOTH. , #1265 ) ;
#223 = AXIS2_PLACEMENT_3D ( 'NONE', #1910, #1106, #1942 ) ;
#224 = CARTESIAN_POINT ( 'NONE',  ( 0.1968503937007874127, -0.003937007874015747977, 0.07480314960629921850 ) ) ;
#225 = SURFACE_SIDE_STYLE ('',( #2686 ) ) ;
#226 = CARTESIAN_POINT ( 'NONE',  ( 0.1496062992125984370, 0.02755905511811023584, 0.1023622047244094613 ) ) ;
#227 = PLANE ( 'NONE',  #1494 ) ;
#228 = VERTEX_POINT ( 'NONE', #420 ) ;
#229 = AXIS2_PLACEMENT_3D ( 'NONE', #1007, #1254, #1832 ) ;
#230 = AXIS2_PLACEMENT_3D ( 'NONE', #3384, #1225, #350 ) ;
#231 = LINE ( 'NONE', #3568, #2045 ) ;
#232 = DIRECTION ( 'NONE',  ( -1.000000000000000000, -1.734723475976804925E-15, 0.000000000000000000 ) ) ;
#233 = EDGE_CURVE ( 'NONE', #344, #2424, #2037, .T. ) ;
#234 = VECTOR ( 'NONE', #2641, 39.37007874015748143 ) ;
#235 = ORIENTED_EDGE ( 'NONE', *, *, #279, .T. ) ;
#236 = DIRECTION ( 'NONE',  ( 0.000000000000000000, 0.000000000000000000, -1.000000000000000000 ) ) ;
#237 = DIRECTION ( 'NONE',  ( -1.000000000000000000, 0.000000000000000000, 0.000000000000000000 ) ) ;
#238 = VECTOR ( 'NONE', #3442, 39.37007874015748143 ) ;
#239 = ORIENTED_EDGE ( 'NONE', *, *, #505, .F. ) ;
#240 = CARTESIAN_POINT ( 'NONE',  ( -0.1181102362204724532, 0.1299212598425196763, 0.1181102362204724532 ) ) ;
#241 = VECTOR ( 'NONE', #179, 39.37007874015748143 ) ;
#242 = VERTEX_POINT ( 'NONE', #2948 ) ;
#243 = DIRECTION ( 'NONE',  ( 0.000000000000000000, 0.000000000000000000, 1.000000000000000000 ) ) ;
#244 = LENGTH_MEASURE_WITH_UNIT ( LENGTH_MEASURE( 0.02539999999999999897 ), #500 );
#245 = CARTESIAN_POINT ( 'NONE',  ( -0.1968503937007874127, 0.003937007874015747977, 0.1023622047244094613 ) ) ;
#246 = DIRECTION ( 'NONE',  ( 0.000000000000000000, -1.000000000000000000, 0.000000000000000000 ) ) ;
#247 = ADVANCED_FACE ( 'NONE', ( #509 ), #3512, .T. ) ;
#248 = DIRECTION ( 'NONE',  ( 0.000000000000000000, 0.000000000000000000, 1.000000000000000000 ) ) ;
#249 = FACE_OUTER_BOUND ( 'NONE', #1118, .T. ) ;
#250 = ORIENTED_EDGE ( 'NONE', *, *, #2841, .F. ) ;
#251 = DIRECTION ( 'NONE',  ( 0.000000000000000000, -1.000000000000000000, 0.000000000000000000 ) ) ;
#252 = CYLINDRICAL_SURFACE ( 'NONE', #54, 0.01181102362204725781 ) ;
#253 = EDGE_LOOP ( 'NONE', ( #2756, #2138, #2296, #2209 ) ) ;
#254 = EDGE_CURVE ( 'NONE', #1101, #1137, #2970, .T. ) ;
#255 = DIRECTION ( 'NONE',  ( 0.000000000000000000, 1.000000000000000000, 0.000000000000000000 ) ) ;
#256 = CYLINDRICAL_SURFACE ( 'NONE', #797, 0.005905511811023620231 ) ;
#257 = VERTEX_POINT ( 'NONE', #2153 ) ;
#258 = DIRECTION ( 'NONE',  ( 1.000000000000000000, 0.000000000000000000, 0.000000000000000000 ) ) ;
#259 = ORIENTED_EDGE ( 'NONE', *, *, #75, .T. ) ;
#260 = DIRECTION ( 'NONE',  ( 0.000000000000000000, 0.000000000000000000, 1.000000000000000000 ) ) ;
#261 = ORIENTED_EDGE ( 'NONE', *, *, #1186, .F. ) ;
#262 = DIRECTION ( 'NONE',  ( 0.000000000000000000, 0.000000000000000000, 1.000000000000000000 ) ) ;
#263 =( LENGTH_UNIT ( ) NAMED_UNIT ( * ) SI_UNIT ( $, .METRE. ) );
#264 = CARTESIAN_POINT ( 'NONE',  ( 0.08858267716535433989, 0.1377952755905511861, 0.1043307086614173457 ) ) ;
#265 = DIRECTION ( 'NONE',  ( 0.000000000000000000, 1.000000000000000000, 0.000000000000000000 ) ) ;
#266 = EDGE_LOOP ( 'NONE', ( #2421, #625, #3270, #2559 ) ) ;
#267 = CARTESIAN_POINT ( 'NONE',  ( 0.1614173228346456879, 0.007874015748031495954, 0.1023622047244094613 ) ) ;
#268 = ADVANCED_FACE ( 'NONE', ( #1103 ), #1021, .T. ) ;
#269 = ORIENTED_EDGE ( 'NONE', *, *, #2665, .T. ) ;
#270 = CARTESIAN_POINT ( 'NONE',  ( 0.08858267716535433989, 0.1377952755905511861, 0.07283464566929134798 ) ) ;
#271 = DIRECTION ( 'NONE',  ( 0.000000000000000000, 0.000000000000000000, -1.000000000000000000 ) ) ;
#272 = VECTOR ( 'NONE', #3433, 39.37007874015748143 ) ;
#273 = LINE ( 'NONE', #1394, #349 ) ;
#274 = ADVANCED_FACE ( 'NONE', ( #3547, #827, #2692, #1866, #2173, #1291 ), #2986, .T. ) ;
#275 = ORIENTED_EDGE ( 'NONE', *, *, #2938, .F. ) ;
#276 = CIRCLE ( 'NONE', #849, 0.02362204724409448092 ) ;
#277 = ORIENTED_EDGE ( 'NONE', *, *, #2797, .F. ) ;
#278 = ORIENTED_EDGE ( 'NONE', *, *, #2554, .T. ) ;
#279 = EDGE_CURVE ( 'NONE', #1358, #1566, #1880, .T. ) ;
#280 = AXIS2_PLACEMENT_3D ( 'NONE', #283, #328, #875 ) ;
#281 = LINE ( 'NONE', #2503, #2470 ) ;
#282 = AXIS2_PLACEMENT_3D ( 'NONE', #320, #368, #916 ) ;
#283 = CARTESIAN_POINT ( 'NONE',  ( -0.1181102362204724532, 0.03937007874015747977, -0.1023622047244094613 ) ) ;
#284 = VECTOR ( 'NONE', #940, 39.37007874015748143 ) ;
#285 = DIRECTION ( 'NONE',  ( 0.000000000000000000, 0.000000000000000000, -1.000000000000000000 ) ) ;
#286 = DIRECTION ( 'NONE',  ( 0.000000000000000000, 0.000000000000000000, 1.000000000000000000 ) ) ;
#287 = VERTEX_POINT ( 'NONE', #1580 ) ;
#288 = CARTESIAN_POINT ( 'NONE',  ( 0.1968503937007874127, -0.003937007874015747977, -0.07480314960629921850 ) ) ;
#289 = PRESENTATION_LAYER_ASSIGNMENT (  '', '', ( #3395 ) ) ;
#290 = VERTEX_POINT ( 'NONE', #3490 ) ;
#291 = DIRECTION ( 'NONE',  ( 0.000000000000000000, 0.000000000000000000, -1.000000000000000000 ) ) ;
#292 = DIRECTION ( 'NONE',  ( 0.000000000000000000, 1.000000000000000000, 0.000000000000000000 ) ) ;
#293 = ORIENTED_EDGE ( 'NONE', *, *, #1233, .F. ) ;
#294 = EDGE_CURVE ( 'NONE', #462, #1483, #2381, .T. ) ;
#295 = AXIS2_PLACEMENT_3D ( 'NONE', #951, #1012, #2043 ) ;
#296 = VERTEX_POINT ( 'NONE', #3024 ) ;
#297 = VERTEX_POINT ( 'NONE', #3226 ) ;
#298 = CARTESIAN_POINT ( 'NONE',  ( 0.08858267716535433989, 0.1456692913385826960, 0.1122047244094488277 ) ) ;
#299 = EDGE_CURVE ( 'NONE', #2894, #3325, #489, .T. ) ;
#300 = DIRECTION ( 'NONE',  ( 0.000000000000000000, 1.000000000000000000, 0.000000000000000000 ) ) ;
#301 = FACE_OUTER_BOUND ( 'NONE', #253, .T. ) ;
#302 = CARTESIAN_POINT ( 'NONE',  ( -0.1653543307086614567, 0.003937007874015747977, 0.07480314960629921850 ) ) ;
#303 = ORIENTED_EDGE ( 'NONE', *, *, #3090, .F. ) ;
#304 = DIRECTION ( 'NONE',  ( 0.000000000000000000, -1.000000000000000000, 0.000000000000000000 ) ) ;
#305 = DIRECTION ( 'NONE',  ( 0.000000000000000000, 0.000000000000000000, 1.000000000000000000 ) ) ;
#306 = ORIENTED_EDGE ( 'NONE', *, *, #3452, .F. ) ;
#307 = FACE_OUTER_BOUND ( 'NONE', #798, .T. ) ;
#308 = EDGE_LOOP ( 'NONE', ( #2567, #1855, #3324, #1004 ) ) ;
#309 = CARTESIAN_POINT ( 'NONE',  ( 0.000000000000000000, 0.1299212598425196763, 0.000000000000000000 ) ) ;
#310 = EDGE_LOOP ( 'NONE', ( #2856, #1776, #1694, #2830 ) ) ;
#311 = ADVANCED_FACE ( 'NONE', ( #1308 ), #3265, .T. ) ;
#312 = LINE ( 'NONE', #245, #2007 ) ;
#313 = DIRECTION ( 'NONE',  ( -1.000000000000000000, -1.016439536705159791E-16, 0.000000000000000000 ) ) ;
#314 = DIRECTION ( 'NONE',  ( 1.000000000000000000, 0.000000000000000000, 0.000000000000000000 ) ) ;
#315 = EDGE_CURVE ( 'NONE', #1355, #1811, #2422, .T. ) ;
#316 = DIRECTION ( 'NONE',  ( 1.000000000000000000, 0.000000000000000000, 0.000000000000000000 ) ) ;
#317 = CARTESIAN_POINT ( 'NONE',  ( -0.08858267716535433989, 0.1377952755905511861, -0.1043307086614173457 ) ) ;
#318 = LINE ( 'NONE', #2771, #1499 ) ;
#319 = VERTEX_POINT ( 'NONE', #1063 ) ;
#320 = CARTESIAN_POINT ( 'NONE',  ( 0.08858267716535433989, 0.1456692913385826960, -0.08858267716535433989 ) ) ;
#321 = EDGE_CURVE ( 'NONE', #3393, #741, #231, .T. ) ;
#322 = ORIENTED_EDGE ( 'NONE', *, *, #378, .T. ) ;
#323 = CARTESIAN_POINT ( 'NONE',  ( -0.08858267716535433989, 0.1299212598425196763, 0.08858267716535433989 ) ) ;
#325 = CLOSED_SHELL ( 'NONE', ( #1922, #1640, #3567, #2186, #913, #3410, #2002, #189, #1851, #2963, #2180, #1170, #2205, #659 ) ) ;
#324 = ORIENTED_EDGE ( 'NONE', *, *, #1878, .T. ) ;
#326 = CIRCLE ( 'NONE', #93, 0.01574803149606299885 ) ;
#327 = LINE ( 'NONE', #2876, #980 ) ;
#328 = DIRECTION ( 'NONE',  ( 0.000000000000000000, -1.000000000000000000, 0.000000000000000000 ) ) ;
#329 = CARTESIAN_POINT ( 'NONE',  ( -0.08858267716535433989, 0.1377952755905511861, 0.1043307086614173457 ) ) ;
#330 = AXIS2_PLACEMENT_3D ( 'NONE', #2832, #649, #1475 ) ;
#331 = AXIS2_PLACEMENT_3D ( 'NONE', #438, #1808, #1830 ) ;
#332 = DIRECTION ( 'NONE',  ( -1.000000000000000000, 0.000000000000000000, 0.000000000000000000 ) ) ;
#333 = FACE_OUTER_BOUND ( 'NONE', #2822, .T. ) ;
#334 = DIRECTION ( 'NONE',  ( 0.000000000000000000, 1.000000000000000000, 0.000000000000000000 ) ) ;
#335 = CIRCLE ( 'NONE', #3392, 0.02362204724409448092 ) ;
#336 = ORIENTED_EDGE ( 'NONE', *, *, #1502, .F. ) ;
#337 = VECTOR ( 'NONE', #2935, 39.37007874015748143 ) ;
#338 = LINE ( 'NONE', #641, #2982 ) ;
#339 = EDGE_CURVE ( 'NONE', #1397, #395, #3305, .T. ) ;
#340 = VECTOR ( 'NONE', #2920, 39.37007874015748143 ) ;
#341 = ORIENTED_EDGE ( 'NONE', *, *, #1749, .F. ) ;
#342 = DIRECTION ( 'NONE',  ( 0.000000000000000000, 0.000000000000000000, -1.000000000000000000 ) ) ;
#343 = AXIS2_PLACEMENT_3D ( 'NONE', #3259, #1877, #2979 ) ;
#344 = VERTEX_POINT ( 'NONE', #1332 ) ;
#345 = DIRECTION ( 'NONE',  ( 0.000000000000000000, -1.000000000000000000, 0.000000000000000000 ) ) ;
#346 = AXIS2_PLACEMENT_3D ( 'NONE', #1043, #730, #471 ) ;
#347 = ORIENTED_EDGE ( 'NONE', *, *, #1482, .F. ) ;
#348 = FACE_OUTER_BOUND ( 'NONE', #1816, .T. ) ;
#349 = VECTOR ( 'NONE', #479, 39.37007874015748143 ) ;
#350 = DIRECTION ( 'NONE',  ( 0.000000000000000000, -1.000000000000000000, 0.000000000000000000 ) ) ;
#351 = DIRECTION ( 'NONE',  ( 1.000000000000000000, -1.016439536705159791E-16, 0.000000000000000000 ) ) ;
#352 = DIRECTION ( 'NONE',  ( -0.000000000000000000, 1.000000000000000000, 0.000000000000000000 ) ) ;
#353 = EDGE_CURVE ( 'NONE', #3445, #1966, #1349, .T. ) ;
#354 = VERTEX_POINT ( 'NONE', #788 ) ;
#355 = DIRECTION ( 'NONE',  ( -0.000000000000000000, 1.000000000000000000, 0.000000000000000000 ) ) ;
#356 = EDGE_CURVE ( 'NONE', #1187, #3252, #2438, .T. ) ;
#357 = EDGE_LOOP ( 'NONE', ( #2721, #1348, #785, #530 ) ) ;
#358 = ORIENTED_EDGE ( 'NONE', *, *, #2989, .T. ) ;
#359 = CARTESIAN_POINT ( 'NONE',  ( 0.1653543307086614567, 0.007874015748031495954, 0.1023622047244094613 ) ) ;
#360 = EDGE_LOOP ( 'NONE', ( #3118, #903, #547, #924 ) ) ;
#361 = ORIENTED_EDGE ( 'NONE', *, *, #114, .T. ) ;
#362 = CARTESIAN_POINT ( 'NONE',  ( -0.1181102362204724532, 0.1377952755905511861, 0.1181102362204724532 ) ) ;
#363 = DIRECTION ( 'NONE',  ( 0.000000000000000000, 0.000000000000000000, -1.000000000000000000 ) ) ;
#364 = EDGE_CURVE ( 'NONE', #1164, #775, #1387, .T. ) ;
#365 = CARTESIAN_POINT ( 'NONE',  ( 0.08858267716535433989, 0.1456692913385826960, 0.08858267716535433989 ) ) ;
#366 = LENGTH_MEASURE_WITH_UNIT ( LENGTH_MEASURE( 0.02539999999999999897 ), #2360 );
#367 = EDGE_LOOP ( 'NONE', ( #1360, #275, #341, #621 ) ) ;
#368 = DIRECTION ( 'NONE',  ( 0.000000000000000000, -1.000000000000000000, 0.000000000000000000 ) ) ;
#369 = VERTEX_POINT ( 'NONE', #892 ) ;
#370 = VERTEX_POINT ( 'NONE', #1690 ) ;
#371 = EDGE_LOOP ( 'NONE', ( #3097, #2759, #2030, #894 ) ) ;
#372 = EDGE_LOOP ( 'NONE', ( #1936, #1339 ) ) ;
#373 = PLANE ( 'NONE',  #1191 ) ;
#374 = DIRECTION ( 'NONE',  ( 0.000000000000000000, 1.000000000000000000, 0.000000000000000000 ) ) ;
#375 = EDGE_CURVE ( 'NONE', #2424, #344, #326, .T. ) ;
#376 = VECTOR ( 'NONE', #24, 39.37007874015748143 ) ;
#377 = LINE ( 'NONE', #1450, #1671 ) ;
#378 = EDGE_CURVE ( 'NONE', #462, #1603, #2819, .T. ) ;
#379 = VECTOR ( 'NONE', #1518, 39.37007874015748143 ) ;
#380 =( GEOMETRIC_REPRESENTATION_CONTEXT ( 3 ) GLOBAL_UNCERTAINTY_ASSIGNED_CONTEXT ( ( #2244 ) ) GLOBAL_UNIT_ASSIGNED_CONTEXT ( ( #1560, #805, #2378 ) ) REPRESENTATION_CONTEXT ( 'NONE', 'WORKASPACE' ) );
#381 = ORIENTED_EDGE ( 'NONE', *, *, #2307, .F. ) ;
#382 = CARTESIAN_POINT ( 'NONE',  ( -0.08858267716535433989, 0.1456692913385826960, -0.08858267716535433989 ) ) ;
#383 = CIRCLE ( 'NONE', #2396, 0.01574803149606299885 ) ;
#384 = AXIS2_PLACEMENT_3D ( 'NONE', #1984, #2715, #1971 ) ;
#385 = DIRECTION ( 'NONE',  ( 0.000000000000000000, 0.000000000000000000, 1.000000000000000000 ) ) ;
#386 = EDGE_LOOP ( 'NONE', ( #38, #3249, #3274, #2407 ) ) ;
#387 = CARTESIAN_POINT ( 'NONE',  ( -0.1181102362204724532, 0.03937007874015747977, -0.1023622047244094613 ) ) ;
#388 = ORIENTED_EDGE ( 'NONE', *, *, #888, .F. ) ;
#389 = CIRCLE ( 'NONE', #972, 0.01574803149606299885 ) ;
#390 = DIRECTION ( 'NONE',  ( -1.000000000000000000, -1.016439536705159791E-16, 0.000000000000000000 ) ) ;
#391 = EDGE_CURVE ( 'NONE', #3066, #3284, #79, .T. ) ;
#392 = VECTOR ( 'NONE', #334, 39.37007874015748143 ) ;
#393 = AXIS2_PLACEMENT_3D ( 'NONE', #1764, #3429, #909 ) ;
#394 = VERTEX_POINT ( 'NONE', #317 ) ;
#395 = VERTEX_POINT ( 'NONE', #1451 ) ;
#396 = LINE ( 'NONE', #3123, #2513 ) ;
#397 = CARTESIAN_POINT ( 'NONE',  ( -0.1181102362204724532, 0.1299212598425196763, 0.1181102362204724532 ) ) ;
#398 = EDGE_CURVE ( 'NONE', #1470, #2879, #3556, .T. ) ;
#399 = CARTESIAN_POINT ( 'NONE',  ( -0.1496062992125984370, 0.02755905511811023584, -0.07480314960629921850 ) ) ;
#400 =( GEOMETRIC_REPRESENTATION_CONTEXT ( 3 ) GLOBAL_UNCERTAINTY_ASSIGNED_CONTEXT ( ( #2673 ) ) GLOBAL_UNIT_ASSIGNED_CONTEXT ( ( #2802, #1220, #1777 ) ) REPRESENTATION_CONTEXT ( 'NONE', 'WORKASPACE' ) );
#401 = DIRECTION ( 'NONE',  ( 0.000000000000000000, 0.000000000000000000, 1.000000000000000000 ) ) ;
#402 = AXIS2_PLACEMENT_3D ( 'NONE', #2257, #352, #618 ) ;
#403 = ORIENTED_EDGE ( 'NONE', *, *, #2314, .T. ) ;
#404 = LINE ( 'NONE', #1504, #1989 ) ;
#405 = LINE ( 'NONE', #1022, #1317 ) ;
#406 = EDGE_LOOP ( 'NONE', ( #3192, #644, #1871, #553 ) ) ;
#407 = FACE_OUTER_BOUND ( 'NONE', #3016, .T. ) ;
#408 = CARTESIAN_POINT ( 'NONE',  ( 0.1653543307086614567, 0.003937007874015747977, -0.1023622047244094613 ) ) ;
#409 = ORIENTED_EDGE ( 'NONE', *, *, #1591, .T. ) ;
#410 = FILL_AREA_STYLE_COLOUR ( '', #112 ) ;
#411 = ORIENTED_EDGE ( 'NONE', *, *, #1696, .T. ) ;
#412 = ORIENTED_EDGE ( 'NONE', *, *, #3095, .T. ) ;
#413 = DIRECTION ( 'NONE',  ( 1.000000000000000000, 0.000000000000000000, 0.000000000000000000 ) ) ;
#414 = CYLINDRICAL_SURFACE ( 'NONE', #1893, 0.005905511811023620231 ) ;
#415 = ADVANCED_FACE ( 'NONE', ( #3093 ), #2495, .T. ) ;
#416 = LINE ( 'NONE', #1750, #105 ) ;
#417 = LINE ( 'NONE', #1737, #2974 ) ;
#418 = ADVANCED_FACE ( 'NONE', ( #2525 ), #1404, .F. ) ;
#419 = EDGE_LOOP ( 'NONE', ( #2633, #1852 ) ) ;
#420 = CARTESIAN_POINT ( 'NONE',  ( 0.1181102362204724532, 0.000000000000000000, -0.1122047244094488277 ) ) ;
#421 = CARTESIAN_POINT ( 'NONE',  ( 0.1535433070866141780, 0.007874015748031495954, 0.1023622047244094613 ) ) ;
#422 = CARTESIAN_POINT ( 'NONE',  ( 0.000000000000000000, 0.2500000000000000000, 0.000000000000000000 ) ) ;
#423 = ORIENTED_EDGE ( 'NONE', *, *, #1761, .T. ) ;
#424 = CARTESIAN_POINT ( 'NONE',  ( -0.1181102362204724532, 0.03937007874015747977, -0.07480314960629921850 ) ) ;
#425 = CARTESIAN_POINT ( 'NONE',  ( 0.08858267716535433989, 0.1299212598425196763, 0.08858267716535433989 ) ) ;
#426 = ADVANCED_FACE ( 'NONE', ( #333 ), #3386, .F. ) ;
#427 = ORIENTED_EDGE ( 'NONE', *, *, #687, .T. ) ;
#428 = EDGE_LOOP ( 'NONE', ( #2069, #429, #2019, #2010 ) ) ;
#429 = ORIENTED_EDGE ( 'NONE', *, *, #1878, .F. ) ;
#430 = DIRECTION ( 'NONE',  ( 0.000000000000000000, 0.000000000000000000, -1.000000000000000000 ) ) ;
#431 = FACE_OUTER_BOUND ( 'NONE', #3026, .T. ) ;
#432 = DIRECTION ( 'NONE',  ( -1.000000000000000000, 0.000000000000000000, 0.000000000000000000 ) ) ;
#433 = DIRECTION ( 'NONE',  ( 0.000000000000000000, -1.000000000000000000, 0.000000000000000000 ) ) ;
#434 = EDGE_CURVE ( 'NONE', #1496, #2656, #1757, .T. ) ;
#435 = PLANE ( 'NONE',  #346 ) ;
#436 = VERTEX_POINT ( 'NONE', #288 ) ;
#437 = DIRECTION ( 'NONE',  ( 0.000000000000000000, -1.000000000000000000, 0.000000000000000000 ) ) ;
#438 = CARTESIAN_POINT ( 'NONE',  ( 0.000000000000000000, 0.2559055118110236671, 0.000000000000000000 ) ) ;
#439 = STYLED_ITEM ( 'NONE', ( #1576 ), #645 ) ;
#440 = FACE_OUTER_BOUND ( 'NONE', #1315, .T. ) ;
#441 = EDGE_LOOP ( 'NONE', ( #3407, #3128, #1549, #106 ) ) ;
#442 = EDGE_CURVE ( 'NONE', #1318, #3153, #276, .T. ) ;
#443 = CARTESIAN_POINT ( 'NONE',  ( 0.000000000000000000, 0.1377952755905511861, 0.000000000000000000 ) ) ;
#444 = VECTOR ( 'NONE', #1354, 39.37007874015748143 ) ;
#445 = DIRECTION ( 'NONE',  ( 0.000000000000000000, 0.000000000000000000, 1.000000000000000000 ) ) ;
#446 = ORIENTED_EDGE ( 'NONE', *, *, #1537, .F. ) ;
#447 = CIRCLE ( 'NONE', #2463, 0.01574803149606299885 ) ;
#448 = ORIENTED_EDGE ( 'NONE', *, *, #3034, .F. ) ;
#449 = AXIS2_PLACEMENT_3D ( 'NONE', #30, #1127, #1414 ) ;
#450 = CARTESIAN_POINT ( 'NONE',  ( 0.1181102362204724532, 0.03149606299212598381, 0.1023622047244094613 ) ) ;
#451 = FILL_AREA_STYLE_COLOUR ( '', #2518 ) ;
#452 = VECTOR ( 'NONE', #1344, 39.37007874015748143 ) ;
#453 = FACE_OUTER_BOUND ( 'NONE', #2881, .T. ) ;
#454 =( CONVERSION_BASED_UNIT ( 'INCH', #3562 ) LENGTH_UNIT ( ) NAMED_UNIT ( #1016 ) );
#455 = TOROIDAL_SURFACE ( 'NONE', #2473, 0.05923678250729006584, 0.005905511811023621965 ) ;
#456 = DIRECTION ( 'NONE',  ( 0.000000000000000000, 0.000000000000000000, 1.000000000000000000 ) ) ;
#457 = CARTESIAN_POINT ( 'NONE',  ( -0.1535433070866141780, 0.02755905511811023584, 0.1023622047244094613 ) ) ;
#458 = VERTEX_POINT ( 'NONE', #1117 ) ;
#459 = DIRECTION ( 'NONE',  ( 0.000000000000000000, 0.000000000000000000, 1.000000000000000000 ) ) ;
#460 = DIRECTION ( 'NONE',  ( 0.000000000000000000, -1.000000000000000000, 0.000000000000000000 ) ) ;
#461 = AXIS2_PLACEMENT_3D ( 'NONE', #226, #3282, #563 ) ;
#462 = VERTEX_POINT ( 'NONE', #1415 ) ;
#463 = PLANE ( 'NONE',  #2762 ) ;
#464 = LINE ( 'NONE', #1314, #2117 ) ;
#465 = EDGE_LOOP ( 'NONE', ( #3326, #121 ) ) ;
#466 = ADVANCED_FACE ( 'NONE', ( #2210 ), #843, .T. ) ;
#467 = ORIENTED_EDGE ( 'NONE', *, *, #3279, .F. ) ;
#468 = DIRECTION ( 'NONE',  ( 0.000000000000000000, 1.000000000000000000, 0.000000000000000000 ) ) ;
#469 = LINE ( 'NONE', #190, #1435 ) ;
#470 = ADVANCED_FACE ( 'NONE', ( #2507 ), #32, .T. ) ;
#471 = DIRECTION ( 'NONE',  ( 0.000000000000000000, 0.000000000000000000, 1.000000000000000000 ) ) ;
#472 = ORIENTED_EDGE ( 'NONE', *, *, #375, .T. ) ;
#473 = DIRECTION ( 'NONE',  ( 1.224646799147353454E-16, 0.000000000000000000, -1.000000000000000000 ) ) ;
#474 = DIRECTION ( 'NONE',  ( -1.016439536705159791E-16, -1.000000000000000000, 0.000000000000000000 ) ) ;
#475 = CARTESIAN_POINT ( 'NONE',  ( -0.1181102362204724532, 0.000000000000000000, 0.1122047244094488277 ) ) ;
#476 = ORIENTED_EDGE ( 'NONE', *, *, #19, .F. ) ;
#477 = DIRECTION ( 'NONE',  ( -1.000000000000000000, 0.000000000000000000, 0.000000000000000000 ) ) ;
#478 = ORIENTED_EDGE ( 'NONE', *, *, #3473, .F. ) ;
#479 = DIRECTION ( 'NONE',  ( 0.000000000000000000, 0.000000000000000000, 1.000000000000000000 ) ) ;
#480 = ORIENTED_EDGE ( 'NONE', *, *, #995, .T. ) ;
#481 = LINE ( 'NONE', #499, #2565 ) ;
#482 = FACE_OUTER_BOUND ( 'NONE', #428, .T. ) ;
#483 = FACE_BOUND ( 'NONE', #52, .T. ) ;
#484 = ADVANCED_FACE ( 'NONE', ( #1129 ), #1974, .T. ) ;
#485 = LINE ( 'NONE', #457, #1102 ) ;
#486 = ORIENTED_EDGE ( 'NONE', *, *, #133, .F. ) ;
#487 = CARTESIAN_POINT ( 'NONE',  ( -0.1653543307086614567, -0.003937007874015747977, -0.1023622047244094613 ) ) ;
#488 = FACE_OUTER_BOUND ( 'NONE', #3489, .T. ) ;
#489 = CIRCLE ( 'NONE', #3431, 0.01574803149606299191 ) ;
#490 = ORIENTED_EDGE ( 'NONE', *, *, #1455, .T. ) ;
#491 = CARTESIAN_POINT ( 'NONE',  ( 0.000000000000000000, 0.1299212598425196763, 0.000000000000000000 ) ) ;
#492 = DIRECTION ( 'NONE',  ( 1.000000000000000000, 0.000000000000000000, 0.000000000000000000 ) ) ;
#494 = ORIENTED_EDGE ( 'NONE', *, *, #1721, .T. ) ;
#493 = AXIS2_PLACEMENT_3D ( 'NONE', #1245, #1765, #2557 ) ;
#495 = DIRECTION ( 'NONE',  ( 0.000000000000000000, 1.000000000000000000, 0.000000000000000000 ) ) ;
#496 = VECTOR ( 'NONE', #2334, 39.37007874015748143 ) ;
#497 = VERTEX_POINT ( 'NONE', #878 ) ;
#498 = ORIENTED_EDGE ( 'NONE', *, *, #3173, .F. ) ;
#499 = CARTESIAN_POINT ( 'NONE',  ( -0.1181102362204724532, 0.03149606299212598381, -0.1023622047244094613 ) ) ;
#500 =( LENGTH_UNIT ( ) NAMED_UNIT ( * ) SI_UNIT ( $, .METRE. ) );
#501 = CIRCLE ( 'NONE', #2514, 0.02362204724409448092 ) ;
#502 = EDGE_CURVE ( 'NONE', #851, #2871, #667, .T. ) ;
#503 = CARTESIAN_POINT ( 'NONE',  ( -0.1653543307086614567, 0.007874015748031495954, -0.07480314960629921850 ) ) ;
#504 = DIRECTION ( 'NONE',  ( -1.734723475976804925E-15, -1.000000000000000000, 0.000000000000000000 ) ) ;
#505 = EDGE_CURVE ( 'NONE', #296, #1513, #3405, .T. ) ;
#506 = DIRECTION ( 'NONE',  ( 0.000000000000000000, -1.000000000000000000, 0.000000000000000000 ) ) ;
#507 = CARTESIAN_POINT ( 'NONE',  ( -0.1181102362204724532, 0.1377952755905511861, 0.1122047244094488277 ) ) ;
#508 = ORIENTED_EDGE ( 'NONE', *, *, #1341, .F. ) ;
#509 = FACE_OUTER_BOUND ( 'NONE', #1044, .T. ) ;
#510 = LINE ( 'NONE', #2400, #1949 ) ;
#511 = UNCERTAINTY_MEASURE_WITH_UNIT (LENGTH_MEASURE( 1.000000000000000082E-05 ), #454, 'distance_accuracy_value', 'NONE');
#512 = AXIS2_PLACEMENT_3D ( 'NONE', #1105, #477, #1567 ) ;
#513 = ORIENTED_EDGE ( 'NONE', *, *, #2769, .T. ) ;
#514 = CARTESIAN_POINT ( 'NONE',  ( -0.1496062992125984370, 0.02755905511811023584, -0.1023622047244094613 ) ) ;
#515 = CARTESIAN_POINT ( 'NONE',  ( 0.1653543307086614567, 0.003937007874015747977, -0.07480314960629921850 ) ) ;
#516 = VECTOR ( 'NONE', #3482, 39.37007874015748143 ) ;
#517 = ORIENTED_EDGE ( 'NONE', *, *, #1587, .T. ) ;
#518 = DIRECTION ( 'NONE',  ( 1.000000000000000000, 0.000000000000000000, 0.000000000000000000 ) ) ;
#519 = ORIENTED_EDGE ( 'NONE', *, *, #2826, .T. ) ;
#520 = ORIENTED_EDGE ( 'NONE', *, *, #2212, .T. ) ;
#521 = CARTESIAN_POINT ( 'NONE',  ( 0.1535433070866141780, 0.02755905511811023584, -0.1023622047244094613 ) ) ;
#522 = LINE ( 'NONE', #2763, #1487 ) ;
#523 = ADVANCED_FACE ( 'NONE', ( #146 ), #2052, .F. ) ;
#524 = CARTESIAN_POINT ( 'NONE',  ( 0.1122047244094488277, 0.1377952755905511861, 0.1181102362204724532 ) ) ;
#525 = CARTESIAN_POINT ( 'NONE',  ( -0.1181102362204724532, 0.03937007874015747977, 0.07480314960629921850 ) ) ;
#526 = CARTESIAN_POINT ( 'NONE',  ( -0.1122047244094488277, 0.000000000000000000, 0.1122047244094488277 ) ) ;
#527 = ORIENTED_EDGE ( 'NONE', *, *, #2823, .T. ) ;
#528 = CARTESIAN_POINT ( 'NONE',  ( -0.08858267716535433989, 0.1299212598425196763, -0.08858267716535433989 ) ) ;
#529 = EDGE_CURVE ( 'NONE', #1296, #590, #1195, .T. ) ;
#530 = ORIENTED_EDGE ( 'NONE', *, *, #353, .T. ) ;
#531 = CARTESIAN_POINT ( 'NONE',  ( 0.1496062992125984370, 0.03149606299212598381, -0.1023622047244094613 ) ) ;
#532 = CARTESIAN_POINT ( 'NONE',  ( -0.1535433070866141780, 0.02755905511811023584, 0.07480314960629921850 ) ) ;
#533 = EDGE_CURVE ( 'NONE', #1093, #1512, #2901, .T. ) ;
#534 = DIRECTION ( 'NONE',  ( -1.000000000000000000, 0.000000000000000000, 0.000000000000000000 ) ) ;
#535 = ORIENTED_EDGE ( 'NONE', *, *, #1301, .F. ) ;
#536 = EDGE_CURVE ( 'NONE', #3256, #1104, #931, .T. ) ;
#537 = ORIENTED_EDGE ( 'NONE', *, *, #529, .F. ) ;
#538 = ORIENTED_EDGE ( 'NONE', *, *, #1474, .T. ) ;
#539 = DIRECTION ( 'NONE',  ( 0.000000000000000000, -1.000000000000000000, 0.000000000000000000 ) ) ;
#540 = DIRECTION ( 'NONE',  ( 1.000000000000000000, 0.000000000000000000, 0.000000000000000000 ) ) ;
#541 = FACE_OUTER_BOUND ( 'NONE', #3418, .T. ) ;
#542 = CARTESIAN_POINT ( 'NONE',  ( 0.08858267716535433989, 0.1299212598425196763, 0.1043307086614173457 ) ) ;
#543 = EDGE_LOOP ( 'NONE', ( #660, #1906, #3362, #2997 ) ) ;
#544 = CARTESIAN_POINT ( 'NONE',  ( 0.1122047244094488277, 0.1377952755905511861, -0.1122047244094488277 ) ) ;
#545 = APPLICATION_PROTOCOL_DEFINITION ( 'draft international standard', 'automotive_design', 1998, #2310 ) ;
#546 = EDGE_CURVE ( 'NONE', #3015, #2660, #2227, .T. ) ;
#547 = ORIENTED_EDGE ( 'NONE', *, *, #1686, .F. ) ;
#548 = CARTESIAN_POINT ( 'NONE',  ( 0.08858267716535433989, 0.1823374350353732243, -0.1043307086614173457 ) ) ;
#549 = FACE_OUTER_BOUND ( 'NONE', #1884, .T. ) ;
#550 = VECTOR ( 'NONE', #3081, 39.37007874015748143 ) ;
#551 = CYLINDRICAL_SURFACE ( 'NONE', #3519, 0.003937007874015758385 ) ;
#552 = EDGE_CURVE ( 'NONE', #1603, #436, #113, .T. ) ;
#553 = ORIENTED_EDGE ( 'NONE', *, *, #2637, .F. ) ;
#554 = VECTOR ( 'NONE', #636, 39.37007874015748143 ) ;
#555 = ORIENTED_EDGE ( 'NONE', *, *, #1091, .F. ) ;
#556 = ORIENTED_EDGE ( 'NONE', *, *, #2372, .F. ) ;
#557 = AXIS2_PLACEMENT_3D ( 'NONE', #1698, #3365, #838 ) ;
#558 = DIRECTION ( 'NONE',  ( 0.000000000000000000, 0.000000000000000000, 1.000000000000000000 ) ) ;
#559 = VECTOR ( 'NONE', #1572, 39.37007874015748143 ) ;
#560 = LINE ( 'NONE', #889, #3277 ) ;
#561 = ADVANCED_FACE ( 'NONE', ( #2023 ), #2041, .T. ) ;
#562 = AXIS2_PLACEMENT_3D ( 'NONE', #2302, #2814, #2286 ) ;
#563 = DIRECTION ( 'NONE',  ( 1.000000000000000000, 0.000000000000000000, 0.000000000000000000 ) ) ;
#564 = FACE_OUTER_BOUND ( 'NONE', #1108, .T. ) ;
#565 = ORIENTED_EDGE ( 'NONE', *, *, #1304, .T. ) ;
#566 = DIRECTION ( 'NONE',  ( 0.000000000000000000, -1.000000000000000000, 0.000000000000000000 ) ) ;
#567 = CARTESIAN_POINT ( 'NONE',  ( 0.1181102362204724532, 0.03937007874015747977, -0.1023622047244094613 ) ) ;
#568 = AXIS2_PLACEMENT_3D ( 'NONE', #3007, #3022, #332 ) ;
#569 = AXIS2_PLACEMENT_3D ( 'NONE', #1616, #248, #2435 ) ;
#570 = AXIS2_PLACEMENT_3D ( 'NONE', #145, #3195, #1535 ) ;
#571 = ORIENTED_EDGE ( 'NONE', *, *, #2739, .T. ) ;
#572 = CARTESIAN_POINT ( 'NONE',  ( 0.1496062992125984370, 0.02755905511811023584, -0.1023622047244094613 ) ) ;
#573 = PRODUCT_RELATED_PRODUCT_CATEGORY ( 'part', '', ( #116 ) ) ;
#574 = VECTOR ( 'NONE', #1657, 39.37007874015748143 ) ;
#575 = ORIENTED_EDGE ( 'NONE', *, *, #2218, .F. ) ;
#576 = CIRCLE ( 'NONE', #295, 0.005905511811023620231 ) ;
#577 = DIRECTION ( 'NONE',  ( 0.000000000000000000, 0.000000000000000000, 1.000000000000000000 ) ) ;
#578 = ORIENTED_EDGE ( 'NONE', *, *, #774, .F. ) ;
#579 = EDGE_CURVE ( 'NONE', #370, #1236, #790, .T. ) ;
#580 = CIRCLE ( 'NONE', #2575, 0.003937007874015758385 ) ;
#581 = LINE ( 'NONE', #1969, #3511 ) ;
#582 = CARTESIAN_POINT ( 'NONE',  ( -0.1122047244094488277, 0.000000000000000000, -0.1122047244094488277 ) ) ;
#583 = CARTESIAN_POINT ( 'NONE',  ( 0.1535433070866141780, 0.02755905511811023584, 0.1023622047244094613 ) ) ;
#584 = CARTESIAN_POINT ( 'NONE',  ( 0.08858267716535433989, 0.1823374350353732243, 0.08858267716535433989 ) ) ;
#585 = EDGE_CURVE ( 'NONE', #775, #2783, #417, .T. ) ;
#586 = CARTESIAN_POINT ( 'NONE',  ( -0.08858267716535433989, 0.1377952755905511861, 0.08858267716535433989 ) ) ;
#587 = DIRECTION ( 'NONE',  ( 0.000000000000000000, 0.000000000000000000, -1.000000000000000000 ) ) ;
#588 = ORIENTED_EDGE ( 'NONE', *, *, #2321, .F. ) ;
#589 = FACE_BOUND ( 'NONE', #2175, .T. ) ;
#590 = VERTEX_POINT ( 'NONE', #3417 ) ;
#591 = ORIENTED_EDGE ( 'NONE', *, *, #695, .T. ) ;
#592 = VERTEX_POINT ( 'NONE', #960 ) ;
#593 = DIRECTION ( 'NONE',  ( 0.000000000000000000, 0.000000000000000000, -1.000000000000000000 ) ) ;
#594 = LINE ( 'NONE', #1098, #1601 ) ;
#595 = DIRECTION ( 'NONE',  ( 1.000000000000000000, 0.000000000000000000, 0.000000000000000000 ) ) ;
#596 = EDGE_CURVE ( 'NONE', #1101, #1213, #2794, .T. ) ;
#597 = CARTESIAN_POINT ( 'NONE',  ( 0.1535433070866141780, 0.007874015748031495954, 0.1023622047244094613 ) ) ;
#598 = CARTESIAN_POINT ( 'NONE',  ( -0.08858267716535433989, 0.1141732283464566844, 0.08858267716535433989 ) ) ;
#599 = CARTESIAN_POINT ( 'NONE',  ( -0.08858267716535433989, 0.1299212598425196763, -0.07283464566929134798 ) ) ;
#600 = ORIENTED_EDGE ( 'NONE', *, *, #946, .F. ) ;
#601 = DIRECTION ( 'NONE',  ( 1.000000000000000000, 0.000000000000000000, 0.000000000000000000 ) ) ;
#602 = ORIENTED_EDGE ( 'NONE', *, *, #2556, .F. ) ;
#603 = CARTESIAN_POINT ( 'NONE',  ( -0.08858267716535433989, 0.1456692913385826960, 0.06496062992125986590 ) ) ;
#605 = ORIENTED_EDGE ( 'NONE', *, *, #3421, .F. ) ;
#604 = AXIS2_PLACEMENT_3D ( 'NONE', #323, #1423, #3345 ) ;
#606 = MANIFOLD_SOLID_BREP ( 'Imported5', #3204 ) ;
#607 = LINE ( 'NONE', #1731, #2408 ) ;
#608 = VECTOR ( 'NONE', #2136, 39.37007874015748143 ) ;
#609 = DIRECTION ( 'NONE',  ( 0.000000000000000000, -1.000000000000000000, 0.000000000000000000 ) ) ;
#610 = ORIENTED_EDGE ( 'NONE', *, *, #3221, .T. ) ;
#611 = CARTESIAN_POINT ( 'NONE',  ( 0.000000000000000000, 0.2559055118110236671, 0.05923678250729006584 ) ) ;
#612 = PLANE ( 'NONE',  #2401 ) ;
#613 = ADVANCED_FACE ( 'NONE', ( #3543 ), #1001, .T. ) ;
#614 = AXIS2_PLACEMENT_3D ( 'NONE', #1158, #1112, #3036 ) ;
#615 = VECTOR ( 'NONE', #895, 39.37007874015748143 ) ;
#616 = DIRECTION ( 'NONE',  ( 0.000000000000000000, 1.000000000000000000, 0.000000000000000000 ) ) ;
#617 = DIRECTION ( 'NONE',  ( 0.000000000000000000, 0.000000000000000000, 1.000000000000000000 ) ) ;
#618 = DIRECTION ( 'NONE',  ( 1.000000000000000000, 0.000000000000000000, 0.000000000000000000 ) ) ;
#619 = ADVANCED_FACE ( 'NONE', ( #782 ), #2981, .F. ) ;
#620 = VECTOR ( 'NONE', #1505, 39.37007874015748143 ) ;
#621 = ORIENTED_EDGE ( 'NONE', *, *, #3352, .T. ) ;
#622 = VECTOR ( 'NONE', #1300, 39.37007874015748143 ) ;
#623 = FACE_BOUND ( 'NONE', #1919, .T. ) ;
#624 = AXIS2_PLACEMENT_3D ( 'NONE', #3219, #2394, #1844 ) ;
#625 = ORIENTED_EDGE ( 'NONE', *, *, #1166, .F. ) ;
#626 = AXIS2_PLACEMENT_3D ( 'NONE', #3545, #1347, #2134 ) ;
#627 = ORIENTED_EDGE ( 'NONE', *, *, #3034, .T. ) ;
#628 = DIRECTION ( 'NONE',  ( 0.000000000000000000, -1.000000000000000000, 0.000000000000000000 ) ) ;
#629 = AXIS2_PLACEMENT_3D ( 'NONE', #1856, #218, #3030 ) ;
#630 = ORIENTED_EDGE ( 'NONE', *, *, #2358, .T. ) ;
#631 = ORIENTED_EDGE ( 'NONE', *, *, #1964, .F. ) ;
#632 = LINE ( 'NONE', #362, #3213 ) ;
#633 = DIRECTION ( 'NONE',  ( 0.000000000000000000, -1.000000000000000000, 0.000000000000000000 ) ) ;
#634 = AXIS2_PLACEMENT_3D ( 'NONE', #1677, #3336, #862 ) ;
#635 = CARTESIAN_POINT ( 'NONE',  ( 8.919671568592926781E-18, -0.07608622758978160483, -0.07283464566929134798 ) ) ;
#636 = DIRECTION ( 'NONE',  ( 1.734723475976804925E-15, -1.000000000000000000, 0.000000000000000000 ) ) ;
#637 = DIRECTION ( 'NONE',  ( 0.000000000000000000, 0.000000000000000000, 1.000000000000000000 ) ) ;
#638 = VERTEX_POINT ( 'NONE', #524 ) ;
#639 = EDGE_CURVE ( 'NONE', #3132, #2564, #1326, .T. ) ;
#640 = MANIFOLD_SOLID_BREP ( 'Imported3', #3492 ) ;
#641 = CARTESIAN_POINT ( 'NONE',  ( 0.1181102362204724532, 0.03937007874015747977, 0.1023622047244094613 ) ) ;
#642 = ORIENTED_EDGE ( 'NONE', *, *, #1973, .F. ) ;
#643 = EDGE_CURVE ( 'NONE', #2517, #3530, #2977, .T. ) ;
#644 = ORIENTED_EDGE ( 'NONE', *, *, #1857, .T. ) ;
#645 = MANIFOLD_SOLID_BREP ( 'Imported2', #3382 ) ;
#646 = EDGE_CURVE ( 'NONE', #1966, #1054, #3506, .T. ) ;
#647 = EDGE_LOOP ( 'NONE', ( #3134, #3245, #976, #239 ) ) ;
#648 = ORIENTED_EDGE ( 'NONE', *, *, #3173, .T. ) ;
#649 = DIRECTION ( 'NONE',  ( 0.000000000000000000, 0.000000000000000000, 1.000000000000000000 ) ) ;
#650 = FACE_OUTER_BOUND ( 'NONE', #81, .T. ) ;
#651 = FACE_OUTER_BOUND ( 'NONE', #2648, .T. ) ;
#652 = VERTEX_POINT ( 'NONE', #3004 ) ;
#653 = LINE ( 'NONE', #1752, #1089 ) ;
#654 = EDGE_CURVE ( 'NONE', #685, #2825, #3300, .T. ) ;
#655 = CARTESIAN_POINT ( 'NONE',  ( 0.1653543307086614567, 0.007874015748031495954, 0.07480314960629921850 ) ) ;
#656 = ORIENTED_EDGE ( 'NONE', *, *, #2164, .F. ) ;
#657 = DIMENSIONAL_EXPONENTS ( 1.000000000000000000, 0.000000000000000000, 0.000000000000000000, 0.000000000000000000, 0.000000000000000000, 0.000000000000000000, 0.000000000000000000 ) ;
#658 = EDGE_LOOP ( 'NONE', ( #3426, #3321 ) ) ;
#659 = ADVANCED_FACE ( 'NONE', ( #2188 ), #1141, .F. ) ;
#660 = ORIENTED_EDGE ( 'NONE', *, *, #1785, .T. ) ;
#661 = ORIENTED_EDGE ( 'NONE', *, *, #813, .T. ) ;
#662 = CARTESIAN_POINT ( 'NONE',  ( 0.1653543307086614567, 0.007874015748031495954, -0.1023622047244094613 ) ) ;
#663 = LINE ( 'NONE', #2883, #674 ) ;
#664 = CIRCLE ( 'NONE', #91, 0.02362204724409448092 ) ;
#665 = DIRECTION ( 'NONE',  ( 1.016439536705159791E-16, -1.000000000000000000, 0.000000000000000000 ) ) ;
#666 = AXIS2_PLACEMENT_3D ( 'NONE', #1269, #2593, #2867 ) ;
#667 = LINE ( 'NONE', #2289, #3331 ) ;
#668 = ADVANCED_FACE ( 'NONE', ( #2520 ), #1983, .F. ) ;
#669 = VECTOR ( 'NONE', #926, 39.37007874015748143 ) ;
#670 = ORIENTED_EDGE ( 'NONE', *, *, #552, .F. ) ;
#671 = LINE ( 'NONE', #2872, #1183 ) ;
#672 = LINE ( 'NONE', #988, #2629 ) ;
#673 = VECTOR ( 'NONE', #3078, 39.37007874015748143 ) ;
#674 = VECTOR ( 'NONE', #1224, 39.37007874015748143 ) ;
#675 = FACE_OUTER_BOUND ( 'NONE', #2141, .T. ) ;
#676 = ORIENTED_EDGE ( 'NONE', *, *, #1968, .F. ) ;
#677 = ADVANCED_FACE ( 'NONE', ( #1448 ), #3316, .T. ) ;
#678 = DIRECTION ( 'NONE',  ( 0.000000000000000000, 1.000000000000000000, 0.000000000000000000 ) ) ;
#679 = CARTESIAN_POINT ( 'NONE',  ( 0.1496062992125984370, 0.03149606299212598381, -0.1023622047244094613 ) ) ;
#680 = EDGE_LOOP ( 'NONE', ( #1066, #2774, #883, #2669, #197, #2488, #1715, #1489, #2985, #1385, #2941, #2370 ) ) ;
#681 =( GEOMETRIC_REPRESENTATION_CONTEXT ( 3 ) GLOBAL_UNCERTAINTY_ASSIGNED_CONTEXT ( ( #2211 ) ) GLOBAL_UNIT_ASSIGNED_CONTEXT ( ( #2357, #1573, #2432 ) ) REPRESENTATION_CONTEXT ( 'NONE', 'WORKASPACE' ) );
#682 = CARTESIAN_POINT ( 'NONE',  ( -0.1122047244094488277, 0.1299212598425196763, -0.1122047244094488277 ) ) ;
#683 = VECTOR ( 'NONE', #1904, 39.37007874015748143 ) ;
#684 = VECTOR ( 'NONE', #539, 39.37007874015748143 ) ;
#685 = VERTEX_POINT ( 'NONE', #44 ) ;
#686 = VERTEX_POINT ( 'NONE', #1970 ) ;
#687 = EDGE_CURVE ( 'NONE', #1541, #1296, #594, .T. ) ;
#688 = DIRECTION ( 'NONE',  ( -1.016439536705159791E-16, -1.000000000000000000, 0.000000000000000000 ) ) ;
#689 = DIRECTION ( 'NONE',  ( 0.000000000000000000, 0.000000000000000000, 1.000000000000000000 ) ) ;
#690 = CIRCLE ( 'NONE', #171, 0.005905511811023620231 ) ;
#691 = LINE ( 'NONE', #3111, #2290 ) ;
#692 = AXIS2_PLACEMENT_3D ( 'NONE', #14, #1100, #1917 ) ;
#693 = SURFACE_SIDE_STYLE ('',( #3180 ) ) ;
#694 = AXIS2_PLACEMENT_3D ( 'NONE', #1519, #1247, #1804 ) ;
#695 = EDGE_CURVE ( 'NONE', #705, #3325, #2789, .T. ) ;
#696 = ORIENTED_EDGE ( 'NONE', *, *, #3367, .F. ) ;
#697 = CARTESIAN_POINT ( 'NONE',  ( 0.1535433070866141780, 0.02755905511811023584, 0.1023622047244094613 ) ) ;
#698 = DIRECTION ( 'NONE',  ( 0.000000000000000000, 0.000000000000000000, -1.000000000000000000 ) ) ;
#699 = CARTESIAN_POINT ( 'NONE',  ( -0.08858267716535433989, 0.1377952755905511861, -0.08858267716535433989 ) ) ;
#700 = ORIENTED_EDGE ( 'NONE', *, *, #1446, .F. ) ;
#701 = CARTESIAN_POINT ( 'NONE',  ( -0.1653543307086614567, -0.003937007874015747977, 0.1023622047244094613 ) ) ;
#702 = CARTESIAN_POINT ( 'NONE',  ( -0.1614173228346456879, 0.02755905511811023584, 0.07480314960629921850 ) ) ;
#703 = EDGE_LOOP ( 'NONE', ( #3121, #69 ) ) ;
#704 = DIRECTION ( 'NONE',  ( 0.000000000000000000, 0.000000000000000000, -1.000000000000000000 ) ) ;
#705 = VERTEX_POINT ( 'NONE', #1428 ) ;
#706 = ORIENTED_EDGE ( 'NONE', *, *, #2075, .T. ) ;
#707 = CARTESIAN_POINT ( 'NONE',  ( -0.1535433070866141780, 0.007874015748031495954, 0.07480314960629921850 ) ) ;
#708 = EDGE_CURVE ( 'NONE', #1681, #993, #219, .T. ) ;
#709 = DIRECTION ( 'NONE',  ( -1.000000000000000000, 0.000000000000000000, 0.000000000000000000 ) ) ;
#710 = DIRECTION ( 'NONE',  ( 0.000000000000000000, -1.000000000000000000, 0.000000000000000000 ) ) ;
#711 = EDGE_CURVE ( 'NONE', #1197, #869, #560, .T. ) ;
#712 = CARTESIAN_POINT ( 'NONE',  ( -0.08858267716535433989, 0.1377952755905511861, 0.08858267716535433989 ) ) ;
#713 = LINE ( 'NONE', #507, #3291 ) ;
#714 = VERTEX_POINT ( 'NONE', #611 ) ;
#715 = LINE ( 'NONE', #2080, #3327 ) ;
#716 = LINE ( 'NONE', #152, #912 ) ;
#717 = PLANE ( 'NONE',  #3237 ) ;
#718 = EDGE_LOOP ( 'NONE', ( #2599, #3409, #1033, #3379 ) ) ;
#719 = LINE ( 'NONE', #157, #2932 ) ;
#720 =( CONVERSION_BASED_UNIT ( 'INCH', #3233 ) LENGTH_UNIT ( ) NAMED_UNIT ( #3230 ) );
#721 = ORIENTED_EDGE ( 'NONE', *, *, #2854, .F. ) ;
#722 = ORIENTED_EDGE ( 'NONE', *, *, #3498, .T. ) ;
#723 = EDGE_LOOP ( 'NONE', ( #1858, #3211, #2429, #490 ) ) ;
#724 = DIRECTION ( 'NONE',  ( 0.000000000000000000, 0.000000000000000000, 1.000000000000000000 ) ) ;
#725 = LINE ( 'NONE', #1819, #340 ) ;
#726 = DIRECTION ( 'NONE',  ( 0.000000000000000000, 0.000000000000000000, -1.000000000000000000 ) ) ;
#727 = ADVANCED_FACE ( 'NONE', ( #1916 ), #1952, .T. ) ;
#728 = CIRCLE ( 'NONE', #42, 0.005905511811023620231 ) ;
#729 = VECTOR ( 'NONE', #2631, 39.37007874015748143 ) ;
#730 = DIRECTION ( 'NONE',  ( 1.000000000000000000, -1.734723475976804925E-15, 0.000000000000000000 ) ) ;
#731 = ORIENTED_EDGE ( 'NONE', *, *, #734, .F. ) ;
#732 = CARTESIAN_POINT ( 'NONE',  ( -0.1181102362204724532, 0.03937007874015747977, -0.1023622047244094613 ) ) ;
#733 = DIRECTION ( 'NONE',  ( 0.000000000000000000, 0.000000000000000000, -1.000000000000000000 ) ) ;
#734 = EDGE_CURVE ( 'NONE', #1062, #1553, #48, .T. ) ;
#735 = CIRCLE ( 'NONE', #2050, 0.01181102362204724046 ) ;
#736 = CARTESIAN_POINT ( 'NONE',  ( 0.1653543307086614567, 0.007874015748031495954, 0.1023622047244094613 ) ) ;
#737 = ORIENTED_EDGE ( 'NONE', *, *, #3083, .T. ) ;
#738 = DIRECTION ( 'NONE',  ( 0.000000000000000000, 0.000000000000000000, 1.000000000000000000 ) ) ;
#739 = CIRCLE ( 'NONE', #3151, 0.02362204724409448092 ) ;
#740 =( NAMED_UNIT ( * ) SI_UNIT ( $, .STERADIAN. ) SOLID_ANGLE_UNIT ( ) );
#741 = VERTEX_POINT ( 'NONE', #2204 ) ;
#742 = CARTESIAN_POINT ( 'NONE',  ( 0.1181102362204724532, 0.1299212598425196763, -0.1181102362204724532 ) ) ;
#743 = VECTOR ( 'NONE', #460, 39.37007874015748143 ) ;
#744 = ORIENTED_EDGE ( 'NONE', *, *, #1177, .T. ) ;
#745 = COLOUR_RGB ( '',0.7921568627450980005, 0.8196078431372548767, 0.9333333333333333481 ) ;
#746 = CARTESIAN_POINT ( 'NONE',  ( 0.08858267716535433989, 0.1299212598425196763, -0.1043307086614173457 ) ) ;
#747 = DIRECTION ( 'NONE',  ( 0.000000000000000000, 0.000000000000000000, -1.000000000000000000 ) ) ;
#748 = CARTESIAN_POINT ( 'NONE',  ( 0.1181102362204724532, 0.03937007874015747977, 0.1023622047244094613 ) ) ;
#749 = VECTOR ( 'NONE', #3422, 39.37007874015748143 ) ;
#750 = CIRCLE ( 'NONE', #818, 0.01574803149606299885 ) ;
#751 = FACE_BOUND ( 'NONE', #1307, .T. ) ;
#752 = ORIENTED_EDGE ( 'NONE', *, *, #353, .F. ) ;
#753 = DIRECTION ( 'NONE',  ( 0.000000000000000000, 0.000000000000000000, 1.000000000000000000 ) ) ;
#754 = CARTESIAN_POINT ( 'NONE',  ( -0.1653543307086614567, 0.007874015748031495954, 0.07480314960629921850 ) ) ;
#755 = VECTOR ( 'NONE', #305, 39.37007874015748143 ) ;
#756 = ORIENTED_EDGE ( 'NONE', *, *, #2602, .F. ) ;
#757 = DIRECTION ( 'NONE',  ( -1.000000000000000000, 0.000000000000000000, 0.000000000000000000 ) ) ;
#758 = CARTESIAN_POINT ( 'NONE',  ( -0.1122047244094488277, 0.1299212598425196763, 0.1122047244094488277 ) ) ;
#759 = ORIENTED_EDGE ( 'NONE', *, *, #1556, .F. ) ;
#760 = CARTESIAN_POINT ( 'NONE',  ( 0.1653543307086614567, 0.007874015748031495954, 0.1023622047244094613 ) ) ;
#761 = ADVANCED_FACE ( 'NONE', ( #2813 ), #3329, .T. ) ;
#762 = EDGE_LOOP ( 'NONE', ( #844, #1639, #261, #2640 ) ) ;
#763 = LINE ( 'NONE', #2681, #3280 ) ;
#764 = CARTESIAN_POINT ( 'NONE',  ( 0.1181102362204724532, 0.03937007874015747977, -0.07480314960629921850 ) ) ;
#765 = CARTESIAN_POINT ( 'NONE',  ( 0.000000000000000000, 0.000000000000000000, 0.000000000000000000 ) ) ;
#766 = SURFACE_STYLE_FILL_AREA ( #1345 ) ;
#767 = DIRECTION ( 'NONE',  ( 0.000000000000000000, 1.000000000000000000, 0.000000000000000000 ) ) ;
#768 = ORIENTED_EDGE ( 'NONE', *, *, #646, .F. ) ;
#769 = CARTESIAN_POINT ( 'NONE',  ( 0.1181102362204724532, 0.1377952755905511861, 0.1122047244094488277 ) ) ;
#770 = DIRECTION ( 'NONE',  ( 0.000000000000000000, 0.000000000000000000, -1.000000000000000000 ) ) ;
#771 = ORIENTED_EDGE ( 'NONE', *, *, #2452, .F. ) ;
#772 = DIRECTION ( 'NONE',  ( 0.000000000000000000, 0.000000000000000000, -1.000000000000000000 ) ) ;
#773 = DIRECTION ( 'NONE',  ( 0.000000000000000000, 0.000000000000000000, -1.000000000000000000 ) ) ;
#774 = EDGE_CURVE ( 'NONE', #2197, #3423, #824, .T. ) ;
#775 = VERTEX_POINT ( 'NONE', #1933 ) ;
#776 = PLANE ( 'NONE',  #178 ) ;
#777 = ORIENTED_EDGE ( 'NONE', *, *, #2143, .F. ) ;
#778 = CARTESIAN_POINT ( 'NONE',  ( 0.1653543307086614567, 0.003937007874015747977, 0.1023622047244094613 ) ) ;
#779 = CARTESIAN_POINT ( 'NONE',  ( 0.1181102362204724532, 0.03937007874015747977, 0.1023622047244094613 ) ) ;
#780 = EDGE_CURVE ( 'NONE', #1403, #20, #1668, .T. ) ;
#781 = DIRECTION ( 'NONE',  ( 0.000000000000000000, -1.000000000000000000, 0.000000000000000000 ) ) ;
#782 = FACE_OUTER_BOUND ( 'NONE', #386, .T. ) ;
#783 = DIRECTION ( 'NONE',  ( 0.000000000000000000, -1.000000000000000000, 0.000000000000000000 ) ) ;
#784 = DIRECTION ( 'NONE',  ( 1.000000000000000000, -1.734723475976804925E-15, 0.000000000000000000 ) ) ;
#785 = ORIENTED_EDGE ( 'NONE', *, *, #2922, .F. ) ;
#786 = EDGE_CURVE ( 'NONE', #2234, #290, #1943, .T. ) ;
#787 = VECTOR ( 'NONE', #3457, 39.37007874015748143 ) ;
#788 = CARTESIAN_POINT ( 'NONE',  ( -0.1496062992125984370, 0.03149606299212598381, -0.1023622047244094613 ) ) ;
#789 = CARTESIAN_POINT ( 'NONE',  ( 0.1968503937007874127, -0.003937007874015747977, -0.1023622047244094613 ) ) ;
#790 = CIRCLE ( 'NONE', #493, 0.01574803149606299885 ) ;
#791 = VERTEX_POINT ( 'NONE', #27 ) ;
#792 = DIRECTION ( 'NONE',  ( 1.000000000000000000, 0.000000000000000000, 0.000000000000000000 ) ) ;
#793 = LINE ( 'NONE', #817, #2109 ) ;
#794 = ORIENTED_EDGE ( 'NONE', *, *, #1424, .T. ) ;
#795 = CARTESIAN_POINT ( 'NONE',  ( 0.08858267716535433989, 0.1377952755905511861, -0.08858267716535433989 ) ) ;
#796 = EDGE_CURVE ( 'NONE', #3214, #2656, #1125, .T. ) ;
#797 = AXIS2_PLACEMENT_3D ( 'NONE', #4, #3290, #291 ) ;
#798 = EDGE_LOOP ( 'NONE', ( #2595, #1156, #2299, #478 ) ) ;
#799 = EDGE_LOOP ( 'NONE', ( #2890, #517, #2928, #1814 ) ) ;
#800 = DIRECTION ( 'NONE',  ( 1.000000000000000000, -1.016439536705159791E-16, 0.000000000000000000 ) ) ;
#801 = AXIS2_PLACEMENT_3D ( 'NONE', #1699, #2521, #2254 ) ;
#802 = EDGE_CURVE ( 'NONE', #3284, #257, #1659, .T. ) ;
#803 = AXIS2_PLACEMENT_3D ( 'NONE', #2663, #3469, #998 ) ;
#804 = DIRECTION ( 'NONE',  ( 0.000000000000000000, 0.000000000000000000, -1.000000000000000000 ) ) ;
#805 =( NAMED_UNIT ( * ) PLANE_ANGLE_UNIT ( ) SI_UNIT ( $, .RADIAN. ) );
#806 = AXIS2_PLACEMENT_3D ( 'NONE', #2540, #3403, #2319 ) ;
#808 = EDGE_CURVE ( 'NONE', #1104, #1164, #2395, .T. ) ;
#807 = LINE ( 'NONE', #3544, #683 ) ;
#809 = CARTESIAN_POINT ( 'NONE',  ( -0.1496062992125984370, 0.03937007874015747977, 0.1023622047244094613 ) ) ;
#810 = ORIENTED_EDGE ( 'NONE', *, *, #946, .T. ) ;
#811 = VECTOR ( 'NONE', #3470, 39.37007874015748143 ) ;
#812 = DIRECTION ( 'NONE',  ( -0.000000000000000000, 1.000000000000000000, 0.000000000000000000 ) ) ;
#813 = EDGE_CURVE ( 'NONE', #866, #2152, #2048, .T. ) ;
#814 = VECTOR ( 'NONE', #1888, 39.37007874015748143 ) ;
#815 = EDGE_LOOP ( 'NONE', ( #1188, #2895 ) ) ;
#816 = DIRECTION ( 'NONE',  ( 0.000000000000000000, 1.000000000000000000, 0.000000000000000000 ) ) ;
#817 = CARTESIAN_POINT ( 'NONE',  ( -0.1968503937007874127, -0.003937007874015747977, 0.1023622047244094613 ) ) ;
#818 = AXIS2_PLACEMENT_3D ( 'NONE', #2142, #292, #3253 ) ;
#819 = CARTESIAN_POINT ( 'NONE',  ( -0.08858267716535433989, 0.1456692913385826960, -0.08858267716535433989 ) ) ;
#820 = EDGE_LOOP ( 'NONE', ( #1222, #1848, #1914, #986 ) ) ;
#821 = CARTESIAN_POINT ( 'NONE',  ( -0.1122047244094488277, 0.1299212598425196763, -0.1181102362204724532 ) ) ;
#822 = ORIENTED_EDGE ( 'NONE', *, *, #294, .F. ) ;
#823 = LINE ( 'NONE', #1915, #1724 ) ;
#824 = LINE ( 'NONE', #1648, #1024 ) ;
#825 = ADVANCED_FACE ( 'NONE', ( #1462 ), #1532, .T. ) ;
#826 = EDGE_LOOP ( 'NONE', ( #1184, #591, #57, #3064 ) ) ;
#827 = FACE_OUTER_BOUND ( 'NONE', #1622, .T. ) ;
#828 = CARTESIAN_POINT ( 'NONE',  ( 0.1653543307086614567, -0.003937007874015747977, -0.1023622047244094613 ) ) ;
#829 = EDGE_CURVE ( 'NONE', #3516, #1948, #1138, .T. ) ;
#830 = ORIENTED_EDGE ( 'NONE', *, *, #1964, .T. ) ;
#831 = LINE ( 'NONE', #1924, #1386 ) ;
#832 = CARTESIAN_POINT ( 'NONE',  ( 0.08858267716535433989, 0.1823374350353732243, -0.08858267716535433989 ) ) ;
#833 = DIRECTION ( 'NONE',  ( 0.000000000000000000, 0.000000000000000000, 1.000000000000000000 ) ) ;
#834 = ORIENTED_EDGE ( 'NONE', *, *, #3421, .T. ) ;
#835 = ORIENTED_EDGE ( 'NONE', *, *, #2581, .T. ) ;
#836 = EDGE_LOOP ( 'NONE', ( #3520, #1298, #86, #1395 ) ) ;
#837 = CARTESIAN_POINT ( 'NONE',  ( 0.1535433070866141780, 0.007874015748031495954, -0.07480314960629921850 ) ) ;
#838 = DIRECTION ( 'NONE',  ( 0.000000000000000000, 0.000000000000000000, 1.000000000000000000 ) ) ;
#839 = EDGE_CURVE ( 'NONE', #2390, #685, #735, .T. ) ;
#840 = DIRECTION ( 'NONE',  ( 0.000000000000000000, 0.000000000000000000, -1.000000000000000000 ) ) ;
#841 = LINE ( 'NONE', #2223, #863 ) ;
#842 = ORIENTED_EDGE ( 'NONE', *, *, #2922, .T. ) ;
#843 = SPHERICAL_SURFACE ( 'NONE', #1083, 0.03937007874015747977 ) ;
#844 = ORIENTED_EDGE ( 'NONE', *, *, #3241, .T. ) ;
#845 = EDGE_CURVE ( 'NONE', #1204, #2500, #3136, .T. ) ;
#846 = CARTESIAN_POINT ( 'NONE',  ( 0.08858267716535433989, 0.1377952755905511861, -0.1043307086614173457 ) ) ;
#847 = CIRCLE ( 'NONE', #2558, 0.06889763779527559306 ) ;
#848 = ORIENTED_EDGE ( 'NONE', *, *, #1482, .T. ) ;
#849 = AXIS2_PLACEMENT_3D ( 'NONE', #3370, #2271, #18 ) ;
#850 = ORIENTED_EDGE ( 'NONE', *, *, #930, .F. ) ;
#851 = VERTEX_POINT ( 'NONE', #2882 ) ;
#852 = VECTOR ( 'NONE', #313, 39.37007874015748143 ) ;
#853 = ADVANCED_FACE ( 'NONE', ( #2552 ), #977, .F. ) ;
#854 = CARTESIAN_POINT ( 'NONE',  ( -0.08858267716535433989, 0.1456692913385826960, -0.08858267716535433989 ) ) ;
#855 = CIRCLE ( 'NONE', #1996, 0.003937007874015741038 ) ;
#856 = DIRECTION ( 'NONE',  ( 0.000000000000000000, -1.000000000000000000, 0.000000000000000000 ) ) ;
#857 = LINE ( 'NONE', #1953, #1032 ) ;
#858 = AXIS2_PLACEMENT_3D ( 'NONE', #2021, #633, #3381 ) ;
#859 = DIRECTION ( 'NONE',  ( 1.734723475976804925E-15, -1.000000000000000000, 0.000000000000000000 ) ) ;
#860 = EDGE_LOOP ( 'NONE', ( #830, #555, #74, #1873 ) ) ;
#861 = DIRECTION ( 'NONE',  ( 0.000000000000000000, 0.000000000000000000, -1.000000000000000000 ) ) ;
#862 = DIRECTION ( 'NONE',  ( 0.000000000000000000, 0.000000000000000000, 1.000000000000000000 ) ) ;
#863 = VECTOR ( 'NONE', #3354, 39.37007874015748143 ) ;
#864 = CIRCLE ( 'NONE', #3051, 0.06513941287788303780 ) ;
#865 = AXIS2_PLACEMENT_3D ( 'NONE', #399, #2574, #941 ) ;
#866 = VERTEX_POINT ( 'NONE', #89 ) ;
#867 = CARTESIAN_POINT ( 'NONE',  ( 0.1122047244094488277, 0.000000000000000000, -0.1122047244094488277 ) ) ;
#868 = AXIS2_PLACEMENT_3D ( 'NONE', #1353, #1623, #1337 ) ;
#869 = VERTEX_POINT ( 'NONE', #707 ) ;
#870 = COLOUR_RGB ( '',0.7921568627450980005, 0.8196078431372548767, 0.9333333333333333481 ) ;
#871 = FACE_OUTER_BOUND ( 'NONE', #3191, .T. ) ;
#872 = ORIENTED_EDGE ( 'NONE', *, *, #596, .T. ) ;
#873 = EDGE_CURVE ( 'NONE', #2969, #2853, #1760, .T. ) ;
#874 = DIRECTION ( 'NONE',  ( 0.000000000000000000, -1.000000000000000000, 0.000000000000000000 ) ) ;
#875 = DIRECTION ( 'NONE',  ( 0.000000000000000000, 0.000000000000000000, -1.000000000000000000 ) ) ;
#876 = CARTESIAN_POINT ( 'NONE',  ( 0.1968503937007874127, -0.003937007874015747977, -0.1023622047244094613 ) ) ;
#877 = FACE_OUTER_BOUND ( 'NONE', #406, .T. ) ;
#878 = CARTESIAN_POINT ( 'NONE',  ( 0.1653543307086614567, 0.003937007874015747977, -0.07480314960629921850 ) ) ;
#879 = CARTESIAN_POINT ( 'NONE',  ( -0.1653543307086614567, 0.007874015748031495954, 0.1023622047244094613 ) ) ;
#880 = UNCERTAINTY_MEASURE_WITH_UNIT (LENGTH_MEASURE( 1.000000000000000082E-05 ), #1280, 'distance_accuracy_value', 'NONE');
#881 = VERTEX_POINT ( 'NONE', #1223 ) ;
#882 = DIRECTION ( 'NONE',  ( 0.000000000000000000, 0.000000000000000000, 1.000000000000000000 ) ) ;
#883 = ORIENTED_EDGE ( 'NONE', *, *, #2053, .F. ) ;
#884 = EDGE_CURVE ( 'NONE', #3252, #2228, #396, .T. ) ;
#885 = DIRECTION ( 'NONE',  ( 0.000000000000000000, 0.000000000000000000, 1.000000000000000000 ) ) ;
#886 = ORIENTED_EDGE ( 'NONE', *, *, #1175, .T. ) ;
#887 = DIRECTION ( 'NONE',  ( 0.000000000000000000, 1.000000000000000000, 0.000000000000000000 ) ) ;
#888 = EDGE_CURVE ( 'NONE', #3145, #2510, #2317, .T. ) ;
#889 = CARTESIAN_POINT ( 'NONE',  ( -0.1535433070866141780, 0.02755905511811023584, 0.07480314960629921850 ) ) ;
#890 = DIRECTION ( 'NONE',  ( 0.000000000000000000, 0.000000000000000000, -1.000000000000000000 ) ) ;
#891 = LINE ( 'NONE', #635, #1382 ) ;
#892 = CARTESIAN_POINT ( 'NONE',  ( 0.1181102362204724532, 0.000000000000000000, 0.1122047244094488277 ) ) ;
#893 = CARTESIAN_POINT ( 'NONE',  ( -0.1535433070866141780, 0.007874015748031495954, -0.1023622047244094613 ) ) ;
#894 = ORIENTED_EDGE ( 'NONE', *, *, #1413, .T. ) ;
#895 = DIRECTION ( 'NONE',  ( 0.000000000000000000, -1.000000000000000000, 0.000000000000000000 ) ) ;
#896 = ORIENTED_EDGE ( 'NONE', *, *, #1077, .F. ) ;
#897 = PLANE ( 'NONE',  #1594 ) ;
#899 = ORIENTED_EDGE ( 'NONE', *, *, #979, .T. ) ;
#898 = VECTOR ( 'NONE', #2345, 39.37007874015748143 ) ;
#900 = ADVANCED_FACE ( 'NONE', ( #2897 ), #373, .F. ) ;
#901 = DIRECTION ( 'NONE',  ( -0.000000000000000000, -1.000000000000000000, -0.000000000000000000 ) ) ;
#902 = COLOUR_RGB ( '',0.7921568627450980005, 0.8196078431372548767, 0.9333333333333333481 ) ;
#903 = ORIENTED_EDGE ( 'NONE', *, *, #162, .F. ) ;
#904 = DIRECTION ( 'NONE',  ( 0.000000000000000000, 0.000000000000000000, -1.000000000000000000 ) ) ;
#905 = DIRECTION ( 'NONE',  ( 1.000000000000000000, 0.000000000000000000, 0.000000000000000000 ) ) ;
#906 = AXIS2_PLACEMENT_3D ( 'NONE', #2777, #300, #2490 ) ;
#907 = EDGE_CURVE ( 'NONE', #971, #497, #961, .T. ) ;
#908 = VECTOR ( 'NONE', #2699, 39.37007874015748143 ) ;
#909 = DIRECTION ( 'NONE',  ( -1.734723475976804925E-15, 1.000000000000000000, 0.000000000000000000 ) ) ;
#910 = DIRECTION ( 'NONE',  ( 0.000000000000000000, 0.000000000000000000, 1.000000000000000000 ) ) ;
#911 = PLANE ( 'NONE',  #1770 ) ;
#912 = VECTOR ( 'NONE', #2346, 39.37007874015748143 ) ;
#913 = ADVANCED_FACE ( 'NONE', ( #77 ), #1173, .T. ) ;
#914 = ORIENTED_EDGE ( 'NONE', *, *, #1545, .F. ) ;
#915 = AXIS2_PLACEMENT_3D ( 'NONE', #159, #3148, #1257 ) ;
#916 = DIRECTION ( 'NONE',  ( 0.000000000000000000, 0.000000000000000000, -1.000000000000000000 ) ) ;
#917 = EDGE_CURVE ( 'NONE', #1512, #1204, #959, .T. ) ;
#918 = AXIS2_PLACEMENT_3D ( 'NONE', #2708, #804, #43 ) ;
#919 = EDGE_LOOP ( 'NONE', ( #3122, #3077, #7, #1352 ) ) ;
#920 = AXIS2_PLACEMENT_3D ( 'NONE', #1562, #784, #1003 ) ;
#921 = ORIENTED_EDGE ( 'NONE', *, *, #2090, .T. ) ;
#922 = CARTESIAN_POINT ( 'NONE',  ( -0.08858267716535433989, 0.1823374350353732243, 0.08858267716535433989 ) ) ;
#923 = STYLED_ITEM ( 'NONE', ( #2260 ), #3070 ) ;
#924 = ORIENTED_EDGE ( 'NONE', *, *, #1739, .F. ) ;
#925 = ORIENTED_EDGE ( 'NONE', *, *, #2103, .F. ) ;
#926 = DIRECTION ( 'NONE',  ( -1.000000000000000000, -1.016439536705159791E-16, 0.000000000000000000 ) ) ;
#927 = LINE ( 'NONE', #1449, #3101 ) ;
#928 = CIRCLE ( 'NONE', #2585, 0.02362204724409448092 ) ;
#929 = DIRECTION ( 'NONE',  ( -1.016439536705159791E-16, -1.000000000000000000, 0.000000000000000000 ) ) ;
#930 = EDGE_CURVE ( 'NONE', #2497, #638, #632, .T. ) ;
#931 = LINE ( 'NONE', #129, #554 ) ;
#932 = VERTEX_POINT ( 'NONE', #2844 ) ;
#933 = DIRECTION ( 'NONE',  ( 0.000000000000000000, 0.000000000000000000, 1.000000000000000000 ) ) ;
#934 = ADVANCED_FACE ( 'NONE', ( #2570 ), #108, .F. ) ;
#935 = ORIENTED_EDGE ( 'NONE', *, *, #3127, .F. ) ;
#936 = ORIENTED_EDGE ( 'NONE', *, *, #654, .T. ) ;
#937 = ORIENTED_EDGE ( 'NONE', *, *, #3487, .T. ) ;
#938 = EDGE_LOOP ( 'NONE', ( #2605, #1276, #768, #3481, #3552, #2047, #605, #2467 ) ) ;
#939 = CARTESIAN_POINT ( 'NONE',  ( -0.1181102362204724532, 0.1377952755905511861, 0.1181102362204724532 ) ) ;
#940 = DIRECTION ( 'NONE',  ( 1.000000000000000000, 0.000000000000000000, 0.000000000000000000 ) ) ;
#941 = DIRECTION ( 'NONE',  ( 1.000000000000000000, 0.000000000000000000, 0.000000000000000000 ) ) ;
#942 = DIRECTION ( 'NONE',  ( -0.000000000000000000, -1.000000000000000000, -0.000000000000000000 ) ) ;
#943 = ADVANCED_FACE ( 'NONE', ( #165 ), #1343, .T. ) ;
#944 = VERTEX_POINT ( 'NONE', #1589 ) ;
#945 = CYLINDRICAL_SURFACE ( 'NONE', #3340, 0.005905511811023620231 ) ;
#946 = EDGE_CURVE ( 'NONE', #3432, #3393, #2169, .T. ) ;
#947 = CARTESIAN_POINT ( 'NONE',  ( -0.08858267716535433989, 0.1456692913385826960, -0.08858267716535433989 ) ) ;
#948 = ORIENTED_EDGE ( 'NONE', *, *, #2172, .F. ) ;
#949 = DIRECTION ( 'NONE',  ( 0.000000000000000000, 1.000000000000000000, 0.000000000000000000 ) ) ;
#950 = ORIENTED_EDGE ( 'NONE', *, *, #1587, .F. ) ;
#951 = CARTESIAN_POINT ( 'NONE',  ( -0.1122047244094488277, 0.1299212598425196763, 0.1122047244094488277 ) ) ;
#952 = ORIENTED_EDGE ( 'NONE', *, *, #1551, .T. ) ;
#953 = VERTEX_POINT ( 'NONE', #2957 ) ;
#954 = DIRECTION ( 'NONE',  ( 0.000000000000000000, 0.000000000000000000, -1.000000000000000000 ) ) ;
#955 = CARTESIAN_POINT ( 'NONE',  ( -0.08858267716535433989, 0.1299212598425196763, 0.08858267716535433989 ) ) ;
#956 = EDGE_CURVE ( 'NONE', #3206, #3464, #481, .T. ) ;
#957 = AXIS2_PLACEMENT_3D ( 'NONE', #3160, #1226, #2885 ) ;
#958 = DIRECTION ( 'NONE',  ( 0.000000000000000000, 1.000000000000000000, 0.000000000000000000 ) ) ;
#959 = CIRCLE ( 'NONE', #2747, 0.003937007874015741038 ) ;
#960 = CARTESIAN_POINT ( 'NONE',  ( 0.1653543307086614567, -0.003937007874015747977, 0.1023622047244094613 ) ) ;
#961 = CIRCLE ( 'NONE', #330, 0.003937007874015758385 ) ;
#962 = ORIENTED_EDGE ( 'NONE', *, *, #114, .F. ) ;
#963 = DIRECTION ( 'NONE',  ( 0.000000000000000000, -1.000000000000000000, 0.000000000000000000 ) ) ;
#964 = CARTESIAN_POINT ( 'NONE',  ( 0.1122047244094488277, 0.1377952755905511861, 0.1122047244094488277 ) ) ;
#965 = VECTOR ( 'NONE', #2391, 39.37007874015748143 ) ;
#966 = CIRCLE ( 'NONE', #858, 0.005905511811023620231 ) ;
#967 = PLANE ( 'NONE',  #229 ) ;
#968 = EDGE_LOOP ( 'NONE', ( #737, #1205, #3399, #520 ) ) ;
#969 = DIRECTION ( 'NONE',  ( 0.000000000000000000, 0.000000000000000000, -1.000000000000000000 ) ) ;
#970 = DIRECTION ( 'NONE',  ( -1.000000000000000000, 0.000000000000000000, 0.000000000000000000 ) ) ;
#971 = VERTEX_POINT ( 'NONE', #1074 ) ;
#972 = AXIS2_PLACEMENT_3D ( 'NONE', #425, #1527, #3463 ) ;
#973 = DIRECTION ( 'NONE',  ( 0.000000000000000000, 1.000000000000000000, 0.000000000000000000 ) ) ;
#974 = AXIS2_PLACEMENT_3D ( 'NONE', #1000, #726, #2923 ) ;
#975 = EDGE_LOOP ( 'NONE', ( #3413, #1359 ) ) ;
#976 = ORIENTED_EDGE ( 'NONE', *, *, #1097, .T. ) ;
#977 = PLANE ( 'NONE',  #1882 ) ;
#978 = CARTESIAN_POINT ( 'NONE',  ( 0.1181102362204724532, 0.03149606299212598381, 0.1023622047244094613 ) ) ;
#979 = EDGE_CURVE ( 'NONE', #1982, #3066, #2106, .T. ) ;
#980 = VECTOR ( 'NONE', #949, 39.37007874015748143 ) ;
#981 = DIRECTION ( 'NONE',  ( 0.000000000000000000, 1.000000000000000000, 0.000000000000000000 ) ) ;
#982 = CIRCLE ( 'NONE', #2192, 0.01574803149606299191 ) ;
#983 = FILL_AREA_STYLE_COLOUR ( '', #2277 ) ;
#984 = PRODUCT_DEFINITION_SHAPE ( 'NONE', 'NONE',  #1208 ) ;
#985 = PLANE ( 'NONE',  #1845 ) ;
#986 = ORIENTED_EDGE ( 'NONE', *, *, #796, .F. ) ;
#987 = CARTESIAN_POINT ( 'NONE',  ( -0.1968503937007874127, -0.003937007874015747977, -0.07480314960629921850 ) ) ;
#988 = CARTESIAN_POINT ( 'NONE',  ( -0.1653543307086614567, -0.003937007874015747977, -0.1023622047244094613 ) ) ;
#989 = CARTESIAN_POINT ( 'NONE',  ( 0.1968503937007874127, -0.003937007874015747977, -0.1023622047244094613 ) ) ;
#990 = EDGE_LOOP ( 'NONE', ( #602, #2807, #1792, #1833 ) ) ;
#991 = DIRECTION ( 'NONE',  ( 1.000000000000000000, -1.016439536705159791E-16, 0.000000000000000000 ) ) ;
#992 = LINE ( 'NONE', #702, #1896 ) ;
#993 = VERTEX_POINT ( 'NONE', #746 ) ;
#994 = LINE ( 'NONE', #2067, #516 ) ;
#995 = EDGE_CURVE ( 'NONE', #23, #2659, #2088, .T. ) ;
#996 = VERTEX_POINT ( 'NONE', #2163 ) ;
#997 = CARTESIAN_POINT ( 'NONE',  ( 0.1653543307086614567, 0.007874015748031495954, -0.07480314960629921850 ) ) ;
#998 = DIRECTION ( 'NONE',  ( 0.000000000000000000, 0.000000000000000000, -1.000000000000000000 ) ) ;
#999 = ADVANCED_FACE ( 'NONE', ( #1818 ), #2146, .F. ) ;
#1000 = CARTESIAN_POINT ( 'NONE',  ( -0.1653543307086614567, 0.007874015748031495954, 0.1023622047244094613 ) ) ;
#1001 = CYLINDRICAL_SURFACE ( 'NONE', #2167, 0.01574803149606299885 ) ;
#1002 = DIRECTION ( 'NONE',  ( 0.000000000000000000, 1.000000000000000000, 0.000000000000000000 ) ) ;
#1003 = DIRECTION ( 'NONE',  ( 0.000000000000000000, 0.000000000000000000, 1.000000000000000000 ) ) ;
#1004 = ORIENTED_EDGE ( 'NONE', *, *, #71, .T. ) ;
#1005 = LINE ( 'NONE', #2930, #3140 ) ;
#1006 = CARTESIAN_POINT ( 'NONE',  ( -0.1181102362204724532, 0.1377952755905511861, -0.1122047244094488277 ) ) ;
#1007 = CARTESIAN_POINT ( 'NONE',  ( 0.1614173228346456879, 0.02755905511811023584, 0.1023622047244094613 ) ) ;
#1008 = ORIENTED_EDGE ( 'NONE', *, *, #1696, .F. ) ;
#1009 = DIRECTION ( 'NONE',  ( 1.000000000000000000, 0.000000000000000000, 0.000000000000000000 ) ) ;
#1010 = LINE ( 'NONE', #1028, #3507 ) ;
#1011 = EDGE_LOOP ( 'NONE', ( #2384, #2061, #119, #3102 ) ) ;
#1012 = DIRECTION ( 'NONE',  ( 0.000000000000000000, 1.000000000000000000, 0.000000000000000000 ) ) ;
#1013 = ORIENTED_EDGE ( 'NONE', *, *, #2667, .T. ) ;
#1014 = DIRECTION ( 'NONE',  ( 1.000000000000000000, 0.000000000000000000, -7.228014483236699514E-17 ) ) ;
#1015 = CARTESIAN_POINT ( 'NONE',  ( -0.1122047244094488277, 0.1299212598425196763, -0.1181102362204724532 ) ) ;
#1016 = DIMENSIONAL_EXPONENTS ( 1.000000000000000000, 0.000000000000000000, 0.000000000000000000, 0.000000000000000000, 0.000000000000000000, 0.000000000000000000, 0.000000000000000000 ) ;
#1017 = LINE ( 'NONE', #1398, #3052 ) ;
#1018 = MECHANICAL_DESIGN_GEOMETRIC_PRESENTATION_REPRESENTATION (  '', ( #2561 ), #3037 ) ;
#1019 = CARTESIAN_POINT ( 'NONE',  ( -0.1968503937007874127, -0.003937007874015747977, 0.07480314960629921850 ) ) ;
#1020 = ORIENTED_EDGE ( 'NONE', *, *, #774, .T. ) ;
#1021 = PLANE ( 'NONE',  #3210 ) ;
#1022 = CARTESIAN_POINT ( 'NONE',  ( -0.1614173228346456879, 0.007874015748031495954, 0.1023622047244094613 ) ) ;
#1023 = EDGE_CURVE ( 'NONE', #1187, #1263, #1612, .T. ) ;
#1024 = VECTOR ( 'NONE', #2744, 39.37007874015748143 ) ;
#1025 = EDGE_LOOP ( 'NONE', ( #2562, #124 ) ) ;
#1026 = CARTESIAN_POINT ( 'NONE',  ( -0.1653543307086614567, -0.003937007874015747977, -0.07480314960629921850 ) ) ;
#1027 = CIRCLE ( 'NONE', #2801, 0.02362204724409448092 ) ;
#1028 = CARTESIAN_POINT ( 'NONE',  ( 0.1181102362204724532, 0.1299212598425196763, -0.1181102362204724532 ) ) ;
#1029 = EDGE_CURVE ( 'NONE', #1923, #3214, #1027, .T. ) ;
#1030 = ORIENTED_EDGE ( 'NONE', *, *, #254, .F. ) ;
#1031 = CARTESIAN_POINT ( 'NONE',  ( -0.1122047244094488277, 0.1377952755905511861, -0.1181102362204724532 ) ) ;
#1032 = VECTOR ( 'NONE', #3266, 39.37007874015748143 ) ;
#1033 = ORIENTED_EDGE ( 'NONE', *, *, #1742, .T. ) ;
#1034 = LINE ( 'NONE', #521, #1193 ) ;
#1035 = DIRECTION ( 'NONE',  ( 0.000000000000000000, -1.000000000000000000, 0.000000000000000000 ) ) ;
#1036 = VECTOR ( 'NONE', #2582, 39.37007874015748143 ) ;
#1037 = AXIS2_PLACEMENT_3D ( 'NONE', #3348, #874, #1124 ) ;
#1038 = LINE ( 'NONE', #3242, #3453 ) ;
#1039 = CARTESIAN_POINT ( 'NONE',  ( 0.1181102362204724532, 0.1299212598425196763, -0.1181102362204724532 ) ) ;
#1040 = AXIS2_PLACEMENT_3D ( 'NONE', #2436, #1079, #1597 ) ;
#1041 = ADVANCED_FACE ( 'NONE', ( #3257 ), #2356, .T. ) ;
#1042 = VECTOR ( 'NONE', #1060, 39.37007874015748143 ) ;
#1043 = CARTESIAN_POINT ( 'NONE',  ( -0.1535433070866141780, 0.02755905511811023584, -0.1023622047244094613 ) ) ;
#1044 = EDGE_LOOP ( 'NONE', ( #2261, #2039, #1894, #409 ) ) ;
#1045 = CARTESIAN_POINT ( 'NONE',  ( 0.1496062992125984370, 0.03149606299212598381, 0.1023622047244094613 ) ) ;
#1046 = FACE_OUTER_BOUND ( 'NONE', #1746, .T. ) ;
#1047 = CIRCLE ( 'NONE', #2939, 0.01181102362204724046 ) ;
#1048 = ORIENTED_EDGE ( 'NONE', *, *, #2326, .F. ) ;
#1049 = EDGE_CURVE ( 'NONE', #2099, #3132, #3044, .T. ) ;
#1050 = CARTESIAN_POINT ( 'NONE',  ( -0.1496062992125984370, 0.02755905511811023584, 0.07480314960629921850 ) ) ;
#1051 = DIRECTION ( 'NONE',  ( 0.000000000000000000, 1.000000000000000000, 0.000000000000000000 ) ) ;
#1052 = ORIENTED_EDGE ( 'NONE', *, *, #2594, .T. ) ;
#1053 = CARTESIAN_POINT ( 'NONE',  ( -0.1181102362204724532, 0.03149606299212598381, 0.07480314960629921850 ) ) ;
#1054 = VERTEX_POINT ( 'NONE', #202 ) ;
#1055 = DIRECTION ( 'NONE',  ( 0.000000000000000000, 1.000000000000000000, 0.000000000000000000 ) ) ;
#1056 = DIRECTION ( 'NONE',  ( -1.000000000000000000, 0.000000000000000000, 0.000000000000000000 ) ) ;
#1057 = EDGE_CURVE ( 'NONE', #2583, #83, #1034, .T. ) ;
#1058 = LINE ( 'NONE', #2339, #1099 ) ;
#1059 = DIRECTION ( 'NONE',  ( 0.000000000000000000, 1.000000000000000000, 0.000000000000000000 ) ) ;
#1060 = DIRECTION ( 'NONE',  ( -1.000000000000000000, 0.000000000000000000, 0.000000000000000000 ) ) ;
#1061 = DIRECTION ( 'NONE',  ( 0.000000000000000000, 0.000000000000000000, -1.000000000000000000 ) ) ;
#1062 = VERTEX_POINT ( 'NONE', #2942 ) ;
#1063 = CARTESIAN_POINT ( 'NONE',  ( 0.1122047244094488277, 0.000000000000000000, 0.1181102362204724532 ) ) ;
#1064 = DIRECTION ( 'NONE',  ( 1.000000000000000000, 0.000000000000000000, 0.000000000000000000 ) ) ;
#1065 = EDGE_CURVE ( 'NONE', #2500, #1483, #3217, .T. ) ;
#1066 = ORIENTED_EDGE ( 'NONE', *, *, #1023, .F. ) ;
#1067 = DIRECTION ( 'NONE',  ( -1.000000000000000000, -1.016439536705159791E-16, 0.000000000000000000 ) ) ;
#1068 = CARTESIAN_POINT ( 'NONE',  ( 0.1535433070866141780, 0.02755905511811023584, -0.07480314960629921850 ) ) ;
#1069 = ORIENTED_EDGE ( 'NONE', *, *, #3067, .F. ) ;
#1070 = DIRECTION ( 'NONE',  ( 0.000000000000000000, 0.000000000000000000, -1.000000000000000000 ) ) ;
#1071 = EDGE_CURVE ( 'NONE', #2309, #1828, #2280, .T. ) ;
#1072 = EDGE_LOOP ( 'NONE', ( #2398, #3319, #759, #848 ) ) ;
#1073 = ORIENTED_EDGE ( 'NONE', *, *, #1192, .T. ) ;
#1074 = CARTESIAN_POINT ( 'NONE',  ( 0.1614173228346456879, 0.007874015748031495954, -0.07480314960629921850 ) ) ;
#1075 = DIRECTION ( 'NONE',  ( -1.000000000000000000, 0.000000000000000000, 0.000000000000000000 ) ) ;
#1076 = FILL_AREA_STYLE_COLOUR ( '', #902 ) ;
#1077 = EDGE_CURVE ( 'NONE', #3119, #2016, #1478, .T. ) ;
#1078 = CARTESIAN_POINT ( 'NONE',  ( 0.000000000000000000, 0.2559055118110236671, 0.000000000000000000 ) ) ;
#1079 = DIRECTION ( 'NONE',  ( 1.016439536705159791E-16, -1.000000000000000000, 0.000000000000000000 ) ) ;
#1080 = ORIENTED_EDGE ( 'NONE', *, *, #2797, .T. ) ;
#1081 = CLOSED_SHELL ( 'NONE', ( #561, #3369, #2869, #3130, #1778, #999 ) ) ;
#1082 = DIRECTION ( 'NONE',  ( 1.000000000000000000, 0.000000000000000000, 0.000000000000000000 ) ) ;
#1083 = AXIS2_PLACEMENT_3D ( 'NONE', #3042, #566, #2770 ) ;
#1084 = EDGE_LOOP ( 'NONE', ( #2515, #1976, #278, #1930 ) ) ;
#1085 = DIRECTION ( 'NONE',  ( 0.000000000000000000, 0.000000000000000000, -1.000000000000000000 ) ) ;
#1086 = LINE ( 'NONE', #2157, #1313 ) ;
#1087 = AXIS2_PLACEMENT_3D ( 'NONE', #1897, #3541, #1299 ) ;
#1088 = LINE ( 'NONE', #3537, #1442 ) ;
#1089 = VECTOR ( 'NONE', #2850, 39.37007874015748143 ) ;
#1090 = EDGE_LOOP ( 'NONE', ( #1135, #2135, #3296, #2278 ) ) ;
#1091 = EDGE_CURVE ( 'NONE', #1290, #23, #763, .T. ) ;
#1092 = LINE ( 'NONE', #821, #376 ) ;
#1093 = VERTEX_POINT ( 'NONE', #221 ) ;
#1094 = CIRCLE ( 'NONE', #562, 0.005905511811023620231 ) ;
#1095 = MECHANICAL_DESIGN_GEOMETRIC_PRESENTATION_REPRESENTATION (  '', ( #3395 ), #2003 ) ;
#1096 = CARTESIAN_POINT ( 'NONE',  ( -0.1496062992125984370, 0.03937007874015747977, 0.07480314960629921850 ) ) ;
#1097 = EDGE_CURVE ( 'NONE', #3174, #1513, #739, .T. ) ;
#1098 = CARTESIAN_POINT ( 'NONE',  ( -0.1181102362204724532, 0.03937007874015747977, 0.1023622047244094613 ) ) ;
#1099 = VECTOR ( 'NONE', #1243, 39.37007874015748143 ) ;
#1100 = DIRECTION ( 'NONE',  ( 0.000000000000000000, 0.000000000000000000, 1.000000000000000000 ) ) ;
#1101 = VERTEX_POINT ( 'NONE', #3322 ) ;
#1102 = VECTOR ( 'NONE', #3508, 39.37007874015748143 ) ;
#1103 = FACE_OUTER_BOUND ( 'NONE', #1531, .T. ) ;
#1104 = VERTEX_POINT ( 'NONE', #2464 ) ;
#1105 = CARTESIAN_POINT ( 'NONE',  ( 0.000000000000000000, 0.2500000000000000000, 0.05923678250729006584 ) ) ;
#1106 = DIRECTION ( 'NONE',  ( -0.000000000000000000, -1.000000000000000000, -0.000000000000000000 ) ) ;
#1107 = CARTESIAN_POINT ( 'NONE',  ( 0.1496062992125984370, 0.02755905511811023584, -0.1023622047244094613 ) ) ;
#1108 = EDGE_LOOP ( 'NONE', ( #3041, #2312, #2389, #3357 ) ) ;
#1109 = ORIENTED_EDGE ( 'NONE', *, *, #2418, .F. ) ;
#1110 = VERTEX_POINT ( 'NONE', #2719 ) ;
#1111 = FACE_OUTER_BOUND ( 'NONE', #820, .T. ) ;
#1112 = DIRECTION ( 'NONE',  ( 0.000000000000000000, -1.000000000000000000, 0.000000000000000000 ) ) ;
#1113 = EDGE_CURVE ( 'NONE', #2742, #2583, #855, .T. ) ;
#1114 = CARTESIAN_POINT ( 'NONE',  ( -0.08858267716535433989, 0.1377952755905511861, 0.1122047244094488277 ) ) ;
#1115 = DIRECTION ( 'NONE',  ( 1.000000000000000000, 0.000000000000000000, 0.000000000000000000 ) ) ;
#1116 = ORIENTED_EDGE ( 'NONE', *, *, #3027, .T. ) ;
#1117 = CARTESIAN_POINT ( 'NONE',  ( 0.08858267716535433989, 0.1299212598425196763, 0.1043307086614173457 ) ) ;
#1118 = EDGE_LOOP ( 'NONE', ( #2055, #535, #1405, #2373 ) ) ;
#1119 = CARTESIAN_POINT ( 'NONE',  ( -0.1496062992125984370, 0.03937007874015747977, 0.1023622047244094613 ) ) ;
#1120 = EDGE_CURVE ( 'NONE', #2950, #993, #3029, .T. ) ;
#1121 = ORIENTED_EDGE ( 'NONE', *, *, #2739, .F. ) ;
#1122 = DIRECTION ( 'NONE',  ( 0.000000000000000000, 0.000000000000000000, -1.000000000000000000 ) ) ;
#1123 = VERTEX_POINT ( 'NONE', #3310 ) ;
#1124 = DIRECTION ( 'NONE',  ( 0.000000000000000000, 0.000000000000000000, -1.000000000000000000 ) ) ;
#1125 = LINE ( 'NONE', #2221, #2623 ) ;
#1126 = DIRECTION ( 'NONE',  ( 0.000000000000000000, 0.000000000000000000, -1.000000000000000000 ) ) ;
#1127 = DIRECTION ( 'NONE',  ( 0.000000000000000000, -1.000000000000000000, 0.000000000000000000 ) ) ;
#1128 = ORIENTED_EDGE ( 'NONE', *, *, #2267, .F. ) ;
#1129 = FACE_OUTER_BOUND ( 'NONE', #2726, .T. ) ;
#1130 = DIRECTION ( 'NONE',  ( 0.000000000000000000, -1.000000000000000000, 0.000000000000000000 ) ) ;
#1131 = ORIENTED_EDGE ( 'NONE', *, *, #780, .T. ) ;
#1132 = DIRECTION ( 'NONE',  ( 0.000000000000000000, 1.000000000000000000, 0.000000000000000000 ) ) ;
#1133 = EDGE_CURVE ( 'NONE', #297, #652, #1661, .T. ) ;
#1134 = AXIS2_PLACEMENT_3D ( 'NONE', #1807, #3476, #2805 ) ;
#1135 = ORIENTED_EDGE ( 'NONE', *, *, #1218, .F. ) ;
#1136 = ORIENTED_EDGE ( 'NONE', *, *, #47, .T. ) ;
#1137 = VERTEX_POINT ( 'NONE', #1679 ) ;
#1138 = CIRCLE ( 'NONE', #1371, 0.01574803149606299885 ) ;
#1139 = CYLINDRICAL_SURFACE ( 'NONE', #1037, 0.02362204724409448092 ) ;
#1140 = AXIS2_PLACEMENT_3D ( 'NONE', #997, #3193, #2919 ) ;
#1141 = PLANE ( 'NONE',  #3499 ) ;
#1142 = LINE ( 'NONE', #329, #2177 ) ;
#1143 = AXIS2_PLACEMENT_3D ( 'NONE', #1333, #2423, #2553 ) ;
#1144 = DIRECTION ( 'NONE',  ( 0.000000000000000000, -1.000000000000000000, 0.000000000000000000 ) ) ;
#1145 = CARTESIAN_POINT ( 'NONE',  ( 0.1653543307086614567, -0.003937007874015747977, -0.1023622047244094613 ) ) ;
#1146 = CARTESIAN_POINT ( 'NONE',  ( 0.1968503937007874127, 0.003937007874015747977, 0.1023622047244094613 ) ) ;
#1147 = STYLED_ITEM ( 'NONE', ( #1321 ), #1846 ) ;
#1148 = ADVANCED_FACE ( 'NONE', ( #307 ), #256, .T. ) ;
#1149 = ORIENTED_EDGE ( 'NONE', *, *, #1065, .F. ) ;
#1150 = FACE_OUTER_BOUND ( 'NONE', #1662, .T. ) ;
#1151 = AXIS2_PLACEMENT_3D ( 'NONE', #1256, #2084, #1981 ) ;
#1152 = EDGE_CURVE ( 'NONE', #150, #242, #1870, .T. ) ;
#1153 = VERTEX_POINT ( 'NONE', #3013 ) ;
#1154 = AXIS2_PLACEMENT_3D ( 'NONE', #3038, #783, #840 ) ;
#1155 = DIRECTION ( 'NONE',  ( 0.000000000000000000, 0.000000000000000000, 1.000000000000000000 ) ) ;
#1156 = ORIENTED_EDGE ( 'NONE', *, *, #2566, .F. ) ;
#1157 = CARTESIAN_POINT ( 'NONE',  ( 0.08858267716535433989, 0.1377952755905511861, -0.1122047244094488277 ) ) ;
#1158 = CARTESIAN_POINT ( 'NONE',  ( -0.08858267716535433989, 0.1456692913385826960, 0.08858267716535433989 ) ) ;
#1159 = DIRECTION ( 'NONE',  ( -1.000000000000000000, 0.000000000000000000, 0.000000000000000000 ) ) ;
#1160 = ADVANCED_FACE ( 'NONE', ( #1642 ), #21, .T. ) ;
#1161 = CARTESIAN_POINT ( 'NONE',  ( 0.1653543307086614567, 0.007874015748031495954, -0.1023622047244094613 ) ) ;
#1162 = CARTESIAN_POINT ( 'NONE',  ( -0.1653543307086614567, 0.007874015748031495954, -0.07480314960629921850 ) ) ;
#1163 = PLANE ( 'NONE',  #402 ) ;
#1164 = VERTEX_POINT ( 'NONE', #1338 ) ;
#1165 = PLANE ( 'NONE',  #2980 ) ;
#1166 = EDGE_CURVE ( 'NONE', #2404, #1421, #793, .T. ) ;
#1167 = ORIENTED_EDGE ( 'NONE', *, *, #294, .T. ) ;
#1168 = DIRECTION ( 'NONE',  ( 0.000000000000000000, 0.000000000000000000, 1.000000000000000000 ) ) ;
#1169 = ORIENTED_EDGE ( 'NONE', *, *, #3485, .F. ) ;
#1170 = ADVANCED_FACE ( 'NONE', ( #549 ), #2968, .F. ) ;
#1171 = LINE ( 'NONE', #3106, #115 ) ;
#1172 = ORIENTED_EDGE ( 'NONE', *, *, #3157, .F. ) ;
#1173 = PLANE ( 'NONE',  #2509 ) ;
#1174 = DIRECTION ( 'NONE',  ( 0.000000000000000000, 0.000000000000000000, 1.000000000000000000 ) ) ;
#1175 = EDGE_CURVE ( 'NONE', #344, #3398, #2773, .T. ) ;
#1176 = CARTESIAN_POINT ( 'NONE',  ( 0.08858267716535433989, 0.1377952755905511861, -0.1043307086614173457 ) ) ;
#1177 = EDGE_CURVE ( 'NONE', #2099, #2510, #2737, .T. ) ;
#1178 = DIRECTION ( 'NONE',  ( 0.000000000000000000, 1.000000000000000000, 0.000000000000000000 ) ) ;
#1179 = DIRECTION ( 'NONE',  ( 0.000000000000000000, -1.000000000000000000, 0.000000000000000000 ) ) ;
#1180 = ORIENTED_EDGE ( 'NONE', *, *, #2071, .F. ) ;
#1181 = DIRECTION ( 'NONE',  ( 0.000000000000000000, 0.000000000000000000, 1.000000000000000000 ) ) ;
#1182 = ORIENTED_EDGE ( 'NONE', *, *, #1192, .F. ) ;
#1184 = ORIENTED_EDGE ( 'NONE', *, *, #3197, .F. ) ;
#1183 = VECTOR ( 'NONE', #1155, 39.37007874015748143 ) ;
#1185 = FACE_BOUND ( 'NONE', #1025, .T. ) ;
#1186 = EDGE_CURVE ( 'NONE', #3061, #2625, #2214, .T. ) ;
#1187 = VERTEX_POINT ( 'NONE', #36 ) ;
#1188 = ORIENTED_EDGE ( 'NONE', *, *, #829, .F. ) ;
#1189 = CARTESIAN_POINT ( 'NONE',  ( -0.1653543307086614567, 0.003937007874015747977, 0.1023622047244094613 ) ) ;
#1190 = CARTESIAN_POINT ( 'NONE',  ( 0.1614173228346456879, 0.02755905511811023584, -0.07480314960629921850 ) ) ;
#1191 = AXIS2_PLACEMENT_3D ( 'NONE', #1189, #1734, #430 ) ;
#1192 = EDGE_CURVE ( 'NONE', #497, #2783, #1606, .T. ) ;
#1193 = VECTOR ( 'NONE', #3468, 39.37007874015748143 ) ;
#1194 = DIRECTION ( 'NONE',  ( -1.000000000000000000, 1.016439536705159791E-16, 0.000000000000000000 ) ) ;
#1195 = LINE ( 'NONE', #1787, #1534 ) ;
#1196 = AXIS2_PLACEMENT_3D ( 'NONE', #1581, #2058, #733 ) ;
#1197 = VERTEX_POINT ( 'NONE', #532 ) ;
#1198 = AXIS2_PLACEMENT_3D ( 'NONE', #2193, #1144, #1957 ) ;
#1199 = CARTESIAN_POINT ( 'NONE',  ( 0.08858267716535433989, 0.1299212598425196763, 0.08858267716535433989 ) ) ;
#1200 = EDGE_CURVE ( 'NONE', #87, #1197, #2427, .T. ) ;
#1201 = EDGE_LOOP ( 'NONE', ( #1978, #1607, #1684, #752 ) ) ;
#1202 = VECTOR ( 'NONE', #1067, 39.37007874015748143 ) ;
#1203 = ORIENTED_EDGE ( 'NONE', *, *, #839, .T. ) ;
#1204 = VERTEX_POINT ( 'NONE', #1068 ) ;
#1205 = ORIENTED_EDGE ( 'NONE', *, *, #2402, .F. ) ;
#1206 = DIRECTION ( 'NONE',  ( 1.000000000000000000, 0.000000000000000000, 0.000000000000000000 ) ) ;
#1207 = CARTESIAN_POINT ( 'NONE',  ( 0.1181102362204724532, 0.03149606299212598381, 0.07480314960629921850 ) ) ;
#1208 = PRODUCT_DEFINITION ( 'UNKNOWN', '', #2472, #2459 ) ;
#1209 = TOROIDAL_SURFACE ( 'NONE', #2877, 0.05923678250729006584, 0.005905511811023621965 ) ;
#1210 = DIRECTION ( 'NONE',  ( 0.000000000000000000, 0.000000000000000000, 1.000000000000000000 ) ) ;
#1211 =( NAMED_UNIT ( * ) SI_UNIT ( $, .STERADIAN. ) SOLID_ANGLE_UNIT ( ) );
#1212 = EDGE_CURVE ( 'NONE', #17, #1263, #1086, .T. ) ;
#1213 = VERTEX_POINT ( 'NONE', #1890 ) ;
#1214 = CARTESIAN_POINT ( 'NONE',  ( -0.1496062992125984370, 0.03149606299212598381, -0.07480314960629921850 ) ) ;
#1215 = CARTESIAN_POINT ( 'NONE',  ( -0.1496062992125984370, 0.03937007874015747977, -0.1023622047244094613 ) ) ;
#1216 = EDGE_LOOP ( 'NONE', ( #3293, #3376 ) ) ;
#1217 = DIRECTION ( 'NONE',  ( 0.000000000000000000, 0.000000000000000000, -1.000000000000000000 ) ) ;
#1218 = EDGE_CURVE ( 'NONE', #1123, #1740, #2178, .T. ) ;
#1219 = VERTEX_POINT ( 'NONE', #1624 ) ;
#1220 =( NAMED_UNIT ( * ) PLANE_ANGLE_UNIT ( ) SI_UNIT ( $, .RADIAN. ) );
#1221 = EDGE_LOOP ( 'NONE', ( #1258, #2024, #1912, #899 ) ) ;
#1222 = ORIENTED_EDGE ( 'NONE', *, *, #1029, .F. ) ;
#1223 = CARTESIAN_POINT ( 'NONE',  ( 0.08858267716535433989, 0.1377952755905511861, 0.07283464566929134798 ) ) ;
#1224 = DIRECTION ( 'NONE',  ( 0.000000000000000000, 1.000000000000000000, 0.000000000000000000 ) ) ;
#1225 = DIRECTION ( 'NONE',  ( 0.000000000000000000, 0.000000000000000000, -1.000000000000000000 ) ) ;
#1226 = DIRECTION ( 'NONE',  ( -0.000000000000000000, -1.000000000000000000, -0.000000000000000000 ) ) ;
#1227 = ORIENTED_EDGE ( 'NONE', *, *, #711, .T. ) ;
#1228 = LINE ( 'NONE', #3361, #2614 ) ;
#1229 = DIRECTION ( 'NONE',  ( 0.000000000000000000, 0.000000000000000000, 1.000000000000000000 ) ) ;
#1230 = LINE ( 'NONE', #1488, #1036 ) ;
#1231 = ORIENTED_EDGE ( 'NONE', *, *, #2953, .F. ) ;
#1232 = DIMENSIONAL_EXPONENTS ( 1.000000000000000000, 0.000000000000000000, 0.000000000000000000, 0.000000000000000000, 0.000000000000000000, 0.000000000000000000, 0.000000000000000000 ) ;
#1233 = EDGE_CURVE ( 'NONE', #1123, #1062, #3408, .T. ) ;
#1234 = DIRECTION ( 'NONE',  ( -1.000000000000000000, -1.016439536705159791E-16, 0.000000000000000000 ) ) ;
#1235 = CARTESIAN_POINT ( 'NONE',  ( 0.1968503937007874127, -0.003937007874015747977, 0.1023622047244094613 ) ) ;
#1236 = VERTEX_POINT ( 'NONE', #55 ) ;
#1237 = AXIS2_PLACEMENT_3D ( 'NONE', #2964, #2654, #193 ) ;
#1238 = EDGE_LOOP ( 'NONE', ( #2471, #141 ) ) ;
#1239 = ORIENTED_EDGE ( 'NONE', *, *, #34, .T. ) ;
#1240 = CARTESIAN_POINT ( 'NONE',  ( -0.1653543307086614567, 0.007874015748031495954, -0.1023622047244094613 ) ) ;
#1241 = LINE ( 'NONE', #2590, #1889 ) ;
#1242 = PRESENTATION_LAYER_ASSIGNMENT (  '', '', ( #2561 ) ) ;
#1243 = DIRECTION ( 'NONE',  ( 0.000000000000000000, 0.000000000000000000, 1.000000000000000000 ) ) ;
#1244 = AXIS2_PLACEMENT_3D ( 'NONE', #3448, #954, #1206 ) ;
#1245 = CARTESIAN_POINT ( 'NONE',  ( -0.08858267716535433989, 0.1377952755905511861, 0.08858267716535433989 ) ) ;
#1246 = AXIS2_PLACEMENT_3D ( 'NONE', #1554, #468, #2649 ) ;
#1247 = DIRECTION ( 'NONE',  ( 0.000000000000000000, 0.000000000000000000, -1.000000000000000000 ) ) ;
#1248 = ORIENTED_EDGE ( 'NONE', *, *, #211, .T. ) ;
#1249 = CARTESIAN_POINT ( 'NONE',  ( -0.1181102362204724532, 0.03937007874015747977, -0.1023622047244094613 ) ) ;
#1250 = FACE_OUTER_BOUND ( 'NONE', #3152, .T. ) ;
#1251 = VECTOR ( 'NONE', #689, 39.37007874015748143 ) ;
#1252 = EDGE_CURVE ( 'NONE', #1948, #3516, #2460, .T. ) ;
#1253 = CIRCLE ( 'NONE', #103, 0.01181102362204724046 ) ;
#1254 = DIRECTION ( 'NONE',  ( -1.000000000000000000, -1.734723475976804925E-15, 0.000000000000000000 ) ) ;
#1255 = ORIENTED_EDGE ( 'NONE', *, *, #2425, .F. ) ;
#1256 = CARTESIAN_POINT ( 'NONE',  ( -0.08858267716535433989, 0.1377952755905511861, 0.08858267716535433989 ) ) ;
#1257 = DIRECTION ( 'NONE',  ( 1.000000000000000000, 0.000000000000000000, 0.000000000000000000 ) ) ;
#1258 = ORIENTED_EDGE ( 'NONE', *, *, #391, .T. ) ;
#1259 = AXIS2_PLACEMENT_3D ( 'NONE', #2555, #929, #1194 ) ;
#1260 = CARTESIAN_POINT ( 'NONE',  ( -0.1653543307086614567, -0.003937007874015747977, 0.07480314960629921850 ) ) ;
#1261 = EDGE_CURVE ( 'NONE', #1236, #370, #383, .T. ) ;
#1262 = CIRCLE ( 'NONE', #512, 0.005905511811023620231 ) ;
#1263 = VERTEX_POINT ( 'NONE', #1741 ) ;
#1264 = DIRECTION ( 'NONE',  ( 0.000000000000000000, 1.000000000000000000, 0.000000000000000000 ) ) ;
#1265 = SURFACE_SIDE_STYLE ('',( #3484 ) ) ;
#1266 = VECTOR ( 'NONE', #3289, 39.37007874015748143 ) ;
#1267 = DIRECTION ( 'NONE',  ( 0.000000000000000000, 0.000000000000000000, 1.000000000000000000 ) ) ;
#1268 = AXIS2_PLACEMENT_3D ( 'NONE', #1107, #2678, #2754 ) ;
#1269 = CARTESIAN_POINT ( 'NONE',  ( 0.000000000000000000, 0.1377952755905511861, 0.000000000000000000 ) ) ;
#1270 = FACE_OUTER_BOUND ( 'NONE', #72, .T. ) ;
#1271 = FACE_OUTER_BOUND ( 'NONE', #184, .T. ) ;
#1272 = EDGE_LOOP ( 'NONE', ( #2536, #1995, #722, #41 ) ) ;
#1273 = DIRECTION ( 'NONE',  ( 0.000000000000000000, 1.000000000000000000, 0.000000000000000000 ) ) ;
#1274 = CARTESIAN_POINT ( 'NONE',  ( -0.08858267716535433989, 0.1823374350353732243, 0.1043307086614173457 ) ) ;
#1275 = CARTESIAN_POINT ( 'NONE',  ( -0.1614173228346456879, 0.02755905511811023584, -0.1023622047244094613 ) ) ;
#1276 = ORIENTED_EDGE ( 'NONE', *, *, #1682, .T. ) ;
#1277 = PLANE ( 'NONE',  #2241 ) ;
#1278 = CARTESIAN_POINT ( 'NONE',  ( 0.1496062992125984370, 0.02755905511811023584, 0.07480314960629921850 ) ) ;
#1279 = EDGE_LOOP ( 'NONE', ( #656, #3313, #810, #135 ) ) ;
#1280 =( CONVERSION_BASED_UNIT ( 'INCH', #2086 ) LENGTH_UNIT ( ) NAMED_UNIT ( #1232 ) );
#1281 = ORIENTED_EDGE ( 'NONE', *, *, #907, .F. ) ;
#1282 = ADVANCED_FACE ( 'NONE', ( #2294 ), #2025, .T. ) ;
#1283 = CARTESIAN_POINT ( 'NONE',  ( -0.1181102362204724532, 0.03149606299212598381, 0.1023622047244094613 ) ) ;
#1284 = DIRECTION ( 'NONE',  ( 0.000000000000000000, 0.000000000000000000, -1.000000000000000000 ) ) ;
#1285 = CARTESIAN_POINT ( 'NONE',  ( -0.08858267716535433989, 0.1456692913385826960, 0.1122047244094488277 ) ) ;
#1286 = EDGE_CURVE ( 'NONE', #2355, #458, #1373, .T. ) ;
#1287 = CARTESIAN_POINT ( 'NONE',  ( -0.1614173228346456879, 0.02755905511811023584, 0.1023622047244094613 ) ) ;
#1288 = EDGE_CURVE ( 'NONE', #1795, #228, #3337, .T. ) ;
#1289 = CARTESIAN_POINT ( 'NONE',  ( -0.1496062992125984370, 0.03149606299212598381, 0.07480314960629921850 ) ) ;
#1290 = VERTEX_POINT ( 'NONE', #3373 ) ;
#1291 = FACE_BOUND ( 'NONE', #2461, .T. ) ;
#1292 = FACE_OUTER_BOUND ( 'NONE', #1201, .T. ) ;
#1293 = EDGE_LOOP ( 'NONE', ( #1678, #2275, #175, #575 ) ) ;
#1294 = CARTESIAN_POINT ( 'NONE',  ( -0.1181102362204724532, 0.1377952755905511861, -0.1181102362204724532 ) ) ;
#1295 = CARTESIAN_POINT ( 'NONE',  ( -0.1653543307086614567, -0.003937007874015747977, 0.07480314960629921850 ) ) ;
#1296 = VERTEX_POINT ( 'NONE', #3129 ) ;
#1297 = ORIENTED_EDGE ( 'NONE', *, *, #3112, .F. ) ;
#1298 = ORIENTED_EDGE ( 'NONE', *, *, #2720, .T. ) ;
#1299 = DIRECTION ( 'NONE',  ( 1.000000000000000000, 0.000000000000000000, 0.000000000000000000 ) ) ;
#1300 = DIRECTION ( 'NONE',  ( 0.000000000000000000, -1.000000000000000000, 0.000000000000000000 ) ) ;
#1301 = EDGE_CURVE ( 'NONE', #2700, #1908, #653, .T. ) ;
#1302 = DIRECTION ( 'NONE',  ( 0.000000000000000000, 1.000000000000000000, 0.000000000000000000 ) ) ;
#1303 = AXIS2_PLACEMENT_3D ( 'NONE', #2469, #8, #2202 ) ;
#1304 = EDGE_CURVE ( 'NONE', #1403, #2102, #1991, .T. ) ;
#1305 = AXIS2_PLACEMENT_3D ( 'NONE', #598, #1702, #2795 ) ;
#1306 = CARTESIAN_POINT ( 'NONE',  ( 0.000000000000000000, -0.07608622758978160483, 0.07283464566929134798 ) ) ;
#1307 = EDGE_LOOP ( 'NONE', ( #358, #1116 ) ) ;
#1308 = FACE_OUTER_BOUND ( 'NONE', #990, .T. ) ;
#1309 = CARTESIAN_POINT ( 'NONE',  ( -0.08858267716535433989, 0.1377952755905511861, -0.08858267716535433989 ) ) ;
#1310 = ORIENTED_EDGE ( 'NONE', *, *, #88, .T. ) ;
#1311 = DIMENSIONAL_EXPONENTS ( 1.000000000000000000, 0.000000000000000000, 0.000000000000000000, 0.000000000000000000, 0.000000000000000000, 0.000000000000000000, 0.000000000000000000 ) ;
#1312 = LINE ( 'NONE', #3250, #1439 ) ;
#1313 = VECTOR ( 'NONE', #3269, 39.37007874015748143 ) ;
#1314 = CARTESIAN_POINT ( 'NONE',  ( 0.1122047244094488277, 0.1299212598425196763, -0.1181102362204724532 ) ) ;
#1315 = EDGE_LOOP ( 'NONE', ( #3312, #2799, #3546, #2586 ) ) ;
#1316 = DIRECTION ( 'NONE',  ( -1.000000000000000000, 0.000000000000000000, 0.000000000000000000 ) ) ;
#1317 = VECTOR ( 'NONE', #698, 39.37007874015748143 ) ;
#1318 = VERTEX_POINT ( 'NONE', #3358 ) ;
#1319 = CIRCLE ( 'NONE', #568, 0.01181102362204724046 ) ;
#1320 = DIRECTION ( 'NONE',  ( 0.000000000000000000, 1.000000000000000000, 0.000000000000000000 ) ) ;
#1321 = PRESENTATION_STYLE_ASSIGNMENT (( #222 ) ) ;
#1322 = CIRCLE ( 'NONE', #3353, 0.02362204724409448092 ) ;
#1323 = CIRCLE ( 'NONE', #1613, 0.003937007874015741038 ) ;
#1324 = CARTESIAN_POINT ( 'NONE',  ( -0.08858267716535433989, 0.1377952755905511861, -0.08858267716535433989 ) ) ;
#1325 = EDGE_CURVE ( 'NONE', #1674, #791, #1693, .T. ) ;
#1326 = LINE ( 'NONE', #1287, #2453 ) ;
#1327 = VECTOR ( 'NONE', #2736, 39.37007874015748143 ) ;
#1328 = DIRECTION ( 'NONE',  ( 0.000000000000000000, 0.000000000000000000, -1.000000000000000000 ) ) ;
#1329 = CIRCLE ( 'NONE', #2528, 0.005905511811023620231 ) ;
#1330 = CARTESIAN_POINT ( 'NONE',  ( 0.000000000000000000, 0.2500000000000000000, 0.000000000000000000 ) ) ;
#1331 = ORIENTED_EDGE ( 'NONE', *, *, #356, .F. ) ;
#1332 = CARTESIAN_POINT ( 'NONE',  ( -0.08858267716535433989, 0.1377952755905511861, 0.07283464566929134798 ) ) ;
#1333 = CARTESIAN_POINT ( 'NONE',  ( -0.1122047244094488277, 0.1377952755905511861, 0.1122047244094488277 ) ) ;
#1334 = ADVANCED_FACE ( 'NONE', ( #1467, #1419, #589, #623, #2560 ), #2784, .T. ) ;
#1335 = AXIS2_PLACEMENT_3D ( 'NONE', #947, #3131, #1506 ) ;
#1336 = EDGE_LOOP ( 'NONE', ( #2248, #610, #1652, #2145 ) ) ;
#1337 = DIRECTION ( 'NONE',  ( 1.000000000000000000, 0.000000000000000000, 0.000000000000000000 ) ) ;
#1338 = CARTESIAN_POINT ( 'NONE',  ( 0.1653543307086614567, 0.003937007874015747977, -0.1023622047244094613 ) ) ;
#1339 = ORIENTED_EDGE ( 'NONE', *, *, #1097, .F. ) ;
#1340 = ORIENTED_EDGE ( 'NONE', *, *, #3514, .T. ) ;
#1341 = EDGE_CURVE ( 'NONE', #2674, #2587, #501, .T. ) ;
#1342 = ORIENTED_EDGE ( 'NONE', *, *, #2816, .T. ) ;
#1343 = PLANE ( 'NONE',  #153 ) ;
#1344 = DIRECTION ( 'NONE',  ( 0.000000000000000000, 0.000000000000000000, 1.000000000000000000 ) ) ;
#1345 = FILL_AREA_STYLE ('',( #1593 ) ) ;
#1346 = FACE_OUTER_BOUND ( 'NONE', #860, .T. ) ;
#1347 = DIRECTION ( 'NONE',  ( 0.000000000000000000, 1.000000000000000000, 0.000000000000000000 ) ) ;
#1348 = ORIENTED_EDGE ( 'NONE', *, *, #2566, .T. ) ;
#1349 = LINE ( 'NONE', #769, #1655 ) ;
#1350 = FACE_OUTER_BOUND ( 'NONE', #1216, .T. ) ;
#1351 = ADVANCED_FACE ( 'NONE', ( #1454 ), #2824, .T. ) ;
#1352 = ORIENTED_EDGE ( 'NONE', *, *, #3487, .F. ) ;
#1353 = CARTESIAN_POINT ( 'NONE',  ( -0.1496062992125984370, 0.02755905511811023584, 0.07480314960629921850 ) ) ;
#1354 = DIRECTION ( 'NONE',  ( 0.000000000000000000, 0.000000000000000000, -1.000000000000000000 ) ) ;
#1355 = VERTEX_POINT ( 'NONE', #2579 ) ;
#1356 = FACE_OUTER_BOUND ( 'NONE', #3493, .T. ) ;
#1357 = ADVANCED_FACE ( 'NONE', ( #1150 ), #3116, .F. ) ;
#1358 = VERTEX_POINT ( 'NONE', #1706 ) ;
#1359 = ORIENTED_EDGE ( 'NONE', *, *, #2218, .T. ) ;
#1360 = ORIENTED_EDGE ( 'NONE', *, *, #2143, .T. ) ;
#1361 = LINE ( 'NONE', #2451, #1491 ) ;
#1362 = CARTESIAN_POINT ( 'NONE',  ( 0.08858267716535433989, 0.1377952755905511861, 0.1122047244094488277 ) ) ;
#1363 = ORIENTED_EDGE ( 'NONE', *, *, #96, .F. ) ;
#1364 = DIRECTION ( 'NONE',  ( 0.000000000000000000, 0.000000000000000000, 1.000000000000000000 ) ) ;
#1365 =( CONVERSION_BASED_UNIT ( 'INCH', #1599 ) LENGTH_UNIT ( ) NAMED_UNIT ( #2891 ) );
#1366 = VECTOR ( 'NONE', #3246, 39.37007874015748143 ) ;
#1367 = ORIENTED_EDGE ( 'NONE', *, *, #3378, .T. ) ;
#1368 = DIRECTION ( 'NONE',  ( 0.000000000000000000, 0.000000000000000000, 1.000000000000000000 ) ) ;
#1369 = CARTESIAN_POINT ( 'NONE',  ( -0.1181102362204724532, 0.1299212598425196763, -0.1181102362204724532 ) ) ;
#1370 = EDGE_CURVE ( 'NONE', #1674, #996, #338, .T. ) ;
#1371 = AXIS2_PLACEMENT_3D ( 'NONE', #3414, #1782, #1514 ) ;
#1372 = DIRECTION ( 'NONE',  ( 3.825153952153639745E-18, -0.9995120760870787047, 0.03123475237772116095 ) ) ;
#1373 = CIRCLE ( 'NONE', #1824, 0.01574803149606299885 ) ;
#1374 = ORIENTED_EDGE ( 'NONE', *, *, #2953, .T. ) ;
#1375 = CARTESIAN_POINT ( 'NONE',  ( -0.08858267716535433989, 0.1823374350353732243, -0.08858267716535433989 ) ) ;
#1376 = ORIENTED_EDGE ( 'NONE', *, *, #1120, .T. ) ;
#1377 = ADVANCED_FACE ( 'NONE', ( #70 ), #1165, .F. ) ;
#1378 = VECTOR ( 'NONE', #3124, 39.37007874015748143 ) ;
#1379 = VECTOR ( 'NONE', #2748, 39.37007874015748143 ) ;
#1380 = DIRECTION ( 'NONE',  ( -1.000000000000000000, 0.000000000000000000, 0.000000000000000000 ) ) ;
#1381 = DIRECTION ( 'NONE',  ( 0.000000000000000000, 0.000000000000000000, -1.000000000000000000 ) ) ;
#1382 = VECTOR ( 'NONE', #616, 39.37007874015748143 ) ;
#1383 = DIRECTION ( 'NONE',  ( 0.000000000000000000, -1.000000000000000000, 0.000000000000000000 ) ) ;
#1384 = CARTESIAN_POINT ( 'NONE',  ( -0.1181102362204724532, 0.1299212598425196763, -0.1122047244094488277 ) ) ;
#1385 = ORIENTED_EDGE ( 'NONE', *, *, #3443, .T. ) ;
#1386 = VECTOR ( 'NONE', #3263, 39.37007874015748143 ) ;
#1387 = LINE ( 'NONE', #3075, #2851 ) ;
#1388 = APPLICATION_PROTOCOL_DEFINITION ( 'draft international standard', 'automotive_design', 1998, #1956 ) ;
#1389 = UNCERTAINTY_MEASURE_WITH_UNIT (LENGTH_MEASURE( 1.000000000000000082E-05 ), #1365, 'distance_accuracy_value', 'NONE');
#1390 =( GEOMETRIC_REPRESENTATION_CONTEXT ( 3 ) GLOBAL_UNCERTAINTY_ASSIGNED_CONTEXT ( ( #880 ) ) GLOBAL_UNIT_ASSIGNED_CONTEXT ( ( #1280, #2330, #139 ) ) REPRESENTATION_CONTEXT ( 'NONE', 'WORKASPACE' ) );
#1391 = VERTEX_POINT ( 'NONE', #1214 ) ;
#1392 = DIRECTION ( 'NONE',  ( 0.000000000000000000, 0.000000000000000000, -1.000000000000000000 ) ) ;
#1393 = VECTOR ( 'NONE', #2082, 39.37007874015748143 ) ;
#1394 = CARTESIAN_POINT ( 'NONE',  ( -0.1653543307086614567, 0.003937007874015747977, -0.1023622047244094613 ) ) ;
#1395 = ORIENTED_EDGE ( 'NONE', *, *, #279, .F. ) ;
#1396 = CARTESIAN_POINT ( 'NONE',  ( -0.1181102362204724532, 0.1377952755905511861, 0.1122047244094488277 ) ) ;
#1397 = VERTEX_POINT ( 'NONE', #1543 ) ;
#1398 = CARTESIAN_POINT ( 'NONE',  ( 0.1614173228346456879, 0.02755905511811023584, -0.1023622047244094613 ) ) ;
#1399 = DIRECTION ( 'NONE',  ( 0.000000000000000000, -1.000000000000000000, 0.000000000000000000 ) ) ;
#1401 = EDGE_CURVE ( 'NONE', #1137, #714, #3440, .T. ) ;
#1400 = CYLINDRICAL_SURFACE ( 'NONE', #2767, 0.003937007874015741038 ) ;
#1402 = LINE ( 'NONE', #3060, #1379 ) ;
#1403 = VERTEX_POINT ( 'NONE', #1006 ) ;
#1404 = PLANE ( 'NONE',  #2745 ) ;
#1405 = ORIENTED_EDGE ( 'NONE', *, *, #2602, .T. ) ;
#1406 = CARTESIAN_POINT ( 'NONE',  ( -0.08858267716535433989, 0.1377952755905511861, 0.07283464566929134798 ) ) ;
#1407 = ORIENTED_EDGE ( 'NONE', *, *, #75, .F. ) ;
#1408 = DIRECTION ( 'NONE',  ( 0.000000000000000000, 0.000000000000000000, 1.000000000000000000 ) ) ;
#1409 = ORIENTED_EDGE ( 'NONE', *, *, #1152, .T. ) ;
#1410 = DIRECTION ( 'NONE',  ( 0.000000000000000000, 0.000000000000000000, -1.000000000000000000 ) ) ;
#1411 = DIRECTION ( 'NONE',  ( 0.000000000000000000, -1.000000000000000000, 0.000000000000000000 ) ) ;
#1412 = DIRECTION ( 'NONE',  ( 0.000000000000000000, -1.000000000000000000, 0.000000000000000000 ) ) ;
#1413 = EDGE_CURVE ( 'NONE', #2029, #2659, #2306, .T. ) ;
#1414 = DIRECTION ( 'NONE',  ( 0.000000000000000000, 0.000000000000000000, -1.000000000000000000 ) ) ;
#1415 = CARTESIAN_POINT ( 'NONE',  ( 0.1653543307086614567, -0.003937007874015747977, -0.1023622047244094613 ) ) ;
#1416 = LINE ( 'NONE', #1988, #2132 ) ;
#1417 = EDGE_CURVE ( 'NONE', #996, #2551, #118, .T. ) ;
#1418 = ORIENTED_EDGE ( 'NONE', *, *, #2591, .F. ) ;
#1419 = FACE_BOUND ( 'NONE', #2118, .T. ) ;
#1420 = AXIS2_PLACEMENT_3D ( 'NONE', #586, #67, #861 ) ;
#1421 = VERTEX_POINT ( 'NONE', #2613 ) ;
#1422 = MECHANICAL_DESIGN_GEOMETRIC_PRESENTATION_REPRESENTATION (  '', ( #439 ), #3332 ) ;
#1423 = DIRECTION ( 'NONE',  ( 0.000000000000000000, 1.000000000000000000, 0.000000000000000000 ) ) ;
#1424 = EDGE_CURVE ( 'NONE', #354, #1391, #716, .T. ) ;
#1425 = ORIENTED_EDGE ( 'NONE', *, *, #2499, .F. ) ;
#1426 = FACE_BOUND ( 'NONE', #703, .T. ) ;
#1427 = AXIS2_PLACEMENT_3D ( 'NONE', #2544, #2011, #1485 ) ;
#1428 = CARTESIAN_POINT ( 'NONE',  ( -0.08858267716535433989, 0.1377952755905511861, -0.07283464566929134798 ) ) ;
#1429 = CARTESIAN_POINT ( 'NONE',  ( -0.1122047244094488277, 0.000000000000000000, -0.1181102362204724532 ) ) ;
#1430 = VECTOR ( 'NONE', #905, 39.37007874015748143 ) ;
#1431 = EDGE_CURVE ( 'NONE', #1236, #2234, #3142, .T. ) ;
#1432 = DIRECTION ( 'NONE',  ( 0.000000000000000000, 1.000000000000000000, 0.000000000000000000 ) ) ;
#1433 = DIRECTION ( 'NONE',  ( 0.000000000000000000, 0.000000000000000000, -1.000000000000000000 ) ) ;
#1434 = LINE ( 'NONE', #567, #755 ) ;
#1435 = VECTOR ( 'NONE', #2685, 39.37007874015748143 ) ;
#1436 = ORIENTED_EDGE ( 'NONE', *, *, #2972, .T. ) ;
#1437 = ADVANCED_FACE ( 'NONE', ( #1292 ), #945, .T. ) ;
#1438 = DIRECTION ( 'NONE',  ( 0.000000000000000000, 0.000000000000000000, -1.000000000000000000 ) ) ;
#1439 = VECTOR ( 'NONE', #1835, 39.37007874015748143 ) ;
#1440 = ORIENTED_EDGE ( 'NONE', *, *, #2972, .F. ) ;
#1441 = ADVANCED_FACE ( 'NONE', ( #3491 ), #3458, .T. ) ;
#1442 = VECTOR ( 'NONE', #1372, 39.37007874015748143 ) ;
#1443 = CARTESIAN_POINT ( 'NONE',  ( -0.1535433070866141780, 0.02755905511811023584, 0.1023622047244094613 ) ) ;
#1444 = EDGE_LOOP ( 'NONE', ( #2483, #2735 ) ) ;
#1445 = CARTESIAN_POINT ( 'NONE',  ( 0.000000000000000000, 0.2501844571990812227, 0.000000000000000000 ) ) ;
#1446 = EDGE_CURVE ( 'NONE', #685, #257, #672, .T. ) ;
#1447 = ORIENTED_EDGE ( 'NONE', *, *, #3209, .T. ) ;
#1448 = FACE_OUTER_BOUND ( 'NONE', #3069, .T. ) ;
#1449 = CARTESIAN_POINT ( 'NONE',  ( 0.1181102362204724532, 0.03937007874015747977, -0.1023622047244094613 ) ) ;
#1450 = CARTESIAN_POINT ( 'NONE',  ( 0.1496062992125984370, 0.03937007874015747977, 0.1023622047244094613 ) ) ;
#1451 = CARTESIAN_POINT ( 'NONE',  ( 0.1496062992125984370, 0.03149606299212598381, 0.07480314960629921850 ) ) ;
#1452 = CARTESIAN_POINT ( 'NONE',  ( -0.1181102362204724532, 0.1299212598425196763, 0.1122047244094488277 ) ) ;
#1453 = VERTEX_POINT ( 'NONE', #475 ) ;
#1454 = FACE_OUTER_BOUND ( 'NONE', #1645, .T. ) ;
#1455 = EDGE_CURVE ( 'NONE', #83, #2500, #2906, .T. ) ;
#1456 = ORIENTED_EDGE ( 'NONE', *, *, #2196, .T. ) ;
#1457 = ORIENTED_EDGE ( 'NONE', *, *, #2943, .T. ) ;
#1458 = ADVANCED_FACE ( 'NONE', ( #1250 ), #1769, .F. ) ;
#1459 = FACE_OUTER_BOUND ( 'NONE', #2611, .T. ) ;
#1460 = ORIENTED_EDGE ( 'NONE', *, *, #1186, .T. ) ;
#1461 = ORIENTED_EDGE ( 'NONE', *, *, #1985, .T. ) ;
#1462 = FACE_OUTER_BOUND ( 'NONE', #2322, .T. ) ;
#1463 = DIRECTION ( 'NONE',  ( 1.000000000000000000, 0.000000000000000000, 0.000000000000000000 ) ) ;
#1464 = FACE_OUTER_BOUND ( 'NONE', #2127, .T. ) ;
#1465 = CARTESIAN_POINT ( 'NONE',  ( 0.1181102362204724532, 0.03149606299212598381, -0.07480314960629921850 ) ) ;
#1466 = ORIENTED_EDGE ( 'NONE', *, *, #183, .F. ) ;
#1467 = FACE_OUTER_BOUND ( 'NONE', #2713, .T. ) ;
#1468 = ORIENTED_EDGE ( 'NONE', *, *, #1057, .F. ) ;
#1469 = EDGE_CURVE ( 'NONE', #592, #17, #2655, .T. ) ;
#1470 = VERTEX_POINT ( 'NONE', #2035 ) ;
#1471 = AXIS2_PLACEMENT_3D ( 'NONE', #544, #2541, #3320 ) ;
#1472 = ORIENTED_EDGE ( 'NONE', *, *, #1721, .F. ) ;
#1473 = ORIENTED_EDGE ( 'NONE', *, *, #3241, .F. ) ;
#1474 = EDGE_CURVE ( 'NONE', #2587, #2991, #3165, .T. ) ;
#1475 = DIRECTION ( 'NONE',  ( 1.000000000000000000, 0.000000000000000000, 0.000000000000000000 ) ) ;
#1476 = CARTESIAN_POINT ( 'NONE',  ( -0.1181102362204724532, 0.1377952755905511861, -0.1181102362204724532 ) ) ;
#1477 = AXIS2_PLACEMENT_3D ( 'NONE', #582, #856, #3349 ) ;
#1478 = CIRCLE ( 'NONE', #2174, 0.003937007874015758385 ) ;
#1479 = DIRECTION ( 'NONE',  ( 0.000000000000000000, 0.000000000000000000, -1.000000000000000000 ) ) ;
#1480 = DIRECTION ( 'NONE',  ( -1.000000000000000000, 0.000000000000000000, 0.000000000000000000 ) ) ;
#1481 = VECTOR ( 'NONE', #1126, 39.37007874015748143 ) ;
#1482 = EDGE_CURVE ( 'NONE', #2564, #3119, #405, .T. ) ;
#1483 = VERTEX_POINT ( 'NONE', #1565 ) ;
#1484 = AXIS2_PLACEMENT_3D ( 'NONE', #3216, #2147, #166 ) ;
#1485 = DIRECTION ( 'NONE',  ( 0.000000000000000000, 0.000000000000000000, 1.000000000000000000 ) ) ;
#1486 = AXIS2_PLACEMENT_3D ( 'NONE', #3454, #172, #3472 ) ;
#1487 = VECTOR ( 'NONE', #2433, 39.37007874015748143 ) ;
#1488 = CARTESIAN_POINT ( 'NONE',  ( -0.1181102362204724532, 0.1299212598425196763, -0.1181102362204724532 ) ) ;
#1489 = ORIENTED_EDGE ( 'NONE', *, *, #2779, .T. ) ;
#1490 = CARTESIAN_POINT ( 'NONE',  ( -0.1496062992125984370, 0.03937007874015747977, -0.1023622047244094613 ) ) ;
#1491 = VECTOR ( 'NONE', #3560, 39.37007874015748143 ) ;
#1492 = VERTEX_POINT ( 'NONE', #2949 ) ;
#1493 = LINE ( 'NONE', #198, #1843 ) ;
#1494 = AXIS2_PLACEMENT_3D ( 'NONE', #2903, #191, #2094 ) ;
#1495 = ORIENTED_EDGE ( 'NONE', *, *, #1049, .F. ) ;
#1496 = VERTEX_POINT ( 'NONE', #194 ) ;
#1497 = DIRECTION ( 'NONE',  ( 1.000000000000000000, 0.000000000000000000, 0.000000000000000000 ) ) ;
#1498 = DIRECTION ( 'NONE',  ( 0.000000000000000000, 0.000000000000000000, -1.000000000000000000 ) ) ;
#1499 = VECTOR ( 'NONE', #1130, 39.37007874015748143 ) ;
#1500 = DIRECTION ( 'NONE',  ( 0.000000000000000000, 0.000000000000000000, 1.000000000000000000 ) ) ;
#1501 = CARTESIAN_POINT ( 'NONE',  ( 0.08858267716535433989, 0.1456692913385826960, 0.06496062992125986590 ) ) ;
#1502 = EDGE_CURVE ( 'NONE', #953, #3398, #1664, .T. ) ;
#1503 = ORIENTED_EDGE ( 'NONE', *, *, #3406, .F. ) ;
#1504 = CARTESIAN_POINT ( 'NONE',  ( -0.1535433070866141780, 0.02755905511811023584, -0.1023622047244094613 ) ) ;
#1505 = DIRECTION ( 'NONE',  ( 1.000000000000000000, 0.000000000000000000, 0.000000000000000000 ) ) ;
#1506 = DIRECTION ( 'NONE',  ( 0.000000000000000000, 0.000000000000000000, -1.000000000000000000 ) ) ;
#1507 = ORIENTED_EDGE ( 'NONE', *, *, #2418, .T. ) ;
#1508 = DIRECTION ( 'NONE',  ( 0.000000000000000000, 0.000000000000000000, 1.000000000000000000 ) ) ;
#1509 = PLANE ( 'NONE',  #1666 ) ;
#1510 = EDGE_LOOP ( 'NONE', ( #2529, #1806, #3466, #361 ) ) ;
#1511 = PRESENTATION_STYLE_ASSIGNMENT (( #1815 ) ) ;
#1512 = VERTEX_POINT ( 'NONE', #2324 ) ;
#1513 = VERTEX_POINT ( 'NONE', #3434 ) ;
#1514 = DIRECTION ( 'NONE',  ( 0.000000000000000000, 0.000000000000000000, 1.000000000000000000 ) ) ;
#1515 = DIRECTION ( 'NONE',  ( 0.000000000000000000, -1.000000000000000000, 0.000000000000000000 ) ) ;
#1516 = DIRECTION ( 'NONE',  ( 0.000000000000000000, 0.000000000000000000, -1.000000000000000000 ) ) ;
#1517 = EDGE_CURVE ( 'NONE', #2404, #2152, #2889, .T. ) ;
#1518 = DIRECTION ( 'NONE',  ( 0.000000000000000000, 0.000000000000000000, 1.000000000000000000 ) ) ;
#1519 = CARTESIAN_POINT ( 'NONE',  ( 0.1653543307086614567, 0.007874015748031495954, 0.1023622047244094613 ) ) ;
#1520 = ORIENTED_EDGE ( 'NONE', *, *, #1474, .F. ) ;
#1521 = CARTESIAN_POINT ( 'NONE',  ( -0.08858267716535433989, 0.1823374350353732243, 0.07283464566929134798 ) ) ;
#1522 = CARTESIAN_POINT ( 'NONE',  ( -0.1968503937007874127, -0.003937007874015747977, 0.1023622047244094613 ) ) ;
#1523 = EDGE_CURVE ( 'NONE', #3115, #296, #3218, .T. ) ;
#1524 = CYLINDRICAL_SURFACE ( 'NONE', #1335, 0.02362204724409448092 ) ;
#1525 = EDGE_LOOP ( 'NONE', ( #3183, #2999, #850, #937 ) ) ;
#1526 = CYLINDRICAL_SURFACE ( 'NONE', #2065, 0.005905511811023620231 ) ;
#1527 = DIRECTION ( 'NONE',  ( 0.000000000000000000, 1.000000000000000000, 0.000000000000000000 ) ) ;
#1528 = ORIENTED_EDGE ( 'NONE', *, *, #199, .T. ) ;
#1529 = LINE ( 'NONE', #1260, #2580 ) ;
#1530 = ORIENTED_EDGE ( 'NONE', *, *, #39, .F. ) ;
#1531 = EDGE_LOOP ( 'NONE', ( #1080, #1048, #1745, #2155 ) ) ;
#1532 = PLANE ( 'NONE',  #95 ) ;
#1533 = CARTESIAN_POINT ( 'NONE',  ( -0.1122047244094488277, 0.1299212598425196763, 0.1122047244094488277 ) ) ;
#1534 = VECTOR ( 'NONE', #1480, 39.37007874015748143 ) ;
#1535 = DIRECTION ( 'NONE',  ( 0.000000000000000000, 0.000000000000000000, -1.000000000000000000 ) ) ;
#1536 = VECTOR ( 'NONE', #2031, 39.37007874015748143 ) ;
#1537 = EDGE_CURVE ( 'NONE', #1391, #3066, #1544, .T. ) ;
#1538 = AXIS2_PLACEMENT_3D ( 'NONE', #2511, #355, #98 ) ;
#1539 = PLANE ( 'NONE',  #1486 ) ;
#1540 = CARTESIAN_POINT ( 'NONE',  ( -0.1653543307086614567, 0.003937007874015747977, -0.07480314960629921850 ) ) ;
#1541 = VERTEX_POINT ( 'NONE', #2672 ) ;
#1542 = DIRECTION ( 'NONE',  ( 0.000000000000000000, 1.000000000000000000, 0.000000000000000000 ) ) ;
#1543 = CARTESIAN_POINT ( 'NONE',  ( 0.1496062992125984370, 0.03149606299212598381, 0.1023622047244094613 ) ) ;
#1544 = CIRCLE ( 'NONE', #3563, 0.003937007874015741038 ) ;
#1545 = EDGE_CURVE ( 'NONE', #2424, #953, #1142, .T. ) ;
#1546 = DIRECTION ( 'NONE',  ( 1.000000000000000000, 0.000000000000000000, 0.000000000000000000 ) ) ;
#1547 = VERTEX_POINT ( 'NONE', #3532 ) ;
#1548 = CARTESIAN_POINT ( 'NONE',  ( -0.08858267716535433989, 0.1377952755905511861, -0.1043307086614173457 ) ) ;
#1549 = ORIENTED_EDGE ( 'NONE', *, *, #2053, .T. ) ;
#1550 = CIRCLE ( 'NONE', #3161, 0.05923678250729006584 ) ;
#1551 = EDGE_CURVE ( 'NONE', #3132, #2457, #3073, .T. ) ;
#1552 = AXIS2_PLACEMENT_3D ( 'NONE', #2100, #3207, #969 ) ;
#1553 = VERTEX_POINT ( 'NONE', #1429 ) ;
#1554 = CARTESIAN_POINT ( 'NONE',  ( -0.08858267716535433989, 0.1456692913385826960, 0.08858267716535433989 ) ) ;
#1555 = DIRECTION ( 'NONE',  ( 0.000000000000000000, -1.000000000000000000, 0.000000000000000000 ) ) ;
#1556 = EDGE_CURVE ( 'NONE', #2564, #866, #1999, .T. ) ;
#1557 = CIRCLE ( 'NONE', #2416, 0.01574803149606299191 ) ;
#1558 = DIRECTION ( 'NONE',  ( -0.000000000000000000, 1.000000000000000000, 0.000000000000000000 ) ) ;
#1559 = AXIS2_PLACEMENT_3D ( 'NONE', #3120, #2535, #3084 ) ;
#1560 =( CONVERSION_BASED_UNIT ( 'INCH', #2434 ) LENGTH_UNIT ( ) NAMED_UNIT ( #1311 ) );
#1561 = CYLINDRICAL_SURFACE ( 'NONE', #694, 0.01181102362204724046 ) ;
#1562 = CARTESIAN_POINT ( 'NONE',  ( -0.1614173228346456879, 0.02755905511811023584, -0.1023622047244094613 ) ) ;
#1563 = ORIENTED_EDGE ( 'NONE', *, *, #3117, .F. ) ;
#1564 = CARTESIAN_POINT ( 'NONE',  ( -0.08858267716535433989, 0.1377952755905511861, 0.08858267716535433989 ) ) ;
#1565 = CARTESIAN_POINT ( 'NONE',  ( 0.1653543307086614567, -0.003937007874015747977, -0.07480314960629921850 ) ) ;
#1566 = VERTEX_POINT ( 'NONE', #3350 ) ;
#1567 = DIRECTION ( 'NONE',  ( 0.000000000000000000, 0.000000000000000000, 1.000000000000000000 ) ) ;
#1568 = ADVANCED_FACE ( 'NONE', ( #1885 ), #3513, .T. ) ;
#1569 = ORIENTED_EDGE ( 'NONE', *, *, #734, .T. ) ;
#1570 = EDGE_CURVE ( 'NONE', #686, #2991, #335, .T. ) ;
#1571 = ORIENTED_EDGE ( 'NONE', *, *, #2452, .T. ) ;
#1572 = DIRECTION ( 'NONE',  ( 0.000000000000000000, 0.000000000000000000, 1.000000000000000000 ) ) ;
#1573 =( NAMED_UNIT ( * ) PLANE_ANGLE_UNIT ( ) SI_UNIT ( $, .RADIAN. ) );
#1574 = ADVANCED_FACE ( 'NONE', ( #1350 ), #2988, .T. ) ;
#1575 = DIRECTION ( 'NONE',  ( 0.000000000000000000, 0.000000000000000000, 1.000000000000000000 ) ) ;
#1576 = PRESENTATION_STYLE_ASSIGNMENT (( #1902 ) ) ;
#1577 = PLANE ( 'NONE',  #920 ) ;
#1578 = ORIENTED_EDGE ( 'NONE', *, *, #1517, .F. ) ;
#1579 = EDGE_CURVE ( 'NONE', #394, #2894, #857, .T. ) ;
#1580 = CARTESIAN_POINT ( 'NONE',  ( -0.1181102362204724532, 0.03937007874015747977, -0.1023622047244094613 ) ) ;
#1581 = CARTESIAN_POINT ( 'NONE',  ( -0.08858267716535433989, 0.1823374350353732243, 0.08858267716535433989 ) ) ;
#1582 = EDGE_LOOP ( 'NONE', ( #2282, #3475, #1457, #1052 ) ) ;
#1583 = PLANE ( 'NONE',  #110 ) ;
#1584 = DIRECTION ( 'NONE',  ( 1.000000000000000000, 0.000000000000000000, 0.000000000000000000 ) ) ;
#1585 = ORIENTED_EDGE ( 'NONE', *, *, #1113, .F. ) ;
#1586 = CARTESIAN_POINT ( 'NONE',  ( 0.1181102362204724532, 0.03149606299212598381, 0.07480314960629921850 ) ) ;
#1587 = EDGE_CURVE ( 'NONE', #3255, #2517, #510, .T. ) ;
#1588 = ORIENTED_EDGE ( 'NONE', *, *, #2527, .F. ) ;
#1589 = CARTESIAN_POINT ( 'NONE',  ( -0.1968503937007874127, 0.003937007874015747977, 0.07480314960629921850 ) ) ;
#1590 = CYLINDRICAL_SURFACE ( 'NONE', #3220, 0.005905511811023620231 ) ;
#1591 = EDGE_CURVE ( 'NONE', #1513, #3174, #2569, .T. ) ;
#1592 = DIRECTION ( 'NONE',  ( -0.000000000000000000, 1.000000000000000000, 0.000000000000000000 ) ) ;
#1593 = FILL_AREA_STYLE_COLOUR ( '', #3147 ) ;
#1594 = AXIS2_PLACEMENT_3D ( 'NONE', #3201, #3375, #459 ) ;
#1595 = CYLINDRICAL_SURFACE ( 'NONE', #1154, 0.01574803149606299191 ) ;
#1596 = VECTOR ( 'NONE', #710, 39.37007874015748143 ) ;
#1597 = DIRECTION ( 'NONE',  ( 0.000000000000000000, 0.000000000000000000, -1.000000000000000000 ) ) ;
#1598 = EDGE_LOOP ( 'NONE', ( #1440, #1780, #1367, #571 ) ) ;
#1599 = LENGTH_MEASURE_WITH_UNIT ( LENGTH_MEASURE( 0.02539999999999999897 ), #2671 );
#1600 = CARTESIAN_POINT ( 'NONE',  ( 0.08858267716535433989, 0.1456692913385826960, 0.08858267716535433989 ) ) ;
#1601 = VECTOR ( 'NONE', #1411, 39.37007874015748143 ) ;
#1602 = ADVANCED_FACE ( 'NONE', ( #1046 ), #252, .T. ) ;
#1603 = VERTEX_POINT ( 'NONE', #876 ) ;
#1604 = DIRECTION ( 'NONE',  ( 0.000000000000000000, 0.000000000000000000, 1.000000000000000000 ) ) ;
#1605 = VECTOR ( 'NONE', #2993, 39.37007874015748143 ) ;
#1606 = LINE ( 'NONE', #515, #908 ) ;
#1607 = ORIENTED_EDGE ( 'NONE', *, *, #3538, .F. ) ;
#1608 = FILL_AREA_STYLE_COLOUR ( '', #870 ) ;
#1609 = AXIS2_PLACEMENT_3D ( 'NONE', #2597, #132, #1229 ) ;
#1610 = ORIENTED_EDGE ( 'NONE', *, *, #2027, .F. ) ;
#1611 = VECTOR ( 'NONE', #2523, 39.37007874015748143 ) ;
#1612 = LINE ( 'NONE', #778, #1763 ) ;
#1613 = AXIS2_PLACEMENT_3D ( 'NONE', #16, #3040, #1115 ) ;
#1614 = CARTESIAN_POINT ( 'NONE',  ( 0.08858267716535433989, 0.1299212598425196763, 0.07283464566929134798 ) ) ;
#1615 = CIRCLE ( 'NONE', #2412, 0.005905511811023620231 ) ;
#1616 = CARTESIAN_POINT ( 'NONE',  ( 0.1653543307086614567, 0.007874015748031495954, 0.07480314960629921850 ) ) ;
#1617 = FACE_OUTER_BOUND ( 'NONE', #372, .T. ) ;
#1618 = EDGE_LOOP ( 'NONE', ( #1461, #347, #2910, #952 ) ) ;
#1619 = CARTESIAN_POINT ( 'NONE',  ( 0.000000000000000000, 0.1377952755905511861, 0.000000000000000000 ) ) ;
#1620 = DIRECTION ( 'NONE',  ( 0.000000000000000000, -1.000000000000000000, 0.000000000000000000 ) ) ;
#1621 = EDGE_CURVE ( 'NONE', #1759, #2197, #2116, .T. ) ;
#1622 = EDGE_LOOP ( 'NONE', ( #842, #3200, #423, #2914, #1131, #2859, #1743, #1013 ) ) ;
#1623 = DIRECTION ( 'NONE',  ( 0.000000000000000000, 0.000000000000000000, 1.000000000000000000 ) ) ;
#1624 = CARTESIAN_POINT ( 'NONE',  ( 0.1181102362204724532, 0.03937007874015747977, -0.1023622047244094613 ) ) ;
#1625 = ORIENTED_EDGE ( 'NONE', *, *, #2581, .F. ) ;
#1626 = CARTESIAN_POINT ( 'NONE',  ( -0.08858267716535433989, 0.1377952755905511861, -0.1122047244094488277 ) ) ;
#1627 = ORIENTED_EDGE ( 'NONE', *, *, #1261, .F. ) ;
#1628 = FACE_OUTER_BOUND ( 'NONE', #2947, .T. ) ;
#1629 = ORIENTED_EDGE ( 'NONE', *, *, #3279, .T. ) ;
#1630 = SURFACE_SIDE_STYLE ('',( #3276 ) ) ;
#1631 = DIRECTION ( 'NONE',  ( 0.000000000000000000, 0.000000000000000000, 1.000000000000000000 ) ) ;
#1632 =( LENGTH_UNIT ( ) NAMED_UNIT ( * ) SI_UNIT ( $, .METRE. ) );
#1633 = EDGE_CURVE ( 'NONE', #20, #2497, #2235, .T. ) ;
#1634 = CYLINDRICAL_SURFACE ( 'NONE', #461, 0.003937007874015741038 ) ;
#1635 = CARTESIAN_POINT ( 'NONE',  ( 0.1181102362204724532, 0.03937007874015747977, 0.1023622047244094613 ) ) ;
#1636 = ORIENTED_EDGE ( 'NONE', *, *, #585, .F. ) ;
#1637 = CARTESIAN_POINT ( 'NONE',  ( -0.1122047244094488277, 0.1377952755905511861, -0.1122047244094488277 ) ) ;
#1638 = DIRECTION ( 'NONE',  ( -1.000000000000000000, 1.016439536705159791E-16, 0.000000000000000000 ) ) ;
#1639 = ORIENTED_EDGE ( 'NONE', *, *, #162, .T. ) ;
#1640 = ADVANCED_FACE ( 'NONE', ( #488 ), #612, .T. ) ;
#1641 = LINE ( 'NONE', #2698, #1327 ) ;
#1642 = FACE_OUTER_BOUND ( 'NONE', #799, .T. ) ;
#1643 = SURFACE_SIDE_STYLE ('',( #1872 ) ) ;
#1644 = VERTEX_POINT ( 'NONE', #2965 ) ;
#1645 = EDGE_LOOP ( 'NONE', ( #2184, #3536, #3023, #2550 ) ) ;
#1646 = EDGE_LOOP ( 'NONE', ( #2440, #2772, #3031, #269 ) ) ;
#1647 = LINE ( 'NONE', #2743, #2638 ) ;
#1648 = CARTESIAN_POINT ( 'NONE',  ( -0.1653543307086614567, 0.003937007874015747977, -0.1023622047244094613 ) ) ;
#1649 = ADVANCED_FACE ( 'NONE', ( #2694 ), #2505, .T. ) ;
#1650 = DIRECTION ( 'NONE',  ( 0.000000000000000000, 1.000000000000000000, 0.000000000000000000 ) ) ;
#1651 = DIRECTION ( 'NONE',  ( 0.000000000000000000, -1.000000000000000000, 0.000000000000000000 ) ) ;
#1652 = ORIENTED_EDGE ( 'NONE', *, *, #1903, .F. ) ;
#1653 = CLOSED_SHELL ( 'NONE', ( #2191, #3461, #268, #53, #2829, #2791, #3523, #2646, #668, #2733, #2886, #3020, #2125, #418 ) ) ;
#1654 = SHAPE_DEFINITION_REPRESENTATION ( #984, #3309 ) ;
#1655 = VECTOR ( 'NONE', #3531, 39.37007874015748143 ) ;
#1656 = ORIENTED_EDGE ( 'NONE', *, *, #1669, .T. ) ;
#1657 = DIRECTION ( 'NONE',  ( 0.000000000000000000, -1.000000000000000000, 0.000000000000000000 ) ) ;
#1658 = DIRECTION ( 'NONE',  ( 0.000000000000000000, 0.000000000000000000, 1.000000000000000000 ) ) ;
#1659 = CIRCLE ( 'NONE', #1244, 0.01181102362204724046 ) ;
#1660 = DIRECTION ( 'NONE',  ( 0.000000000000000000, 0.000000000000000000, 1.000000000000000000 ) ) ;
#1661 = CIRCLE ( 'NONE', #223, 0.07283464566929134798 ) ;
#1662 = EDGE_LOOP ( 'NONE', ( #3049, #556, #1255, #2804, #1732, #631, #192, #1588, #2840, #3314, #2159, #1962 ) ) ;
#1663 = ORIENTED_EDGE ( 'NONE', *, *, #1431, .F. ) ;
#1664 = CIRCLE ( 'NONE', #1609, 0.01574803149606299885 ) ;
#1665 = EDGE_CURVE ( 'NONE', #1104, #971, #3110, .T. ) ;
#1666 = AXIS2_PLACEMENT_3D ( 'NONE', #1235, #1584, #1051 ) ;
#1667 = CARTESIAN_POINT ( 'NONE',  ( 0.1653543307086614567, 0.003937007874015747977, -0.1023622047244094613 ) ) ;
#1668 = LINE ( 'NONE', #2764, #2916 ) ;
#1669 = EDGE_CURVE ( 'NONE', #2144, #3086, #663, .T. ) ;
#1670 = CIRCLE ( 'NONE', #634, 0.005905511811023620231 ) ;
#1671 = VECTOR ( 'NONE', #2033, 39.37007874015748143 ) ;
#1672 = CARTESIAN_POINT ( 'NONE',  ( -0.08858267716535433989, 0.1377952755905511861, -0.08858267716535433989 ) ) ;
#1673 = CYLINDRICAL_SURFACE ( 'NONE', #2522, 0.07283464566929134798 ) ;
#1674 = VERTEX_POINT ( 'NONE', #2845 ) ;
#1675 = AXIS2_PLACEMENT_3D ( 'NONE', #491, #816, #3012 ) ;
#1676 = DIRECTION ( 'NONE',  ( 1.000000000000000000, -1.016439536705159791E-16, 0.000000000000000000 ) ) ;
#1677 = CARTESIAN_POINT ( 'NONE',  ( -0.1122047244094488277, 0.1299212598425196763, -0.1122047244094488277 ) ) ;
#1678 = ORIENTED_EDGE ( 'NONE', *, *, #3221, .F. ) ;
#1679 = CARTESIAN_POINT ( 'NONE',  ( 7.615845478428902923E-18, 0.2559055118110236671, -0.05923678250729006584 ) ) ;
#1680 = AXIS2_PLACEMENT_3D ( 'NONE', #922, #2265, #85 ) ;
#1681 = VERTEX_POINT ( 'NONE', #2049 ) ;
#1682 = EDGE_CURVE ( 'NONE', #932, #1054, #966, .T. ) ;
#1683 = CARTESIAN_POINT ( 'NONE',  ( 0.08858267716535433989, 0.1377952755905511861, -0.08858267716535433989 ) ) ;
#1684 = ORIENTED_EDGE ( 'NONE', *, *, #1700, .F. ) ;
#1685 = DIRECTION ( 'NONE',  ( 0.000000000000000000, 0.000000000000000000, 1.000000000000000000 ) ) ;
#1686 = EDGE_CURVE ( 'NONE', #369, #319, #2695, .T. ) ;
#1687 = DIRECTION ( 'NONE',  ( 0.000000000000000000, 0.000000000000000000, 1.000000000000000000 ) ) ;
#1688 = DIRECTION ( 'NONE',  ( 0.000000000000000000, 1.000000000000000000, 0.000000000000000000 ) ) ;
#1689 = FACE_OUTER_BOUND ( 'NONE', #1084, .T. ) ;
#1690 = CARTESIAN_POINT ( 'NONE',  ( -0.08858267716535433989, 0.1377952755905511861, 0.07283464566929134798 ) ) ;
#1691 = CARTESIAN_POINT ( 'NONE',  ( 0.08858267716535433989, 0.1299212598425196763, -0.08858267716535433989 ) ) ;
#1692 = ORIENTED_EDGE ( 'NONE', *, *, #71, .F. ) ;
#1693 = LINE ( 'NONE', #3098, #3099 ) ;
#1694 = ORIENTED_EDGE ( 'NONE', *, *, #1325, .F. ) ;
#1695 = CARTESIAN_POINT ( 'NONE',  ( 0.1535433070866141780, 0.02755905511811023584, 0.07480314960629921850 ) ) ;
#1696 = EDGE_CURVE ( 'NONE', #290, #2234, #3281, .T. ) ;
#1697 = FACE_OUTER_BOUND ( 'NONE', #2896, .T. ) ;
#1698 = CARTESIAN_POINT ( 'NONE',  ( 0.08858267716535433989, 0.1299212598425196763, -0.08858267716535433989 ) ) ;
#1699 = CARTESIAN_POINT ( 'NONE',  ( 0.08858267716535433989, 0.1377952755905511861, 0.08858267716535433989 ) ) ;
#1700 = EDGE_CURVE ( 'NONE', #1966, #2546, #1094, .T. ) ;
#1701 = CYLINDRICAL_SURFACE ( 'NONE', #1198, 0.01574803149606299885 ) ;
#1702 = DIRECTION ( 'NONE',  ( 0.000000000000000000, -1.000000000000000000, 0.000000000000000000 ) ) ;
#1703 = DIRECTION ( 'NONE',  ( 1.000000000000000000, 0.000000000000000000, 0.000000000000000000 ) ) ;
#1704 = AXIS2_PLACEMENT_3D ( 'NONE', #2732, #1849, #473 ) ;
#1705 = ORIENTED_EDGE ( 'NONE', *, *, #2475, .T. ) ;
#1706 = CARTESIAN_POINT ( 'NONE',  ( -0.08858267716535433989, 0.1299212598425196763, -0.07283464566929134798 ) ) ;
#1707 = ADVANCED_FACE ( 'NONE', ( #348 ), #414, .T. ) ;
#1708 = ORIENTED_EDGE ( 'NONE', *, *, #1761, .F. ) ;
#1709 = VECTOR ( 'NONE', #2589, 39.37007874015748143 ) ;
#1710 = CARTESIAN_POINT ( 'NONE',  ( 0.1535433070866141780, 0.007874015748031495954, -0.1023622047244094613 ) ) ;
#1711 = ORIENTED_EDGE ( 'NONE', *, *, #60, .F. ) ;
#1712 = VECTOR ( 'NONE', #3047, 39.37007874015748143 ) ;
#1713 = FACE_BOUND ( 'NONE', #1874, .T. ) ;
#1714 = PLANE ( 'NONE',  #1151 ) ;
#1715 = ORIENTED_EDGE ( 'NONE', *, *, #1727, .T. ) ;
#1716 = AXIS2_PLACEMENT_3D ( 'NONE', #754, #3185, #2366 ) ;
#1717 = DIRECTION ( 'NONE',  ( 0.000000000000000000, 0.000000000000000000, -1.000000000000000000 ) ) ;
#1718 = CARTESIAN_POINT ( 'NONE',  ( 0.1496062992125984370, 0.03937007874015747977, -0.1023622047244094613 ) ) ;
#1719 = CIRCLE ( 'NONE', #1484, 0.07283464566929134798 ) ;
#1720 = FACE_OUTER_BOUND ( 'NONE', #1958, .T. ) ;
#1721 = EDGE_CURVE ( 'NONE', #3141, #971, #90, .T. ) ;
#1722 = CARTESIAN_POINT ( 'NONE',  ( -0.1535433070866141780, 0.02755905511811023584, -0.07480314960629921850 ) ) ;
#1723 = AXIS2_PLACEMENT_3D ( 'NONE', #765, #1558, #2651 ) ;
#1724 = VECTOR ( 'NONE', #3018, 39.37007874015748143 ) ;
#1725 = EDGE_LOOP ( 'NONE', ( #3108, #3500, #486, #2446 ) ) ;
#1726 = DIRECTION ( 'NONE',  ( 0.000000000000000000, 1.000000000000000000, 0.000000000000000000 ) ) ;
#1727 = EDGE_CURVE ( 'NONE', #791, #1397, #2607, .T. ) ;
#1728 = VECTOR ( 'NONE', #2363, 39.37007874015748143 ) ;
#1729 = ORIENTED_EDGE ( 'NONE', *, *, #434, .F. ) ;
#1730 = VERTEX_POINT ( 'NONE', #144 ) ;
#1731 = CARTESIAN_POINT ( 'NONE',  ( 0.1122047244094488277, 0.1377952755905511861, -0.1181102362204724532 ) ) ;
#1732 = ORIENTED_EDGE ( 'NONE', *, *, #995, .F. ) ;
#1733 = ORIENTED_EDGE ( 'NONE', *, *, #1803, .F. ) ;
#1734 = DIRECTION ( 'NONE',  ( 1.016439536705159791E-16, -1.000000000000000000, 0.000000000000000000 ) ) ;
#1735 = CARTESIAN_POINT ( 'NONE',  ( -0.1181102362204724532, 0.1299212598425196763, 0.1122047244094488277 ) ) ;
#1736 = CARTESIAN_POINT ( 'NONE',  ( -0.1614173228346456879, 0.007874015748031495954, -0.07480314960629921850 ) ) ;
#1737 = CARTESIAN_POINT ( 'NONE',  ( 0.1968503937007874127, 0.003937007874015747977, -0.1023622047244094613 ) ) ;
#1738 = DIRECTION ( 'NONE',  ( 0.000000000000000000, 0.000000000000000000, 1.000000000000000000 ) ) ;
#1739 = EDGE_CURVE ( 'NONE', #2219, #369, #1241, .T. ) ;
#1740 = VERTEX_POINT ( 'NONE', #1735 ) ;
#1741 = CARTESIAN_POINT ( 'NONE',  ( 0.1968503937007874127, 0.003937007874015747977, 0.1023622047244094613 ) ) ;
#1742 = EDGE_CURVE ( 'NONE', #458, #2355, #447, .T. ) ;
#1743 = ORIENTED_EDGE ( 'NONE', *, *, #930, .T. ) ;
#1744 = VERTEX_POINT ( 'NONE', #1718 ) ;
#1745 = ORIENTED_EDGE ( 'NONE', *, *, #654, .F. ) ;
#1746 = EDGE_LOOP ( 'NONE', ( #935, #2966, #2904, #3011 ) ) ;
#1747 = DIRECTION ( 'NONE',  ( 1.000000000000000000, 0.000000000000000000, 0.000000000000000000 ) ) ;
#1748 = DIRECTION ( 'NONE',  ( 0.000000000000000000, 1.000000000000000000, 0.000000000000000000 ) ) ;
#1749 = EDGE_CURVE ( 'NONE', #1219, #1744, #927, .T. ) ;
#1750 = CARTESIAN_POINT ( 'NONE',  ( -0.1653543307086614567, 0.003937007874015747977, 0.1023622047244094613 ) ) ;
#1751 = ORIENTED_EDGE ( 'NONE', *, *, #88, .F. ) ;
#1752 = CARTESIAN_POINT ( 'NONE',  ( -0.1653543307086614567, -0.003937007874015747977, 0.1023622047244094613 ) ) ;
#1753 = DIRECTION ( 'NONE',  ( 0.000000000000000000, 1.000000000000000000, 0.000000000000000000 ) ) ;
#1754 = ORIENTED_EDGE ( 'NONE', *, *, #529, .T. ) ;
#1756 = ORIENTED_EDGE ( 'NONE', *, *, #2008, .F. ) ;
#1755 = CIRCLE ( 'NONE', #2165, 0.02362204724409448092 ) ;
#1757 = CIRCLE ( 'NONE', #2393, 0.02362204724409448092 ) ;
#1758 = ORIENTED_EDGE ( 'NONE', *, *, #2475, .F. ) ;
#1759 = VERTEX_POINT ( 'NONE', #3449 ) ;
#1760 = LINE ( 'NONE', #2863, #496 ) ;
#1761 = EDGE_CURVE ( 'NONE', #2879, #3086, #2073, .T. ) ;
#1762 = VECTOR ( 'NONE', #2239, 39.37007874015748143 ) ;
#1763 = VECTOR ( 'NONE', #800, 39.37007874015748143 ) ;
#1764 = CARTESIAN_POINT ( 'NONE',  ( 0.1614173228346456879, 0.02755905511811023584, -0.1023622047244094613 ) ) ;
#1765 = DIRECTION ( 'NONE',  ( 0.000000000000000000, 1.000000000000000000, 0.000000000000000000 ) ) ;
#1766 = AXIS2_PLACEMENT_3D ( 'NONE', #1600, #28, #45 ) ;
#1767 = ORIENTED_EDGE ( 'NONE', *, *, #552, .T. ) ;
#1768 = DIRECTION ( 'NONE',  ( 0.000000000000000000, 0.000000000000000000, -1.000000000000000000 ) ) ;
#1769 = PLANE ( 'NONE',  #1716 ) ;
#1770 = AXIS2_PLACEMENT_3D ( 'NONE', #2006, #33, #1738 ) ;
#1771 = AXIS2_PLACEMENT_3D ( 'NONE', #584, #2730, #3283 ) ;
#1772 = DIRECTION ( 'NONE',  ( 0.000000000000000000, 0.000000000000000000, 1.000000000000000000 ) ) ;
#1773 = VERTEX_POINT ( 'NONE', #3415 ) ;
#1774 = CARTESIAN_POINT ( 'NONE',  ( 0.1122047244094488277, 0.1299212598425196763, 0.1181102362204724532 ) ) ;
#1775 = CIRCLE ( 'NONE', #1675, 0.06889763779527559306 ) ;
#1776 = ORIENTED_EDGE ( 'NONE', *, *, #2492, .F. ) ;
#1777 =( NAMED_UNIT ( * ) SI_UNIT ( $, .STERADIAN. ) SOLID_ANGLE_UNIT ( ) );
#1778 = ADVANCED_FACE ( 'NONE', ( #650 ), #3177, .T. ) ;
#1779 = AXIS2_PLACEMENT_3D ( 'NONE', #760, #2703, #518 ) ;
#1780 = ORIENTED_EDGE ( 'NONE', *, *, #3485, .T. ) ;
#1781 = ORIENTED_EDGE ( 'NONE', *, *, #204, .T. ) ;
#1782 = DIRECTION ( 'NONE',  ( 0.000000000000000000, 1.000000000000000000, 0.000000000000000000 ) ) ;
#1783 = DIRECTION ( 'NONE',  ( 0.000000000000000000, -1.000000000000000000, 0.000000000000000000 ) ) ;
#1784 = VECTOR ( 'NONE', #1179, 39.37007874015748143 ) ;
#1785 = EDGE_CURVE ( 'NONE', #3032, #395, #109, .T. ) ;
#1786 = DIRECTION ( 'NONE',  ( 0.000000000000000000, 0.000000000000000000, 1.000000000000000000 ) ) ;
#1787 = CARTESIAN_POINT ( 'NONE',  ( -0.1181102362204724532, 0.03149606299212598381, 0.1023622047244094613 ) ) ;
#1788 = EDGE_LOOP ( 'NONE', ( #1447, #180 ) ) ;
#1789 = DIRECTION ( 'NONE',  ( 0.000000000000000000, 1.000000000000000000, 0.000000000000000000 ) ) ;
#1790 = DIRECTION ( 'NONE',  ( 0.000000000000000000, -1.000000000000000000, 0.000000000000000000 ) ) ;
#1791 = ADVANCED_FACE ( 'NONE', ( #2032 ), #3137, .F. ) ;
#1792 = ORIENTED_EDGE ( 'NONE', *, *, #3359, .F. ) ;
#1793 = CARTESIAN_POINT ( 'NONE',  ( -0.1122047244094488277, 0.1377952755905511861, -0.1122047244094488277 ) ) ;
#1794 = DIRECTION ( 'NONE',  ( -1.734723475976804925E-15, -1.000000000000000000, 0.000000000000000000 ) ) ;
#1795 = VERTEX_POINT ( 'NONE', #3240 ) ;
#1796 = ORIENTED_EDGE ( 'NONE', *, *, #1739, .T. ) ;
#1797 = EDGE_LOOP ( 'NONE', ( #1121, #1530 ) ) ;
#1798 = CARTESIAN_POINT ( 'NONE',  ( -0.1181102362204724532, 0.03937007874015747977, 0.07480314960629921850 ) ) ;
#1799 = PLANE ( 'NONE',  #803 ) ;
#1800 = ADVANCED_FACE ( 'NONE', ( #431 ), #1590, .T. ) ;
#1801 = CARTESIAN_POINT ( 'NONE',  ( 0.08858267716535433989, 0.1377952755905511861, -0.08858267716535433989 ) ) ;
#1802 = SURFACE_STYLE_USAGE ( .BOTH. , #693 ) ;
#1803 = EDGE_CURVE ( 'NONE', #1773, #1093, #2898, .T. ) ;
#1804 = DIRECTION ( 'NONE',  ( 1.000000000000000000, 0.000000000000000000, 0.000000000000000000 ) ) ;
#1805 = DIRECTION ( 'NONE',  ( 0.000000000000000000, -1.000000000000000000, 0.000000000000000000 ) ) ;
#1806 = ORIENTED_EDGE ( 'NONE', *, *, #321, .F. ) ;
#1807 = CARTESIAN_POINT ( 'NONE',  ( 0.1496062992125984370, 0.02755905511811023584, -0.07480314960629921850 ) ) ;
#1808 = DIRECTION ( 'NONE',  ( 0.000000000000000000, 1.000000000000000000, 0.000000000000000000 ) ) ;
#1809 = ADVANCED_FACE ( 'NONE', ( #2707 ), #2650, .T. ) ;
#1810 = CARTESIAN_POINT ( 'NONE',  ( -0.1968503937007874127, -0.003937007874015747977, -0.1023622047244094613 ) ) ;
#1811 = VERTEX_POINT ( 'NONE', #2958 ) ;
#1812 = DIRECTION ( 'NONE',  ( 0.000000000000000000, -1.000000000000000000, 0.000000000000000000 ) ) ;
#1813 = ADVANCED_FACE ( 'NONE', ( #482 ), #2627, .T. ) ;
#1814 = ORIENTED_EDGE ( 'NONE', *, *, #2823, .F. ) ;
#1815 = SURFACE_STYLE_USAGE ( .BOTH. , #2313 ) ;
#1816 = EDGE_LOOP ( 'NONE', ( #2367, #2066, #3497, #642 ) ) ;
#1817 = ORIENTED_EDGE ( 'NONE', *, *, #1980, .T. ) ;
#1818 = FACE_OUTER_BOUND ( 'NONE', #1797, .T. ) ;
#1819 = CARTESIAN_POINT ( 'NONE',  ( 0.1181102362204724532, 0.1299212598425196763, -0.1122047244094488277 ) ) ;
#1820 = AXIS2_PLACEMENT_3D ( 'NONE', #1619, #812, #1082 ) ;
#1821 = DIRECTION ( 'NONE',  ( 1.000000000000000000, 0.000000000000000000, 0.000000000000000000 ) ) ;
#1822 = PRESENTATION_LAYER_ASSIGNMENT (  '', '', ( #3559 ) ) ;
#1823 = DIRECTION ( 'NONE',  ( 0.000000000000000000, -1.000000000000000000, 0.000000000000000000 ) ) ;
#1824 = AXIS2_PLACEMENT_3D ( 'NONE', #1199, #82, #933 ) ;
#1825 = LINE ( 'NONE', #2902, #2868 ) ;
#1826 = EDGE_CURVE ( 'NONE', #1730, #1837, #3526, .T. ) ;
#1827 = FACE_OUTER_BOUND ( 'NONE', #1510, .T. ) ;
#1828 = VERTEX_POINT ( 'NONE', #2129 ) ;
#1829 = DIRECTION ( 'NONE',  ( 0.000000000000000000, -1.000000000000000000, 0.000000000000000000 ) ) ;
#1830 = DIRECTION ( 'NONE',  ( 0.000000000000000000, 0.000000000000000000, 1.000000000000000000 ) ) ;
#1831 = AXIS2_PLACEMENT_3D ( 'NONE', #2538, #1748, #2571 ) ;
#1832 = DIRECTION ( 'NONE',  ( -1.734723475976804925E-15, 1.000000000000000000, 0.000000000000000000 ) ) ;
#1833 = ORIENTED_EDGE ( 'NONE', *, *, #1304, .F. ) ;
#1834 = EDGE_CURVE ( 'NONE', #652, #297, #1719, .T. ) ;
#1835 = DIRECTION ( 'NONE',  ( 1.734723475976804925E-15, -1.000000000000000000, 0.000000000000000000 ) ) ;
#1836 = DIRECTION ( 'NONE',  ( -1.016439536705159791E-16, -1.000000000000000000, 0.000000000000000000 ) ) ;
#1837 = VERTEX_POINT ( 'NONE', #1015 ) ;
#1838 = AXIS2_PLACEMENT_3D ( 'NONE', #1801, #1592, #1821 ) ;
#1839 = CIRCLE ( 'NONE', #868, 0.01181102362204724046 ) ;
#1840 = ORIENTED_EDGE ( 'NONE', *, *, #364, .T. ) ;
#1841 = DIRECTION ( 'NONE',  ( 0.000000000000000000, 1.000000000000000000, 0.000000000000000000 ) ) ;
#1842 = FACE_OUTER_BOUND ( 'NONE', #367, .T. ) ;
#1843 = VECTOR ( 'NONE', #3465, 39.37007874015748143 ) ;
#1844 = DIRECTION ( 'NONE',  ( 0.000000000000000000, 0.000000000000000000, -1.000000000000000000 ) ) ;
#1845 = AXIS2_PLACEMENT_3D ( 'NONE', #828, #474, #1638 ) ;
#1846 = MANIFOLD_SOLID_BREP ( 'Imported6', #1653 ) ;
#1847 = FACE_OUTER_BOUND ( 'NONE', #1618, .T. ) ;
#1848 = ORIENTED_EDGE ( 'NONE', *, *, #2027, .T. ) ;
#1849 = DIRECTION ( 'NONE',  ( 1.000000000000000000, -0.000000000000000000, 1.224646799147353207E-16 ) ) ;
#1850 = DIRECTION ( 'NONE',  ( 1.000000000000000000, -1.016439536705159791E-16, 0.000000000000000000 ) ) ;
#1851 = ADVANCED_FACE ( 'NONE', ( #1842 ), #1799, .F. ) ;
#1852 = ORIENTED_EDGE ( 'NONE', *, *, #1341, .T. ) ;
#1853 = FACE_OUTER_BOUND ( 'NONE', #2, .T. ) ;
#1854 = DIRECTION ( 'NONE',  ( 0.000000000000000000, 0.000000000000000000, -1.000000000000000000 ) ) ;
#1855 = ORIENTED_EDGE ( 'NONE', *, *, #3363, .F. ) ;
#1856 = CARTESIAN_POINT ( 'NONE',  ( 0.1181102362204724532, 0.1377952755905511861, -0.1181102362204724532 ) ) ;
#1857 = EDGE_CURVE ( 'NONE', #130, #1358, #3194, .T. ) ;
#1858 = ORIENTED_EDGE ( 'NONE', *, *, #845, .F. ) ;
#1859 = DIRECTION ( 'NONE',  ( 0.000000000000000000, -1.000000000000000000, 0.000000000000000000 ) ) ;
#1860 = DIRECTION ( 'NONE',  ( 0.000000000000000000, 0.000000000000000000, 1.000000000000000000 ) ) ;
#1861 = FACE_OUTER_BOUND ( 'NONE', #2588, .T. ) ;
#1862 = EDGE_CURVE ( 'NONE', #228, #1547, #725, .T. ) ;
#1863 = MANIFOLD_SOLID_BREP ( 'Cut-Extrude1', #2450 ) ;
#1864 = LINE ( 'NONE', #1019, #1728 ) ;
#1865 = EDGE_LOOP ( 'NONE', ( #1733, #3374, #835, #2305 ) ) ;
#1866 = FACE_BOUND ( 'NONE', #2486, .T. ) ;
#1867 = DIRECTION ( 'NONE',  ( 0.000000000000000000, 0.000000000000000000, 1.000000000000000000 ) ) ;
#1868 = ORIENTED_EDGE ( 'NONE', *, *, #687, .F. ) ;
#1869 = DIRECTION ( 'NONE',  ( 0.000000000000000000, 1.000000000000000000, 0.000000000000000000 ) ) ;
#1870 = LINE ( 'NONE', #2442, #99 ) ;
#1871 = ORIENTED_EDGE ( 'NONE', *, *, #2351, .F. ) ;
#1872 = SURFACE_STYLE_FILL_AREA ( #2410 ) ;
#1873 = ORIENTED_EDGE ( 'NONE', *, *, #339, .T. ) ;
#1874 = EDGE_LOOP ( 'NONE', ( #3339, #235 ) ) ;
#1875 = CARTESIAN_POINT ( 'NONE',  ( -0.1496062992125984370, 0.02755905511811023584, 0.1023622047244094613 ) ) ;
#1876 = FILL_AREA_STYLE ('',( #3258 ) ) ;
#1877 = DIRECTION ( 'NONE',  ( 0.000000000000000000, 1.000000000000000000, 0.000000000000000000 ) ) ;
#1878 = EDGE_CURVE ( 'NONE', #1828, #2309, #2056, .T. ) ;
#1879 = PRESENTATION_STYLE_ASSIGNMENT (( #2133 ) ) ;
#1880 = CIRCLE ( 'NONE', #3385, 0.01574803149606299191 ) ;
#1881 = DIRECTION ( 'NONE',  ( -1.000000000000000000, 0.000000000000000000, 0.000000000000000000 ) ) ;
#1882 = AXIS2_PLACEMENT_3D ( 'NONE', #939, #3176, #2072 ) ;
#1883 = CARTESIAN_POINT ( 'NONE',  ( 0.1122047244094488277, 0.1377952755905511861, -0.1181102362204724532 ) ) ;
#1884 = EDGE_LOOP ( 'NONE', ( #1941, #771, #2962, #3372 ) ) ;
#1885 = FACE_OUTER_BOUND ( 'NONE', #3171, .T. ) ;
#1886 = AXIS2_PLACEMENT_3D ( 'NONE', #2247, #882, #601 ) ;
#1887 = EDGE_LOOP ( 'NONE', ( #1708, #2616, #97, #1656 ) ) ;
#1888 = DIRECTION ( 'NONE',  ( 0.000000000000000000, 0.000000000000000000, -1.000000000000000000 ) ) ;
#1889 = VECTOR ( 'NONE', #2001, 39.37007874015748143 ) ;
#1890 = CARTESIAN_POINT ( 'NONE',  ( 0.000000000000000000, 0.2501844571990812227, 0.06513941287788303780 ) ) ;
#1891 = EDGE_LOOP ( 'NONE', ( #1418, #822, #322, #1767 ) ) ;
#1892 = CARTESIAN_POINT ( 'NONE',  ( 0.1653543307086614567, 0.007874015748031495954, -0.1023622047244094613 ) ) ;
#1893 = AXIS2_PLACEMENT_3D ( 'NONE', #2318, #1515, #363 ) ;
#1894 = ORIENTED_EDGE ( 'NONE', *, *, #505, .T. ) ;
#1895 = DIRECTION ( 'NONE',  ( 0.000000000000000000, -1.000000000000000000, 0.000000000000000000 ) ) ;
#1896 = VECTOR ( 'NONE', #1794, 39.37007874015748143 ) ;
#1897 = CARTESIAN_POINT ( 'NONE',  ( -0.1496062992125984370, 0.02755905511811023584, -0.1023622047244094613 ) ) ;
#1898 = SURFACE_STYLE_USAGE ( .BOTH. , #1630 ) ;
#1899 = EDGE_CURVE ( 'NONE', #2121, #2725, #2287, .T. ) ;
#1900 = CIRCLE ( 'NONE', #343, 0.01574803149606299191 ) ;
#1901 = LINE ( 'NONE', #298, #684 ) ;
#1902 = SURFACE_STYLE_USAGE ( .BOTH. , #2924 ) ;
#1903 = EDGE_CURVE ( 'NONE', #2224, #2083, #389, .T. ) ;
#1904 = DIRECTION ( 'NONE',  ( 1.000000000000000000, 0.000000000000000000, 0.000000000000000000 ) ) ;
#1905 = CARTESIAN_POINT ( 'NONE',  ( 0.000000000000000000, -0.07608622758978160483, 0.000000000000000000 ) ) ;
#1906 = ORIENTED_EDGE ( 'NONE', *, *, #339, .F. ) ;
#1907 = DIRECTION ( 'NONE',  ( 1.016439536705159791E-16, -1.000000000000000000, 0.000000000000000000 ) ) ;
#1908 = VERTEX_POINT ( 'NONE', #1295 ) ;
#1909 = DIRECTION ( 'NONE',  ( -1.000000000000000000, 0.000000000000000000, 0.000000000000000000 ) ) ;
#1910 = CARTESIAN_POINT ( 'NONE',  ( 0.000000000000000000, 0.1299212598425196763, 0.000000000000000000 ) ) ;
#1911 = DIRECTION ( 'NONE',  ( 0.000000000000000000, 0.000000000000000000, -1.000000000000000000 ) ) ;
#1912 = ORIENTED_EDGE ( 'NONE', *, *, #199, .F. ) ;
#1913 = ORIENTED_EDGE ( 'NONE', *, *, #2314, .F. ) ;
#1914 = ORIENTED_EDGE ( 'NONE', *, *, #434, .T. ) ;
#1915 = CARTESIAN_POINT ( 'NONE',  ( 0.1181102362204724532, 0.03937007874015747977, 0.07480314960629921850 ) ) ;
#1916 = FACE_OUTER_BOUND ( 'NONE', #2300, .T. ) ;
#1917 = DIRECTION ( 'NONE',  ( 1.000000000000000000, 0.000000000000000000, 0.000000000000000000 ) ) ;
#1918 = FACE_OUTER_BOUND ( 'NONE', #2875, .T. ) ;
#1919 = EDGE_LOOP ( 'NONE', ( #696, #3478 ) ) ;
#1920 = DIRECTION ( 'NONE',  ( 0.000000000000000000, 0.000000000000000000, -1.000000000000000000 ) ) ;
#1921 = PRODUCT_CONTEXT ( 'NONE', #1956, 'mechanical' ) ;
#1922 = ADVANCED_FACE ( 'NONE', ( #2676 ), #2386, .F. ) ;
#1923 = VERTEX_POINT ( 'NONE', #3480 ) ;
#1924 = CARTESIAN_POINT ( 'NONE',  ( -0.1496062992125984370, 0.03149606299212598381, 0.1023622047244094613 ) ) ;
#1925 = DIRECTION ( 'NONE',  ( 0.000000000000000000, -1.000000000000000000, 0.000000000000000000 ) ) ;
#1926 = EDGE_CURVE ( 'NONE', #2219, #1547, #1010, .T. ) ;
#1927 = CARTESIAN_POINT ( 'NONE',  ( 8.919671568592926781E-18, 0.1377952755905511861, -0.07283464566929134798 ) ) ;
#1928 = ORIENTED_EDGE ( 'NONE', *, *, #2591, .T. ) ;
#1929 = ADVANCED_FACE ( 'NONE', ( #2101 ), #2120, .F. ) ;
#1930 = ORIENTED_EDGE ( 'NONE', *, *, #1939, .T. ) ;
#1931 = ORIENTED_EDGE ( 'NONE', *, *, #2164, .T. ) ;
#1932 = CARTESIAN_POINT ( 'NONE',  ( 0.000000000000000000, -0.07608622758978160483, 0.000000000000000000 ) ) ;
#1933 = CARTESIAN_POINT ( 'NONE',  ( 0.1968503937007874127, 0.003937007874015747977, -0.1023622047244094613 ) ) ;
#1934 = FACE_OUTER_BOUND ( 'NONE', #1011, .T. ) ;
#1935 = FACE_OUTER_BOUND ( 'NONE', #213, .T. ) ;
#1936 = ORIENTED_EDGE ( 'NONE', *, *, #1591, .F. ) ;
#1937 = AXIS2_PLACEMENT_3D ( 'NONE', #1683, #2487, #260 ) ;
#1938 = CARTESIAN_POINT ( 'NONE',  ( 0.08858267716535433989, 0.1377952755905511861, -0.07283464566929134798 ) ) ;
#1939 = EDGE_CURVE ( 'NONE', #2742, #1512, #137, .T. ) ;
#1940 = AXIS2_PLACEMENT_3D ( 'NONE', #1637, #251, #2399 ) ;
#1941 = ORIENTED_EDGE ( 'NONE', *, *, #907, .T. ) ;
#1942 = DIRECTION ( 'NONE',  ( 0.000000000000000000, 0.000000000000000000, 1.000000000000000000 ) ) ;
#1943 = CIRCLE ( 'NONE', #906, 0.01574803149606299885 ) ;
#1944 = ADVANCED_FACE ( 'NONE', ( #3518 ), #1509, .T. ) ;
#1945 = AXIS2_PLACEMENT_3D ( 'NONE', #2530, #1132, #2230 ) ;
#1946 = ORIENTED_EDGE ( 'NONE', *, *, #780, .F. ) ;
#1947 = CARTESIAN_POINT ( 'NONE',  ( -0.08858267716535433989, 0.1377952755905511861, -0.1043307086614173457 ) ) ;
#1948 = VERTEX_POINT ( 'NONE', #215 ) ;
#1949 = VECTOR ( 'NONE', #1620, 39.37007874015748143 ) ;
#1950 = AXIS2_PLACEMENT_3D ( 'NONE', #758, #2642, #2878 ) ;
#1951 = CARTESIAN_POINT ( 'NONE',  ( 0.1653543307086614567, -0.003937007874015747977, 0.07480314960629921850 ) ) ;
#1952 = CYLINDRICAL_SURFACE ( 'NONE', #3039, 0.01181102362204725781 ) ;
#1953 = CARTESIAN_POINT ( 'NONE',  ( -0.08858267716535433989, 0.1823374350353732243, -0.1043307086614173457 ) ) ;
#1954 = AXIS2_PLACEMENT_3D ( 'NONE', #2454, #3528, #2150 ) ;
#1955 = VECTOR ( 'NONE', #593, 39.37007874015748143 ) ;
#1956 = APPLICATION_CONTEXT ( 'automotive_design' ) ;
#1957 = DIRECTION ( 'NONE',  ( 0.000000000000000000, 0.000000000000000000, -1.000000000000000000 ) ) ;
#1958 = EDGE_LOOP ( 'NONE', ( #303, #1231, #1020, #1507 ) ) ;
#1959 = DIRECTION ( 'NONE',  ( 0.000000000000000000, 0.000000000000000000, -1.000000000000000000 ) ) ;
#1960 = FACE_OUTER_BOUND ( 'NONE', #163, .T. ) ;
#1961 = VECTOR ( 'NONE', #1383, 39.37007874015748143 ) ;
#1962 = ORIENTED_EDGE ( 'NONE', *, *, #3391, .T. ) ;
#1963 = CARTESIAN_POINT ( 'NONE',  ( -0.08858267716535433989, 0.1377952755905511861, 0.08858267716535433989 ) ) ;
#1964 = EDGE_CURVE ( 'NONE', #395, #23, #3105, .T. ) ;
#1965 = CIRCLE ( 'NONE', #569, 0.01181102362204724046 ) ;
#1966 = VERTEX_POINT ( 'NONE', #2952 ) ;
#1967 = DIRECTION ( 'NONE',  ( 0.000000000000000000, 1.000000000000000000, 0.000000000000000000 ) ) ;
#1968 = EDGE_CURVE ( 'NONE', #3393, #1759, #3190, .T. ) ;
#1969 = CARTESIAN_POINT ( 'NONE',  ( -0.1181102362204724532, 0.000000000000000000, -0.1181102362204724532 ) ) ;
#1970 = CARTESIAN_POINT ( 'NONE',  ( -0.08858267716535433989, 0.1377952755905511861, -0.06496062992125986590 ) ) ;
#1971 = DIRECTION ( 'NONE',  ( 0.000000000000000000, 0.000000000000000000, 1.000000000000000000 ) ) ;
#1972 = LINE ( 'NONE', #3303, #2237 ) ;
#1973 = EDGE_CURVE ( 'NONE', #1730, #1795, #464, .T. ) ;
#1974 = SPHERICAL_SURFACE ( 'NONE', #1305, 0.03937007874015747977 ) ;
#1975 = DIRECTION ( 'NONE',  ( 0.000000000000000000, 0.000000000000000000, -1.000000000000000000 ) ) ;
#1976 = ORIENTED_EDGE ( 'NONE', *, *, #2468, .F. ) ;
#1977 = DIRECTION ( 'NONE',  ( 0.000000000000000000, 1.000000000000000000, 0.000000000000000000 ) ) ;
#1978 = ORIENTED_EDGE ( 'NONE', *, *, #2667, .F. ) ;
#1979 = CARTESIAN_POINT ( 'NONE',  ( 0.08858267716535433989, 0.1823374350353732243, 0.07283464566929134798 ) ) ;
#1980 = EDGE_CURVE ( 'NONE', #3255, #2232, #2341, .T. ) ;
#1981 = DIRECTION ( 'NONE',  ( 1.000000000000000000, 0.000000000000000000, 0.000000000000000000 ) ) ;
#1982 = VERTEX_POINT ( 'NONE', #3170 ) ;
#1983 = PLANE ( 'NONE',  #280 ) ;
#1984 = CARTESIAN_POINT ( 'NONE',  ( -0.1122047244094488277, 0.1377952755905511861, 0.1122047244094488277 ) ) ;
#1985 = EDGE_CURVE ( 'NONE', #2457, #3119, #992, .T. ) ;
#1986 = FACE_OUTER_BOUND ( 'NONE', #2266, .T. ) ;
#1987 = DIRECTION ( 'NONE',  ( 0.000000000000000000, 1.000000000000000000, 0.000000000000000000 ) ) ;
#1988 = CARTESIAN_POINT ( 'NONE',  ( 0.08858267716535433989, 0.1377952755905511861, -0.07283464566929134798 ) ) ;
#1989 = VECTOR ( 'NONE', #131, 39.37007874015748143 ) ;
#1990 = ORIENTED_EDGE ( 'NONE', *, *, #2512, .F. ) ;
#1991 = LINE ( 'NONE', #2276, #673 ) ;
#1992 = ORIENTED_EDGE ( 'NONE', *, *, #839, .F. ) ;
#1993 = PRESENTATION_LAYER_ASSIGNMENT (  '', '', ( #439 ) ) ;
#1994 = DIRECTION ( 'NONE',  ( 1.734723475976804925E-15, -1.000000000000000000, 0.000000000000000000 ) ) ;
#1995 = ORIENTED_EDGE ( 'NONE', *, *, #315, .F. ) ;
#1996 = AXIS2_PLACEMENT_3D ( 'NONE', #572, #773, #237 ) ;
#1997 = DIRECTION ( 'NONE',  ( 0.000000000000000000, 0.000000000000000000, 1.000000000000000000 ) ) ;
#1998 = VERTEX_POINT ( 'NONE', #2893 ) ;
#1999 = CIRCLE ( 'NONE', #2338, 0.003937007874015758385 ) ;
#2000 = DIRECTION ( 'NONE',  ( -1.734723475976804925E-15, 1.000000000000000000, 0.000000000000000000 ) ) ;
#2001 = DIRECTION ( 'NONE',  ( 0.000000000000000000, -1.000000000000000000, 0.000000000000000000 ) ) ;
#2002 = ADVANCED_FACE ( 'NONE', ( #1689 ), #49, .T. ) ;
#2003 =( GEOMETRIC_REPRESENTATION_CONTEXT ( 3 ) GLOBAL_UNCERTAINTY_ASSIGNED_CONTEXT ( ( #3306 ) ) GLOBAL_UNIT_ASSIGNED_CONTEXT ( ( #720, #2658, #740 ) ) REPRESENTATION_CONTEXT ( 'NONE', 'WORKASPACE' ) );
#2004 = CYLINDRICAL_SURFACE ( 'NONE', #3287, 0.01181102362204724046 ) ;
#2005 = DIRECTION ( 'NONE',  ( 0.000000000000000000, 1.000000000000000000, 0.000000000000000000 ) ) ;
#2006 = CARTESIAN_POINT ( 'NONE',  ( -0.1968503937007874127, -0.003937007874015747977, 0.1023622047244094613 ) ) ;
#2007 = VECTOR ( 'NONE', #1410, 39.37007874015748143 ) ;
#2008 = EDGE_CURVE ( 'NONE', #869, #1908, #1253, .T. ) ;
#2009 = AXIS2_PLACEMENT_3D ( 'NONE', #2712, #3222, #2946 ) ;
#2010 = ORIENTED_EDGE ( 'NONE', *, *, #442, .T. ) ;
#2011 = DIRECTION ( 'NONE',  ( 1.000000000000000000, -1.734723475976804925E-15, 0.000000000000000000 ) ) ;
#2012 = MECHANICAL_DESIGN_GEOMETRIC_PRESENTATION_REPRESENTATION (  '', ( #923 ), #400 ) ;
#2013 = LENGTH_MEASURE_WITH_UNIT ( LENGTH_MEASURE( 0.02539999999999999897 ), #2215 );
#2014 = EDGE_LOOP ( 'NONE', ( #476, #1729 ) ) ;
#2015 = AXIS2_PLACEMENT_3D ( 'NONE', #879, #1975, #3387 ) ;
#2016 = VERTEX_POINT ( 'NONE', #302 ) ;
#2017 = FACE_BOUND ( 'NONE', #975, .T. ) ;
#2018 = EDGE_LOOP ( 'NONE', ( #834, #117, #1946, #565 ) ) ;
#2019 = ORIENTED_EDGE ( 'NONE', *, *, #183, .T. ) ;
#2020 = CARTESIAN_POINT ( 'NONE',  ( 0.1653543307086614567, -0.003937007874015747977, 0.1023622047244094613 ) ) ;
#2021 = CARTESIAN_POINT ( 'NONE',  ( 0.1122047244094488277, 0.1299212598425196763, -0.1122047244094488277 ) ) ;
#2022 = FACE_OUTER_BOUND ( 'NONE', #2283, .T. ) ;
#2023 = FACE_OUTER_BOUND ( 'NONE', #156, .T. ) ;
#2024 = ORIENTED_EDGE ( 'NONE', *, *, #3248, .F. ) ;
#2025 = CYLINDRICAL_SURFACE ( 'NONE', #282, 0.02362204724409448092 ) ;
#2026 = EDGE_LOOP ( 'NONE', ( #217, #2264, #925, #794 ) ) ;
#2027 = EDGE_CURVE ( 'NONE', #1923, #1496, #841, .T. ) ;
#2028 = ORIENTED_EDGE ( 'NONE', *, *, #299, .T. ) ;
#2029 = VERTEX_POINT ( 'NONE', #597 ) ;
#2030 = ORIENTED_EDGE ( 'NONE', *, *, #3443, .F. ) ;
#2031 = DIRECTION ( 'NONE',  ( -1.000000000000000000, 0.000000000000000000, 0.000000000000000000 ) ) ;
#2032 = FACE_OUTER_BOUND ( 'NONE', #762, .T. ) ;
#2033 = DIRECTION ( 'NONE',  ( 0.000000000000000000, 0.000000000000000000, -1.000000000000000000 ) ) ;
#2034 = ORIENTED_EDGE ( 'NONE', *, *, #1826, .F. ) ;
#2035 = CARTESIAN_POINT ( 'NONE',  ( 0.1181102362204724532, 0.1377952755905511861, -0.1122047244094488277 ) ) ;
#2036 = EDGE_CURVE ( 'NONE', #590, #87, #2755, .T. ) ;
#2037 = CIRCLE ( 'NONE', #2506, 0.01574803149606299885 ) ;
#2038 = LINE ( 'NONE', #2615, #241 ) ;
#2039 = ORIENTED_EDGE ( 'NONE', *, *, #15, .F. ) ;
#2040 = LINE ( 'NONE', #701, #3162 ) ;
#2042 = ORIENTED_EDGE ( 'NONE', *, *, #2376, .T. ) ;
#2041 = CONICAL_SURFACE ( 'NONE', #957, 0.06496062992125985203, 0.03123983343026822540 ) ;
#2043 = DIRECTION ( 'NONE',  ( 0.000000000000000000, 0.000000000000000000, 1.000000000000000000 ) ) ;
#2044 = ADVANCED_FACE ( 'NONE', ( #877 ), #1701, .F. ) ;
#2045 = VECTOR ( 'NONE', #2195, 39.37007874015748143 ) ;
#2046 = ORIENTED_EDGE ( 'NONE', *, *, #2439, .T. ) ;
#2047 = ORIENTED_EDGE ( 'NONE', *, *, #1899, .T. ) ;
#2048 = LINE ( 'NONE', #2301, #669 ) ;
#2049 = CARTESIAN_POINT ( 'NONE',  ( 0.08858267716535433989, 0.1299212598425196763, -0.07283464566929134798 ) ) ;
#2050 = AXIS2_PLACEMENT_3D ( 'NONE', #1240, #904, #1497 ) ;
#2051 = DIRECTION ( 'NONE',  ( 1.000000000000000000, 0.000000000000000000, 0.000000000000000000 ) ) ;
#2052 = CYLINDRICAL_SURFACE ( 'NONE', #216, 0.01574803149606299191 ) ;
#2053 = EDGE_CURVE ( 'NONE', #2604, #1355, #1972, .T. ) ;
#2054 = VECTOR ( 'NONE', #2081, 39.37007874015748143 ) ;
#2055 = ORIENTED_EDGE ( 'NONE', *, *, #3100, .F. ) ;
#2056 = CIRCLE ( 'NONE', #2808, 0.02362204724409448092 ) ;
#2057 = CARTESIAN_POINT ( 'NONE',  ( 0.1122047244094488277, 0.1299212598425196763, 0.1122047244094488277 ) ) ;
#2058 = DIRECTION ( 'NONE',  ( 0.000000000000000000, -1.000000000000000000, 0.000000000000000000 ) ) ;
#2059 = AXIS2_PLACEMENT_3D ( 'NONE', #1324, #981, #1575 ) ;
#2060 = DIRECTION ( 'NONE',  ( 0.000000000000000000, 0.000000000000000000, 1.000000000000000000 ) ) ;
#2061 = ORIENTED_EDGE ( 'NONE', *, *, #1545, .T. ) ;
#2062 = EDGE_CURVE ( 'NONE', #2831, #2604, #1319, .T. ) ;
#2063 = DIRECTION ( 'NONE',  ( 0.000000000000000000, 0.000000000000000000, 1.000000000000000000 ) ) ;
#2064 = DIRECTION ( 'NONE',  ( 0.000000000000000000, 1.000000000000000000, 0.000000000000000000 ) ) ;
#2065 = AXIS2_PLACEMENT_3D ( 'NONE', #120, #2600, #1217 ) ;
#2066 = ORIENTED_EDGE ( 'NONE', *, *, #1862, .F. ) ;
#2067 = CARTESIAN_POINT ( 'NONE',  ( -0.1653543307086614567, 0.003937007874015747977, -0.07480314960629921850 ) ) ;
#2068 = AXIS2_PLACEMENT_3D ( 'NONE', #3172, #704, #2746 ) ;
#2069 = ORIENTED_EDGE ( 'NONE', *, *, #3514, .F. ) ;
#2070 = ORIENTED_EDGE ( 'NONE', *, *, #1621, .T. ) ;
#2071 = EDGE_CURVE ( 'NONE', #9, #130, #2466, .T. ) ;
#2072 = DIRECTION ( 'NONE',  ( 0.000000000000000000, -1.000000000000000000, 0.000000000000000000 ) ) ;
#2073 = LINE ( 'NONE', #1476, #1378 ) ;
#2074 = CARTESIAN_POINT ( 'NONE',  ( -0.08858267716535433989, 0.1299212598425196763, -0.08858267716535433989 ) ) ;
#2075 = EDGE_CURVE ( 'NONE', #741, #2181, #1402, .T. ) ;
#2076 = FILL_AREA_STYLE ('',( #983 ) ) ;
#2077 = CARTESIAN_POINT ( 'NONE',  ( 0.1122047244094488277, 0.1377952755905511861, 0.1181102362204724532 ) ) ;
#2078 = EDGE_CURVE ( 'NONE', #1674, #2831, #2493, .T. ) ;
#2079 = ORIENTED_EDGE ( 'NONE', *, *, #1665, .F. ) ;
#2080 = CARTESIAN_POINT ( 'NONE',  ( -0.08858267716535433989, 0.1456692913385826960, -0.06496062992125986590 ) ) ;
#2081 = DIRECTION ( 'NONE',  ( 0.000000000000000000, 0.000000000000000000, 1.000000000000000000 ) ) ;
#2082 = DIRECTION ( 'NONE',  ( 0.000000000000000000, 1.000000000000000000, 0.000000000000000000 ) ) ;
#2083 = VERTEX_POINT ( 'NONE', #542 ) ;
#2084 = DIRECTION ( 'NONE',  ( -0.000000000000000000, 1.000000000000000000, 0.000000000000000000 ) ) ;
#2085 = ORIENTED_EDGE ( 'NONE', *, *, #2687, .T. ) ;
#2086 = LENGTH_MEASURE_WITH_UNIT ( LENGTH_MEASURE( 0.02539999999999999897 ), #2937 );
#2087 = ORIENTED_EDGE ( 'NONE', *, *, #1686, .T. ) ;
#2088 = LINE ( 'NONE', #2976, #965 ) ;
#2089 = DIRECTION ( 'NONE',  ( -1.000000000000000000, 0.000000000000000000, 0.000000000000000000 ) ) ;
#2090 = EDGE_CURVE ( 'NONE', #1110, #1453, #3342, .T. ) ;
#2091 = CYLINDRICAL_SURFACE ( 'NONE', #570, 0.01574803149606299885 ) ;
#2092 = ADVANCED_FACE ( 'NONE', ( #1918 ), #66, .T. ) ;
#2093 = DIRECTION ( 'NONE',  ( 0.000000000000000000, 1.000000000000000000, 0.000000000000000000 ) ) ;
#2094 = DIRECTION ( 'NONE',  ( 0.000000000000000000, 0.000000000000000000, 1.000000000000000000 ) ) ;
#2095 = EDGE_LOOP ( 'NONE', ( #1503, #3533 ) ) ;
#2096 = FACE_OUTER_BOUND ( 'NONE', #1865, .T. ) ;
#2097 = DIRECTION ( 'NONE',  ( 1.000000000000000000, 0.000000000000000000, 0.000000000000000000 ) ) ;
#2098 = DIRECTION ( 'NONE',  ( 0.000000000000000000, 0.000000000000000000, 1.000000000000000000 ) ) ;
#2099 = VERTEX_POINT ( 'NONE', #809 ) ;
#2100 = CARTESIAN_POINT ( 'NONE',  ( 0.08858267716535433989, 0.1377952755905511861, -0.08858267716535433989 ) ) ;
#2101 = FACE_OUTER_BOUND ( 'NONE', #1272, .T. ) ;
#2102 = VERTEX_POINT ( 'NONE', #1384 ) ;
#2103 = EDGE_CURVE ( 'NONE', #354, #1982, #1323, .T. ) ;
#2104 = VECTOR ( 'NONE', #1542, 39.37007874015748143 ) ;
#2105 = ORIENTED_EDGE ( 'NONE', *, *, #34, .F. ) ;
#2106 = LINE ( 'NONE', #3215, #559 ) ;
#2107 = DIRECTION ( 'NONE',  ( 0.000000000000000000, 0.000000000000000000, -1.000000000000000000 ) ) ;
#2108 =( NAMED_UNIT ( * ) PLANE_ANGLE_UNIT ( ) SI_UNIT ( $, .RADIAN. ) );
#2109 = VECTOR ( 'NONE', #2140, 39.37007874015748143 ) ;
#2110 = CARTESIAN_POINT ( 'NONE',  ( 0.1496062992125984370, 0.03937007874015747977, 0.1023622047244094613 ) ) ;
#2111 = ORIENTED_EDGE ( 'NONE', *, *, #2734, .F. ) ;
#2112 = CARTESIAN_POINT ( 'NONE',  ( -0.08858267716535433989, 0.1299212598425196763, -0.08858267716535433989 ) ) ;
#2113 = CARTESIAN_POINT ( 'NONE',  ( 0.000000000000000000, 0.000000000000000000, 0.000000000000000000 ) ) ;
#2114 = DIRECTION ( 'NONE',  ( 0.000000000000000000, 0.000000000000000000, 1.000000000000000000 ) ) ;
#2115 = ADVANCED_FACE ( 'NONE', ( #564 ), #1673, .F. ) ;
#2116 = CIRCLE ( 'NONE', #2803, 0.003937007874015758385 ) ;
#2117 = VECTOR ( 'NONE', #2601, 39.37007874015748143 ) ;
#2118 = EDGE_LOOP ( 'NONE', ( #3456, #381 ) ) ;
#2119 = CARTESIAN_POINT ( 'NONE',  ( 0.1496062992125984370, 0.02755905511811023584, 0.1023622047244094613 ) ) ;
#2120 = CYLINDRICAL_SURFACE ( 'NONE', #915, 0.003937007874015758385 ) ;
#2121 = VERTEX_POINT ( 'NONE', #3318 ) ;
#2122 = CIRCLE ( 'NONE', #2647, 0.01574803149606299191 ) ;
#2123 = CIRCLE ( 'NONE', #2059, 0.01574803149606299191 ) ;
#2124 = CARTESIAN_POINT ( 'NONE',  ( 0.08858267716535433989, 0.1377952755905511861, -0.1043307086614173457 ) ) ;
#2125 = ADVANCED_FACE ( 'NONE', ( #1935 ), #2780, .T. ) ;
#2126 = AXIS2_PLACEMENT_3D ( 'NONE', #2718, #1869, #1368 ) ;
#2127 = EDGE_LOOP ( 'NONE', ( #494, #2079, #3133, #2042 ) ) ;
#2128 = CARTESIAN_POINT ( 'NONE',  ( 0.08858267716535433989, 0.1456692913385826960, -0.08858267716535433989 ) ) ;
#2129 = CARTESIAN_POINT ( 'NONE',  ( -0.08858267716535433989, 0.1456692913385826960, 0.06496062992125986590 ) ) ;
#2130 = PRESENTATION_LAYER_ASSIGNMENT (  '', '', ( #3351 ) ) ;
#2131 = CYLINDRICAL_SURFACE ( 'NONE', #2810, 0.01574803149606299191 ) ;
#2132 = VECTOR ( 'NONE', #3043, 39.37007874015748143 ) ;
#2133 = SURFACE_STYLE_USAGE ( .BOTH. , #225 ) ;
#2134 = DIRECTION ( 'NONE',  ( 0.000000000000000000, 0.000000000000000000, 1.000000000000000000 ) ) ;
#2135 = ORIENTED_EDGE ( 'NONE', *, *, #1233, .T. ) ;
#2136 = DIRECTION ( 'NONE',  ( 0.000000000000000000, 0.000000000000000000, -1.000000000000000000 ) ) ;
#2137 = DIRECTION ( 'NONE',  ( -1.000000000000000000, 0.000000000000000000, 0.000000000000000000 ) ) ;
#2138 = ORIENTED_EDGE ( 'NONE', *, *, #2826, .F. ) ;
#2139 = DIRECTION ( 'NONE',  ( 0.000000000000000000, -1.000000000000000000, 0.000000000000000000 ) ) ;
#2140 = DIRECTION ( 'NONE',  ( 0.000000000000000000, 0.000000000000000000, -1.000000000000000000 ) ) ;
#2141 = EDGE_LOOP ( 'NONE', ( #31, #3566, #2827, #3334 ) ) ;
#2142 = CARTESIAN_POINT ( 'NONE',  ( 0.08858267716535433989, 0.1377952755905511861, 0.08858267716535433989 ) ) ;
#2143 = EDGE_CURVE ( 'NONE', #1773, #3304, #691, .T. ) ;
#2144 = VERTEX_POINT ( 'NONE', #3091 ) ;
#2145 = ORIENTED_EDGE ( 'NONE', *, *, #2716, .F. ) ;
#2146 = PLANE ( 'NONE',  #3561 ) ;
#2147 = DIRECTION ( 'NONE',  ( -0.000000000000000000, -1.000000000000000000, -0.000000000000000000 ) ) ;
#2148 = LINE ( 'NONE', #3505, #2634 ) ;
#2149 = DIRECTION ( 'NONE',  ( 0.000000000000000000, 0.000000000000000000, 1.000000000000000000 ) ) ;
#2150 = DIRECTION ( 'NONE',  ( 0.000000000000000000, 0.000000000000000000, 1.000000000000000000 ) ) ;
#2151 = DIRECTION ( 'NONE',  ( 0.000000000000000000, 1.000000000000000000, 0.000000000000000000 ) ) ;
#2152 = VERTEX_POINT ( 'NONE', #2866 ) ;
#2153 = CARTESIAN_POINT ( 'NONE',  ( -0.1653543307086614567, -0.003937007874015747977, -0.07480314960629921850 ) ) ;
#2154 = DIRECTION ( 'NONE',  ( 1.000000000000000000, 0.000000000000000000, 0.000000000000000000 ) ) ;
#2155 = ORIENTED_EDGE ( 'NONE', *, *, #1446, .T. ) ;
#2156 = LINE ( 'NONE', #3268, #814 ) ;
#2157 = CARTESIAN_POINT ( 'NONE',  ( 0.1968503937007874127, -0.003937007874015747977, 0.1023622047244094613 ) ) ;
#2158 = EDGE_CURVE ( 'NONE', #2831, #2551, #377, .T. ) ;
#2159 = ORIENTED_EDGE ( 'NONE', *, *, #2709, .T. ) ;
#2160 = LINE ( 'NONE', #240, #3113 ) ;
#2161 = ORIENTED_EDGE ( 'NONE', *, *, #2172, .T. ) ;
#2162 = CYLINDRICAL_SURFACE ( 'NONE', #212, 0.01574803149606299885 ) ;
#2163 = CARTESIAN_POINT ( 'NONE',  ( 0.1181102362204724532, 0.03937007874015747977, 0.07480314960629921850 ) ) ;
#2164 = EDGE_CURVE ( 'NONE', #2871, #741, #2183, .T. ) ;
#2165 = AXIS2_PLACEMENT_3D ( 'NONE', #3068, #1967, #577 ) ;
#2166 = CARTESIAN_POINT ( 'NONE',  ( 0.1181102362204724532, 0.03149606299212598381, 0.1023622047244094613 ) ) ;
#2167 = AXIS2_PLACEMENT_3D ( 'NONE', #2711, #246, #2945 ) ;
#2168 = CARTESIAN_POINT ( 'NONE',  ( -0.1181102362204724532, 0.03937007874015747977, 0.07480314960629921850 ) ) ;
#2169 = CIRCLE ( 'NONE', #1087, 0.01181102362204724046 ) ;
#2170 = CARTESIAN_POINT ( 'NONE',  ( -0.1653543307086614567, 0.007874015748031495954, 0.07480314960629921850 ) ) ;
#2171 = ORIENTED_EDGE ( 'NONE', *, *, #154, .F. ) ;
#2172 = EDGE_CURVE ( 'NONE', #2232, #3255, #2702, .T. ) ;
#2173 = FACE_BOUND ( 'NONE', #1238, .T. ) ;
#2174 = AXIS2_PLACEMENT_3D ( 'NONE', #187, #2374, #2662 ) ;
#2175 = EDGE_LOOP ( 'NONE', ( #1008, #2680 ) ) ;
#2176 = FACE_OUTER_BOUND ( 'NONE', #1279, .T. ) ;
#2177 = VECTOR ( 'NONE', #64, 39.37007874015748143 ) ;
#2178 = LINE ( 'NONE', #1369, #1605 ) ;
#2179 = LINE ( 'NONE', #3236, #2765 ) ;
#2180 = ADVANCED_FACE ( 'NONE', ( #1464 ), #2592, .F. ) ;
#2181 = VERTEX_POINT ( 'NONE', #1736 ) ;
#2182 = CARTESIAN_POINT ( 'NONE',  ( 0.08858267716535433989, 0.1377952755905511861, -0.08858267716535433989 ) ) ;
#2183 = CIRCLE ( 'NONE', #865, 0.01181102362204724046 ) ;
#2184 = ORIENTED_EDGE ( 'NONE', *, *, #711, .F. ) ;
#2185 = CIRCLE ( 'NONE', #2704, 0.003937007874015741038 ) ;
#2186 = ADVANCED_FACE ( 'NONE', ( #2022 ), #2004, .T. ) ;
#2187 = CARTESIAN_POINT ( 'NONE',  ( 0.08858267716535433989, 0.1377952755905511861, -0.07283464566929134798 ) ) ;
#2188 = FACE_OUTER_BOUND ( 'NONE', #2194, .T. ) ;
#2189 = AXIS2_PLACEMENT_3D ( 'NONE', #1892, #2996, #534 ) ;
#2191 = ADVANCED_FACE ( 'NONE', ( #1720 ), #2288, .F. ) ;
#2190 = CARTESIAN_POINT ( 'NONE',  ( -0.1614173228346456879, 0.02755905511811023584, 0.1023622047244094613 ) ) ;
#2192 = AXIS2_PLACEMENT_3D ( 'NONE', #1672, #1650, #2766 ) ;
#2193 = CARTESIAN_POINT ( 'NONE',  ( -0.08858267716535433989, 0.1377952755905511861, -0.08858267716535433989 ) ) ;
#2194 = EDGE_LOOP ( 'NONE', ( #1182, #1281, #1472, #107, #777, #2327, #2740, #2691, #3509, #2578, #1928, #3441 ) ) ;
#2195 = DIRECTION ( 'NONE',  ( 0.000000000000000000, 0.000000000000000000, 1.000000000000000000 ) ) ;
#2196 = EDGE_CURVE ( 'NONE', #714, #1137, #1550, .T. ) ;
#2197 = VERTEX_POINT ( 'NONE', #92 ) ;
#2198 = CYLINDRICAL_SURFACE ( 'NONE', #2352, 0.003937007874015741038 ) ;
#2199 = DIRECTION ( 'NONE',  ( 0.000000000000000000, 1.000000000000000000, 0.000000000000000000 ) ) ;
#2200 = CARTESIAN_POINT ( 'NONE',  ( 0.08858267716535433989, 0.1377952755905511861, 0.08858267716535433989 ) ) ;
#2201 = ORIENTED_EDGE ( 'NONE', *, *, #1985, .F. ) ;
#2202 = DIRECTION ( 'NONE',  ( -1.000000000000000000, 0.000000000000000000, 0.000000000000000000 ) ) ;
#2203 = DIRECTION ( 'NONE',  ( 0.000000000000000000, 1.000000000000000000, 0.000000000000000000 ) ) ;
#2204 = CARTESIAN_POINT ( 'NONE',  ( -0.1614173228346456879, 0.02755905511811023584, -0.07480314960629921850 ) ) ;
#2205 = ADVANCED_FACE ( 'NONE', ( #1986 ), #3125, .T. ) ;
#2206 = ADVANCED_FACE ( 'NONE', ( #651 ), #2884, .F. ) ;
#2207 = CARTESIAN_POINT ( 'NONE',  ( 0.1614173228346456879, 0.02755905511811023584, -0.07480314960629921850 ) ) ;
#2208 = DIRECTION ( 'NONE',  ( 0.000000000000000000, 0.000000000000000000, 1.000000000000000000 ) ) ;
#2209 = ORIENTED_EDGE ( 'NONE', *, *, #1200, .T. ) ;
#2210 = FACE_OUTER_BOUND ( 'NONE', #658, .T. ) ;
#2211 = UNCERTAINTY_MEASURE_WITH_UNIT (LENGTH_MEASURE( 1.000000000000000082E-05 ), #2357, 'distance_accuracy_value', 'NONE');
#2212 = EDGE_CURVE ( 'NONE', #866, #2016, #416, .T. ) ;
#2213 = EDGE_LOOP ( 'NONE', ( #950, #948, #527, #35 ) ) ;
#2214 = LINE ( 'NONE', #2498, #2858 ) ;
#2215 =( LENGTH_UNIT ( ) NAMED_UNIT ( * ) SI_UNIT ( $, .METRE. ) );
#2216 = ORIENTED_EDGE ( 'NONE', *, *, #536, .T. ) ;
#2217 = CARTESIAN_POINT ( 'NONE',  ( -0.1535433070866141780, 0.007874015748031495954, 0.1023622047244094613 ) ) ;
#2218 = EDGE_CURVE ( 'NONE', #2083, #2224, #2347, .T. ) ;
#2219 = VERTEX_POINT ( 'NONE', #2255 ) ;
#2220 = DIRECTION ( 'NONE',  ( -1.000000000000000000, 0.000000000000000000, 0.000000000000000000 ) ) ;
#2221 = CARTESIAN_POINT ( 'NONE',  ( 0.08858267716535433989, 0.1456692913385826960, -0.1122047244094488277 ) ) ;
#2222 = DIRECTION ( 'NONE',  ( -1.734723475976804925E-15, 1.000000000000000000, 0.000000000000000000 ) ) ;
#2223 = CARTESIAN_POINT ( 'NONE',  ( 0.08858267716535433989, 0.1456692913385826960, -0.06496062992125986590 ) ) ;
#2224 = VERTEX_POINT ( 'NONE', #2303 ) ;
#2225 = CIRCLE ( 'NONE', #604, 0.01574803149606299885 ) ;
#2226 = LINE ( 'NONE', #2542, #1784 ) ;
#2227 = CIRCLE ( 'NONE', #666, 0.07283464566929134798 ) ;
#2228 = VERTEX_POINT ( 'NONE', #3368 ) ;
#2229 = EDGE_CURVE ( 'NONE', #297, #3015, #891, .T. ) ;
#2230 = DIRECTION ( 'NONE',  ( 0.000000000000000000, 0.000000000000000000, 1.000000000000000000 ) ) ;
#2231 = AXIS2_PLACEMENT_3D ( 'NONE', #867, #3065, #1181 ) ;
#2232 = VERTEX_POINT ( 'NONE', #1176 ) ;
#2233 = ORIENTED_EDGE ( 'NONE', *, *, #639, .T. ) ;
#2234 = VERTEX_POINT ( 'NONE', #3416 ) ;
#2235 = CIRCLE ( 'NONE', #384, 0.005905511811023620231 ) ;
#2236 = ADVANCED_FACE ( 'NONE', ( #2270 ), #2834, .T. ) ;
#2237 = VECTOR ( 'NONE', #859, 39.37007874015748143 ) ;
#2238 = CARTESIAN_POINT ( 'NONE',  ( -0.08858267716535433989, 0.1377952755905511861, 0.1043307086614173457 ) ) ;
#2239 = DIRECTION ( 'NONE',  ( 0.000000000000000000, -1.000000000000000000, 0.000000000000000000 ) ) ;
#2240 = AXIS2_PLACEMENT_3D ( 'NONE', #503, #3450, #709 ) ;
#2241 = AXIS2_PLACEMENT_3D ( 'NONE', #387, #1009, #2811 ) ;
#2242 = DIRECTION ( 'NONE',  ( 0.000000000000000000, -1.000000000000000000, 0.000000000000000000 ) ) ;
#2243 = DIRECTION ( 'NONE',  ( 0.000000000000000000, 1.000000000000000000, 0.000000000000000000 ) ) ;
#2244 = UNCERTAINTY_MEASURE_WITH_UNIT (LENGTH_MEASURE( 1.000000000000000082E-05 ), #1560, 'distance_accuracy_value', 'NONE');
#2245 = CIRCLE ( 'NONE', #2068, 0.01181102362204724046 ) ;
#2246 = ORIENTED_EDGE ( 'NONE', *, *, #1286, .F. ) ;
#2247 = CARTESIAN_POINT ( 'NONE',  ( 0.1653543307086614567, 0.007874015748031495954, 0.07480314960629921850 ) ) ;
#2248 = ORIENTED_EDGE ( 'NONE', *, *, #829, .T. ) ;
#2249 = LINE ( 'NONE', #2323, #272 ) ;
#2250 = EDGE_LOOP ( 'NONE', ( #2705, #1796, #1781, #3555 ) ) ;
#2251 = ADVANCED_FACE ( 'NONE', ( #3179 ), #2091, .F. ) ;
#2252 = LINE ( 'NONE', #2788, #61 ) ;
#2253 = CARTESIAN_POINT ( 'NONE',  ( 0.1653543307086614567, 0.007874015748031495954, -0.07480314960629921850 ) ) ;
#2254 = DIRECTION ( 'NONE',  ( 0.000000000000000000, 0.000000000000000000, 1.000000000000000000 ) ) ;
#2255 = CARTESIAN_POINT ( 'NONE',  ( 0.1181102362204724532, 0.1299212598425196763, 0.1122047244094488277 ) ) ;
#2256 = CARTESIAN_POINT ( 'NONE',  ( 0.08858267716535433989, 0.1377952755905511861, -0.08858267716535433989 ) ) ;
#2257 = CARTESIAN_POINT ( 'NONE',  ( -0.08858267716535433989, 0.1377952755905511861, -0.08858267716535433989 ) ) ;
#2258 = ORIENTED_EDGE ( 'NONE', *, *, #1218, .T. ) ;
#2259 = CARTESIAN_POINT ( 'NONE',  ( -0.1181102362204724532, 0.1377952755905511861, -0.1181102362204724532 ) ) ;
#2260 = PRESENTATION_STYLE_ASSIGNMENT (( #2545 ) ) ;
#2261 = ORIENTED_EDGE ( 'NONE', *, *, #2383, .F. ) ;
#2262 = ADVANCED_FACE ( 'NONE', ( #1861 ), #205, .T. ) ;
#2263 = LINE ( 'NONE', #176, #787 ) ;
#2264 = ORIENTED_EDGE ( 'NONE', *, *, #979, .F. ) ;
#2265 = DIRECTION ( 'NONE',  ( 0.000000000000000000, -1.000000000000000000, 0.000000000000000000 ) ) ;
#2266 = EDGE_LOOP ( 'NONE', ( #1840, #306, #3168, #1069, #1468, #1585, #2343, #1625, #3267, #2046, #2216, #3053 ) ) ;
#2267 = EDGE_CURVE ( 'NONE', #394, #705, #2123, .T. ) ;
#2268 = CARTESIAN_POINT ( 'NONE',  ( 0.1535433070866141780, 0.02755905511811023584, -0.1023622047244094613 ) ) ;
#2269 = DIRECTION ( 'NONE',  ( 0.000000000000000000, 0.000000000000000000, 1.000000000000000000 ) ) ;
#2270 = FACE_OUTER_BOUND ( 'NONE', #647, .T. ) ;
#2271 = DIRECTION ( 'NONE',  ( 0.000000000000000000, 1.000000000000000000, 0.000000000000000000 ) ) ;
#2272 = DIRECTION ( 'NONE',  ( 0.000000000000000000, 0.000000000000000000, 1.000000000000000000 ) ) ;
#2273 = ADVANCED_FACE ( 'NONE', ( #2960, #483 ), #2630, .F. ) ;
#2274 = CIRCLE ( 'NONE', #1937, 0.02362204724409448092 ) ;
#2275 = ORIENTED_EDGE ( 'NONE', *, *, #1252, .T. ) ;
#2276 = CARTESIAN_POINT ( 'NONE',  ( -0.1181102362204724532, 0.1377952755905511861, -0.1122047244094488277 ) ) ;
#2277 = COLOUR_RGB ( '',0.7921568627450980005, 0.8196078431372548767, 0.9333333333333333481 ) ;
#2278 = ORIENTED_EDGE ( 'NONE', *, *, #3301, .T. ) ;
#2279 = VERTEX_POINT ( 'NONE', #224 ) ;
#2280 = CIRCLE ( 'NONE', #1246, 0.02362204724409448092 ) ;
#2281 = FACE_BOUND ( 'NONE', #3425, .T. ) ;
#2282 = ORIENTED_EDGE ( 'NONE', *, *, #2229, .F. ) ;
#2283 = EDGE_LOOP ( 'NONE', ( #1149, #2298, #25, #1167 ) ) ;
#2284 = AXIS2_PLACEMENT_3D ( 'NONE', #397, #1498, #126 ) ;
#2285 = DIRECTION ( 'NONE',  ( 0.000000000000000000, -1.000000000000000000, 0.000000000000000000 ) ) ;
#2286 = DIRECTION ( 'NONE',  ( -8.673617379884038628E-15, 0.000000000000000000, 1.000000000000000000 ) ) ;
#2287 = CIRCLE ( 'NONE', #1950, 0.005905511811023620231 ) ;
#2288 = PLANE ( 'NONE',  #3107 ) ;
#2289 = CARTESIAN_POINT ( 'NONE',  ( -0.1181102362204724532, 0.03937007874015747977, -0.07480314960629921850 ) ) ;
#2290 = VECTOR ( 'NONE', #3139, 39.37007874015748143 ) ;
#2291 = ADVANCED_FACE ( 'NONE', ( #2377 ), #2131, .T. ) ;
#2292 = CIRCLE ( 'NONE', #5, 0.005905511811023620231 ) ;
#2293 = ORIENTED_EDGE ( 'NONE', *, *, #2989, .F. ) ;
#2294 = FACE_OUTER_BOUND ( 'NONE', #3135, .T. ) ;
#2295 = ADVANCED_FACE ( 'NONE', ( #2899 ), #2664, .F. ) ;
#2296 = ORIENTED_EDGE ( 'NONE', *, *, #2036, .T. ) ;
#2297 =( GEOMETRIC_REPRESENTATION_CONTEXT ( 3 ) GLOBAL_UNCERTAINTY_ASSIGNED_CONTEXT ( ( #1389 ) ) GLOBAL_UNIT_ASSIGNED_CONTEXT ( ( #1365, #209, #3025 ) ) REPRESENTATION_CONTEXT ( 'NONE', 'WORKASPACE' ) );
#2298 = ORIENTED_EDGE ( 'NONE', *, *, #1455, .F. ) ;
#2299 = ORIENTED_EDGE ( 'NONE', *, *, #1682, .F. ) ;
#2300 = EDGE_LOOP ( 'NONE', ( #2448, #2332, #1495, #744 ) ) ;
#2301 = CARTESIAN_POINT ( 'NONE',  ( -0.1653543307086614567, 0.003937007874015747977, 0.1023622047244094613 ) ) ;
#2302 = CARTESIAN_POINT ( 'NONE',  ( 0.1122047244094488277, 0.1299212598425196763, 0.1122047244094488277 ) ) ;
#2303 = CARTESIAN_POINT ( 'NONE',  ( 0.08858267716535433989, 0.1299212598425196763, 0.07283464566929134798 ) ) ;
#2304 = ADVANCED_FACE ( 'NONE', ( #453 ), #3486, .F. ) ;
#2305 = ORIENTED_EDGE ( 'NONE', *, *, #2468, .T. ) ;
#2306 = LINE ( 'NONE', #421, #2336 ) ;
#2307 = EDGE_CURVE ( 'NONE', #3325, #2894, #2995, .T. ) ;
#2308 = CARTESIAN_POINT ( 'NONE',  ( -0.08858267716535433989, 0.1299212598425196763, 0.07283464566929134798 ) ) ;
#2309 = VERTEX_POINT ( 'NONE', #1285 ) ;
#2310 = APPLICATION_CONTEXT ( 'automotive_design' ) ;
#2311 = DIRECTION ( 'NONE',  ( 0.000000000000000000, 1.000000000000000000, 0.000000000000000000 ) ) ;
#2312 = ORIENTED_EDGE ( 'NONE', *, *, #2229, .T. ) ;
#2313 = SURFACE_SIDE_STYLE ('',( #2857 ) ) ;
#2314 = EDGE_CURVE ( 'NONE', #3206, #354, #2148, .T. ) ;
#2315 = EDGE_LOOP ( 'NONE', ( #2731, #2860, #277, #2933, #3420, #446, #1563, #2723, #3394, #1931, #706, #630 ) ) ;
#2316 = ORIENTED_EDGE ( 'NONE', *, *, #1023, .T. ) ;
#2317 = LINE ( 'NONE', #1798, #1536 ) ;
#2318 = CARTESIAN_POINT ( 'NONE',  ( 0.1122047244094488277, 0.1299212598425196763, -0.1122047244094488277 ) ) ;
#2319 = DIRECTION ( 'NONE',  ( 0.000000000000000000, -1.000000000000000000, 0.000000000000000000 ) ) ;
#2320 = DIRECTION ( 'NONE',  ( 0.000000000000000000, 0.000000000000000000, 1.000000000000000000 ) ) ;
#2321 = EDGE_CURVE ( 'NONE', #2825, #3423, #469, .T. ) ;
#2322 = EDGE_LOOP ( 'NONE', ( #3238, #1692, #2843, #1342 ) ) ;
#2323 = CARTESIAN_POINT ( 'NONE',  ( 0.1181102362204724532, 0.000000000000000000, -0.1181102362204724532 ) ) ;
#2324 = CARTESIAN_POINT ( 'NONE',  ( 0.1496062992125984370, 0.03149606299212598381, -0.07480314960629921850 ) ) ;
#2325 = VECTOR ( 'NONE', #963, 39.37007874015748143 ) ;
#2326 = EDGE_CURVE ( 'NONE', #2825, #150, #1058, .T. ) ;
#2327 = ORIENTED_EDGE ( 'NONE', *, *, #1803, .T. ) ;
#2328 = DIRECTION ( 'NONE',  ( 0.000000000000000000, 0.000000000000000000, 1.000000000000000000 ) ) ;
#2329 = CARTESIAN_POINT ( 'NONE',  ( 0.08858267716535433989, 0.1377952755905511861, -0.08858267716535433989 ) ) ;
#2330 =( NAMED_UNIT ( * ) PLANE_ANGLE_UNIT ( ) SI_UNIT ( $, .RADIAN. ) );
#2331 = AXIS2_PLACEMENT_3D ( 'NONE', #3483, #1014, #1841 ) ;
#2332 = ORIENTED_EDGE ( 'NONE', *, *, #1551, .F. ) ;
#2333 = ORIENTED_EDGE ( 'NONE', *, *, #873, .F. ) ;
#2334 = DIRECTION ( 'NONE',  ( -1.000000000000000000, 0.000000000000000000, 0.000000000000000000 ) ) ;
#2335 = CARTESIAN_POINT ( 'NONE',  ( 0.08858267716535433989, 0.1299212598425196763, 0.08858267716535433989 ) ) ;
#2336 = VECTOR ( 'NONE', #2636, 39.37007874015748143 ) ;
#2337 = EDGE_CURVE ( 'NONE', #1541, #3145, #1038, .T. ) ;
#2338 = AXIS2_PLACEMENT_3D ( 'NONE', #210, #770, #1159 ) ;
#2339 = CARTESIAN_POINT ( 'NONE',  ( -0.1968503937007874127, -0.003937007874015747977, -0.1023622047244094613 ) ) ;
#2340 = CARTESIAN_POINT ( 'NONE',  ( 0.08858267716535433989, 0.1377952755905511861, 0.08858267716535433989 ) ) ;
#2341 = CIRCLE ( 'NONE', #2403, 0.01574803149606299191 ) ;
#2342 = FACE_OUTER_BOUND ( 'NONE', #1891, .T. ) ;
#2343 = ORIENTED_EDGE ( 'NONE', *, *, #2554, .F. ) ;
#2344 = VECTOR ( 'NONE', #1056, 39.37007874015748143 ) ;
#2345 = DIRECTION ( 'NONE',  ( 0.000000000000000000, -1.000000000000000000, 0.000000000000000000 ) ) ;
#2346 = DIRECTION ( 'NONE',  ( 0.000000000000000000, 0.000000000000000000, 1.000000000000000000 ) ) ;
#2347 = CIRCLE ( 'NONE', #168, 0.01574803149606299885 ) ;
#2348 = CARTESIAN_POINT ( 'NONE',  ( 0.1181102362204724532, 0.1377952755905511861, 0.1122047244094488277 ) ) ;
#2349 = ORIENTED_EDGE ( 'NONE', *, *, #3363, .T. ) ;
#2350 = CARTESIAN_POINT ( 'NONE',  ( 0.1496062992125984370, 0.03937007874015747977, 0.07480314960629921850 ) ) ;
#2351 = EDGE_CURVE ( 'NONE', #1566, #1358, #1900, .T. ) ;
#2352 = AXIS2_PLACEMENT_3D ( 'NONE', #514, #738, #757 ) ;
#2353 = ORIENTED_EDGE ( 'NONE', *, *, #3551, .T. ) ;
#2354 = AXIS2_PLACEMENT_3D ( 'NONE', #2397, #1805, #2690 ) ;
#2355 = VERTEX_POINT ( 'NONE', #1614 ) ;
#2356 = PLANE ( 'NONE',  #158 ) ;
#2357 =( CONVERSION_BASED_UNIT ( 'INCH', #244 ) LENGTH_UNIT ( ) NAMED_UNIT ( #2361 ) );
#2358 = EDGE_CURVE ( 'NONE', #2181, #2918, #1, .T. ) ;
#2359 = CARTESIAN_POINT ( 'NONE',  ( 0.1968503937007874127, -0.003937007874015747977, 0.07480314960629921850 ) ) ;
#2360 =( LENGTH_UNIT ( ) NAMED_UNIT ( * ) SI_UNIT ( $, .METRE. ) );
#2361 = DIMENSIONAL_EXPONENTS ( 1.000000000000000000, 0.000000000000000000, 0.000000000000000000, 0.000000000000000000, 0.000000000000000000, 0.000000000000000000, 0.000000000000000000 ) ;
#2362 = CARTESIAN_POINT ( 'NONE',  ( 0.08858267716535433989, 0.1299212598425196763, -0.1043307086614173457 ) ) ;
#2363 = DIRECTION ( 'NONE',  ( 0.000000000000000000, 1.000000000000000000, 0.000000000000000000 ) ) ;
#2364 = ORIENTED_EDGE ( 'NONE', *, *, #2938, .T. ) ;
#2365 = LINE ( 'NONE', #1521, #2325 ) ;
#2366 = DIRECTION ( 'NONE',  ( 1.000000000000000000, 0.000000000000000000, 0.000000000000000000 ) ) ;
#2367 = ORIENTED_EDGE ( 'NONE', *, *, #2687, .F. ) ;
#2368 = LINE ( 'NONE', #424, #3515 ) ;
#2369 = CARTESIAN_POINT ( 'NONE',  ( -0.1614173228346456879, 0.02755905511811023584, -0.1023622047244094613 ) ) ;
#2370 = ORIENTED_EDGE ( 'NONE', *, *, #1212, .T. ) ;
#2371 = FACE_OUTER_BOUND ( 'NONE', #2250, .T. ) ;
#2372 = EDGE_CURVE ( 'NONE', #2279, #2228, #169, .T. ) ;
#2373 = ORIENTED_EDGE ( 'NONE', *, *, #1166, .T. ) ;
#2374 = DIRECTION ( 'NONE',  ( 0.000000000000000000, 0.000000000000000000, -1.000000000000000000 ) ) ;
#2375 = DIRECTION ( 'NONE',  ( 0.000000000000000000, 0.000000000000000000, -1.000000000000000000 ) ) ;
#2376 = EDGE_CURVE ( 'NONE', #3256, #3141, #1017, .T. ) ;
#2377 = FACE_OUTER_BOUND ( 'NONE', #718, .T. ) ;
#2378 =( NAMED_UNIT ( * ) SI_UNIT ( $, .STERADIAN. ) SOLID_ANGLE_UNIT ( ) );
#2379 = FACE_OUTER_BOUND ( 'NONE', #1221, .T. ) ;
#2380 = ORIENTED_EDGE ( 'NONE', *, *, #2854, .T. ) ;
#2381 = LINE ( 'NONE', #2670, #2620 ) ;
#2382 = DIRECTION ( 'NONE',  ( 0.000000000000000000, 1.000000000000000000, 0.000000000000000000 ) ) ;
#2383 = EDGE_CURVE ( 'NONE', #3115, #3174, #1901, .T. ) ;
#2384 = ORIENTED_EDGE ( 'NONE', *, *, #233, .T. ) ;
#2385 = DIRECTION ( 'NONE',  ( 1.000000000000000000, 0.000000000000000000, 0.000000000000000000 ) ) ;
#2386 = PLANE ( 'NONE',  #3048 ) ;
#2387 = ORIENTED_EDGE ( 'NONE', *, *, #2683, .F. ) ;
#2388 = DIRECTION ( 'NONE',  ( -1.000000000000000000, 0.000000000000000000, 7.228014483236699514E-17 ) ) ;
#2389 = ORIENTED_EDGE ( 'NONE', *, *, #546, .T. ) ;
#2390 = VERTEX_POINT ( 'NONE', #2776 ) ;
#2391 = DIRECTION ( 'NONE',  ( 1.734723475976804925E-15, -1.000000000000000000, 0.000000000000000000 ) ) ;
#2392 = CARTESIAN_POINT ( 'NONE',  ( -0.08858267716535433989, 0.1456692913385826960, 0.08858267716535433989 ) ) ;
#2393 = AXIS2_PLACEMENT_3D ( 'NONE', #2256, #2005, #617 ) ;
#2394 = DIRECTION ( 'NONE',  ( 0.000000000000000000, -1.000000000000000000, 0.000000000000000000 ) ) ;
#2395 = CIRCLE ( 'NONE', #2855, 0.003937007874015758385 ) ;
#2396 = AXIS2_PLACEMENT_3D ( 'NONE', #1963, #1977, #2800 ) ;
#2397 = CARTESIAN_POINT ( 'NONE',  ( -0.1122047244094488277, 0.1299212598425196763, -0.1122047244094488277 ) ) ;
#2398 = ORIENTED_EDGE ( 'NONE', *, *, #1077, .T. ) ;
#2399 = DIRECTION ( 'NONE',  ( 0.000000000000000000, 0.000000000000000000, -1.000000000000000000 ) ) ;
#2400 = CARTESIAN_POINT ( 'NONE',  ( 0.08858267716535433989, 0.1823374350353732243, -0.07283464566929134798 ) ) ;
#2401 = AXIS2_PLACEMENT_3D ( 'NONE', #789, #595, #3088 ) ;
#2402 = EDGE_CURVE ( 'NONE', #2152, #944, #312, .T. ) ;
#2403 = AXIS2_PLACEMENT_3D ( 'NONE', #2329, #2064, #2406 ) ;
#2404 = VERTEX_POINT ( 'NONE', #2474 ) ;
#2405 = CARTESIAN_POINT ( 'NONE',  ( -0.1181102362204724532, 0.03937007874015747977, 0.1023622047244094613 ) ) ;
#2406 = DIRECTION ( 'NONE',  ( 0.000000000000000000, 0.000000000000000000, 1.000000000000000000 ) ) ;
#2407 = ORIENTED_EDGE ( 'NONE', *, *, #2158, .T. ) ;
#2408 = VECTOR ( 'NONE', #345, 39.37007874015748143 ) ;
#2409 = AXIS2_PLACEMENT_3D ( 'NONE', #78, #958, #1500 ) ;
#2410 = FILL_AREA_STYLE ('',( #1608 ) ) ;
#2411 = EDGE_LOOP ( 'NONE', ( #1030, #1169, #3175, #3017 ) ) ;
#2412 = AXIS2_PLACEMENT_3D ( 'NONE', #3146, #678, #2063 ) ;
#2413 = VERTEX_POINT ( 'NONE', #1951 ) ;
#2414 = DIRECTION ( 'NONE',  ( 0.000000000000000000, 0.000000000000000000, -1.000000000000000000 ) ) ;
#2415 = CARTESIAN_POINT ( 'NONE',  ( -0.1181102362204724532, 0.1299212598425196763, -0.1181102362204724532 ) ) ;
#2416 = AXIS2_PLACEMENT_3D ( 'NONE', #795, #495, #2444 ) ;
#2417 = CARTESIAN_POINT ( 'NONE',  ( 0.08858267716535433989, 0.1823374350353732243, 0.08858267716535433989 ) ) ;
#2418 = EDGE_CURVE ( 'NONE', #3423, #242, #3003, .T. ) ;
#2419 = CARTESIAN_POINT ( 'NONE',  ( -0.1181102362204724532, 0.03149606299212598381, -0.1023622047244094613 ) ) ;
#2420 = CARTESIAN_POINT ( 'NONE',  ( -0.08858267716535433989, 0.1299212598425196763, -0.1043307086614173457 ) ) ;
#2421 = ORIENTED_EDGE ( 'NONE', *, *, #2917, .F. ) ;
#2422 = LINE ( 'NONE', #267, #608 ) ;
#2423 = DIRECTION ( 'NONE',  ( 0.000000000000000000, -1.000000000000000000, 0.000000000000000000 ) ) ;
#2424 = VERTEX_POINT ( 'NONE', #2238 ) ;
#2425 = EDGE_CURVE ( 'NONE', #2413, #2279, #281, .T. ) ;
#2426 = FACE_OUTER_BOUND ( 'NONE', #2018, .T. ) ;
#2427 = LINE ( 'NONE', #3535, #3390 ) ;
#2428 = ORIENTED_EDGE ( 'NONE', *, *, #1826, .T. ) ;
#2429 = ORIENTED_EDGE ( 'NONE', *, *, #1057, .T. ) ;
#2430 = EDGE_LOOP ( 'NONE', ( #138, #962, #2070, #1374 ) ) ;
#2431 = DIRECTION ( 'NONE',  ( 0.000000000000000000, -1.000000000000000000, 0.000000000000000000 ) ) ;
#2432 =( NAMED_UNIT ( * ) SI_UNIT ( $, .STERADIAN. ) SOLID_ANGLE_UNIT ( ) );
#2433 = DIRECTION ( 'NONE',  ( 0.000000000000000000, 0.000000000000000000, 1.000000000000000000 ) ) ;
#2434 = LENGTH_MEASURE_WITH_UNIT ( LENGTH_MEASURE( 0.02539999999999999897 ), #1632 );
#2435 = DIRECTION ( 'NONE',  ( -1.000000000000000000, 0.000000000000000000, 0.000000000000000000 ) ) ;
#2436 = CARTESIAN_POINT ( 'NONE',  ( -0.1653543307086614567, -0.003937007874015747977, 0.1023622047244094613 ) ) ;
#2437 = VERTEX_POINT ( 'NONE', #2187 ) ;
#2438 = LINE ( 'NONE', #2781, #3143 ) ;
#2439 = EDGE_CURVE ( 'NONE', #1744, #3256, #2929, .T. ) ;
#2440 = ORIENTED_EDGE ( 'NONE', *, *, #502, .F. ) ;
#2441 = CARTESIAN_POINT ( 'NONE',  ( -0.1535433070866141780, 0.007874015748031495954, 0.1023622047244094613 ) ) ;
#2442 = CARTESIAN_POINT ( 'NONE',  ( -0.1968503937007874127, -0.003937007874015747977, -0.07480314960629921850 ) ) ;
#2443 = ORIENTED_EDGE ( 'NONE', *, *, #2376, .F. ) ;
#2444 = DIRECTION ( 'NONE',  ( 0.000000000000000000, 0.000000000000000000, 1.000000000000000000 ) ) ;
#2445 = EDGE_CURVE ( 'NONE', #2587, #2674, #2576, .T. ) ;
#2446 = ORIENTED_EDGE ( 'NONE', *, *, #140, .T. ) ;
#2447 = ORIENTED_EDGE ( 'NONE', *, *, #1301, .T. ) ;
#2448 = ORIENTED_EDGE ( 'NONE', *, *, #2683, .T. ) ;
#2449 = ADVANCED_FACE ( 'NONE', ( #1111 ), #1139, .T. ) ;
#2450 = CLOSED_SHELL ( 'NONE', ( #2044, #3178, #523, #2652, #2115, #2539, #11, #2295, #426, #2251, #274, #3471, #2724, #853, #3005, #1377, #1148, #1437, #1649, #311 ) ) ;
#2451 = CARTESIAN_POINT ( 'NONE',  ( -0.1181102362204724532, 0.000000000000000000, -0.1181102362204724532 ) ) ;
#2452 = EDGE_CURVE ( 'NONE', #1164, #497, #3542, .T. ) ;
#2453 = VECTOR ( 'NONE', #504, 39.37007874015748143 ) ;
#2454 = CARTESIAN_POINT ( 'NONE',  ( 0.08858267716535433989, 0.1299212598425196763, -0.08858267716535433989 ) ) ;
#2455 = AXIS2_PLACEMENT_3D ( 'NONE', #3196, #1059, #2149 ) ;
#2456 = DIRECTION ( 'NONE',  ( 1.000000000000000000, 0.000000000000000000, 0.000000000000000000 ) ) ;
#2457 = VERTEX_POINT ( 'NONE', #3328 ) ;
#2458 = DIRECTION ( 'NONE',  ( 0.000000000000000000, 1.000000000000000000, 0.000000000000000000 ) ) ;
#2459 = PRODUCT_DEFINITION_CONTEXT ( 'detailed design', #2310, 'design' ) ;
#2460 = CIRCLE ( 'NONE', #1945, 0.01574803149606299885 ) ;
#2461 = EDGE_LOOP ( 'NONE', ( #721, #448 ) ) ;
#2462 = CARTESIAN_POINT ( 'NONE',  ( -0.1181102362204724532, 0.1299212598425196763, 0.1122047244094488277 ) ) ;
#2463 = AXIS2_PLACEMENT_3D ( 'NONE', #2335, #2833, #2864 ) ;
#2464 = CARTESIAN_POINT ( 'NONE',  ( 0.1614173228346456879, 0.007874015748031495954, -0.1023622047244094613 ) ) ;
#2465 = CYLINDRICAL_SURFACE ( 'NONE', #1268, 0.01181102362204725781 ) ;
#2466 = CIRCLE ( 'NONE', #2572, 0.01574803149606299191 ) ;
#2467 = ORIENTED_EDGE ( 'NONE', *, *, #3359, .T. ) ;
#2468 = EDGE_CURVE ( 'NONE', #1644, #1093, #522, .T. ) ;
#2469 = CARTESIAN_POINT ( 'NONE',  ( -0.1653543307086614567, 0.007874015748031495954, -0.1023622047244094613 ) ) ;
#2470 = VECTOR ( 'NONE', #3278, 39.37007874015748143 ) ;
#2471 = ORIENTED_EDGE ( 'NONE', *, *, #233, .F. ) ;
#2472 = PRODUCT_DEFINITION_FORMATION_WITH_SPECIFIED_SOURCE ( 'ANY', '', #116, .NOT_KNOWN. ) ;
#2473 = AXIS2_PLACEMENT_3D ( 'NONE', #1330, #767, #2632 ) ;
#2474 = CARTESIAN_POINT ( 'NONE',  ( -0.1968503937007874127, -0.003937007874015747977, 0.1023622047244094613 ) ) ;
#2475 = EDGE_CURVE ( 'NONE', #1795, #1553, #581, .T. ) ;
#2476 = CARTESIAN_POINT ( 'NONE',  ( -0.1653543307086614567, -0.003937007874015747977, -0.1023622047244094613 ) ) ;
#2477 = VECTOR ( 'NONE', #1061, 39.37007874015748143 ) ;
#2478 = DIRECTION ( 'NONE',  ( -0.000000000000000000, -1.000000000000000000, -0.000000000000000000 ) ) ;
#2479 = AXIS2_PLACEMENT_3D ( 'NONE', #80, #637, #1703 ) ;
#2480 = DIRECTION ( 'NONE',  ( 0.000000000000000000, 0.000000000000000000, 1.000000000000000000 ) ) ;
#2481 = ORIENTED_EDGE ( 'NONE', *, *, #1570, .T. ) ;
#2482 = DIRECTION ( 'NONE',  ( -1.734723475976804925E-15, -1.000000000000000000, 0.000000000000000000 ) ) ;
#2483 = ORIENTED_EDGE ( 'NONE', *, *, #2594, .F. ) ;
#2484 = DIRECTION ( 'NONE',  ( 0.000000000000000000, -1.000000000000000000, 0.000000000000000000 ) ) ;
#2485 = DIRECTION ( 'NONE',  ( 0.000000000000000000, -1.000000000000000000, 0.000000000000000000 ) ) ;
#2486 = EDGE_LOOP ( 'NONE', ( #1180, #3229 ) ) ;
#2487 = DIRECTION ( 'NONE',  ( 0.000000000000000000, 1.000000000000000000, 0.000000000000000000 ) ) ;
#2488 = ORIENTED_EDGE ( 'NONE', *, *, #1325, .T. ) ;
#2489 = LINE ( 'NONE', #3299, #3228 ) ;
#2490 = DIRECTION ( 'NONE',  ( 0.000000000000000000, 0.000000000000000000, 1.000000000000000000 ) ) ;
#2491 = CARTESIAN_POINT ( 'NONE',  ( -0.1614173228346456879, 0.02755905511811023584, 0.1023622047244094613 ) ) ;
#2492 = EDGE_CURVE ( 'NONE', #791, #3032, #3071, .T. ) ;
#2493 = LINE ( 'NONE', #1635, #1611 ) ;
#2494 = ORIENTED_EDGE ( 'NONE', *, *, #39, .T. ) ;
#2495 = PLANE ( 'NONE',  #2684 ) ;
#2496 = CARTESIAN_POINT ( 'NONE',  ( -0.1535433070866141780, 0.007874015748031495954, -0.07480314960629921850 ) ) ;
#2497 = VERTEX_POINT ( 'NONE', #2727 ) ;
#2498 = CARTESIAN_POINT ( 'NONE',  ( -0.1181102362204724532, 0.1299212598425196763, 0.1181102362204724532 ) ) ;
#2499 = EDGE_CURVE ( 'NONE', #1062, #1453, #1361, .T. ) ;
#2500 = VERTEX_POINT ( 'NONE', #837 ) ;
#2501 = DIRECTION ( 'NONE',  ( 0.000000000000000000, -1.000000000000000000, 0.000000000000000000 ) ) ;
#2502 = EDGE_LOOP ( 'NONE', ( #2333, #2534, #1754, #519 ) ) ;
#2503 = CARTESIAN_POINT ( 'NONE',  ( 0.1653543307086614567, -0.003937007874015747977, 0.07480314960629921850 ) ) ;
#2504 = CARTESIAN_POINT ( 'NONE',  ( -0.08858267716535433989, 0.1823374350353732243, -0.07283464566929134798 ) ) ;
#2505 = CYLINDRICAL_SURFACE ( 'NONE', #1143, 0.005905511811023620231 ) ;
#2506 = AXIS2_PLACEMENT_3D ( 'NONE', #1564, #2458, #753 ) ;
#2507 = FACE_OUTER_BOUND ( 'NONE', #2213, .T. ) ;
#2508 = FACE_BOUND ( 'NONE', #465, .T. ) ;
#2509 = AXIS2_PLACEMENT_3D ( 'NONE', #2268, #3380, #2000 ) ;
#2510 = VERTEX_POINT ( 'NONE', #1096 ) ;
#2511 = CARTESIAN_POINT ( 'NONE',  ( 0.000000000000000000, 0.1299212598425196763, 0.000000000000000000 ) ) ;
#2512 = EDGE_CURVE ( 'NONE', #1541, #2099, #2489, .T. ) ;
#2513 = VECTOR ( 'NONE', #143, 39.37007874015748143 ) ;
#2514 = AXIS2_PLACEMENT_3D ( 'NONE', #382, #1726, #3389 ) ;
#2515 = ORIENTED_EDGE ( 'NONE', *, *, #533, .F. ) ;
#2516 = LINE ( 'NONE', #603, #2908 ) ;
#2517 = VERTEX_POINT ( 'NONE', #26 ) ;
#2518 = COLOUR_RGB ( '',0.7921568627450980005, 0.8196078431372548767, 0.9333333333333333481 ) ;
#2519 = CARTESIAN_POINT ( 'NONE',  ( 0.1535433070866141780, 0.007874015748031495954, 0.07480314960629921850 ) ) ;
#2520 = FACE_OUTER_BOUND ( 'NONE', #1646, .T. ) ;
#2521 = DIRECTION ( 'NONE',  ( 0.000000000000000000, 1.000000000000000000, 0.000000000000000000 ) ) ;
#2522 = AXIS2_PLACEMENT_3D ( 'NONE', #1905, #265, #2208 ) ;
#2523 = DIRECTION ( 'NONE',  ( 1.000000000000000000, 0.000000000000000000, 0.000000000000000000 ) ) ;
#2524 = CIRCLE ( 'NONE', #2577, 0.003937007874015741038 ) ;
#2525 = FACE_OUTER_BOUND ( 'NONE', #2315, .T. ) ;
#2526 = CARTESIAN_POINT ( 'NONE',  ( 0.1653543307086614567, 0.003937007874015747977, 0.07480314960629921850 ) ) ;
#2527 = EDGE_CURVE ( 'NONE', #996, #3032, #823, .T. ) ;
#2528 = AXIS2_PLACEMENT_3D ( 'NONE', #682, #2622, #122 ) ;
#2529 = ORIENTED_EDGE ( 'NONE', *, *, #2075, .F. ) ;
#2530 = CARTESIAN_POINT ( 'NONE',  ( 0.08858267716535433989, 0.1377952755905511861, 0.08858267716535433989 ) ) ;
#2531 = EDGE_CURVE ( 'NONE', #932, #2144, #1647, .T. ) ;
#2532 = ORIENTED_EDGE ( 'NONE', *, *, #1091, .T. ) ;
#2533 = LINE ( 'NONE', #3103, #2104 ) ;
#2534 = ORIENTED_EDGE ( 'NONE', *, *, #2701, .F. ) ;
#2535 = DIRECTION ( 'NONE',  ( -0.000000000000000000, 1.000000000000000000, 0.000000000000000000 ) ) ;
#2536 = ORIENTED_EDGE ( 'NONE', *, *, #3391, .F. ) ;
#2537 = DIRECTION ( 'NONE',  ( -1.000000000000000000, 0.000000000000000000, 0.000000000000000000 ) ) ;
#2538 = CARTESIAN_POINT ( 'NONE',  ( 0.000000000000000000, 0.2559055118110236671, 0.000000000000000000 ) ) ;
#2539 = ADVANCED_FACE ( 'NONE', ( #12 ), #3035, .F. ) ;
#2540 = CARTESIAN_POINT ( 'NONE',  ( 0.1653543307086614567, 0.007874015748031495954, -0.1023622047244094613 ) ) ;
#2541 = DIRECTION ( 'NONE',  ( 0.000000000000000000, 1.000000000000000000, 0.000000000000000000 ) ) ;
#2542 = CARTESIAN_POINT ( 'NONE',  ( 0.08858267716535433989, 0.1823374350353732243, 0.1043307086614173457 ) ) ;
#2543 = ORIENTED_EDGE ( 'NONE', *, *, #1431, .T. ) ;
#2544 = CARTESIAN_POINT ( 'NONE',  ( -0.1535433070866141780, 0.02755905511811023584, 0.1023622047244094613 ) ) ;
#2545 = SURFACE_STYLE_USAGE ( .BOTH. , #1643 ) ;
#2546 = VERTEX_POINT ( 'NONE', #3085 ) ;
#2547 = ORIENTED_EDGE ( 'NONE', *, *, #2337, .F. ) ;
#2548 = EDGE_CURVE ( 'NONE', #851, #3464, #2368, .T. ) ;
#2549 = CYLINDRICAL_SURFACE ( 'NONE', #1680, 0.01574803149606299191 ) ;
#2550 = ORIENTED_EDGE ( 'NONE', *, *, #2734, .T. ) ;
#2551 = VERTEX_POINT ( 'NONE', #2350 ) ;
#2552 = FACE_OUTER_BOUND ( 'NONE', #1525, .T. ) ;
#2553 = DIRECTION ( 'NONE',  ( 0.000000000000000000, 0.000000000000000000, -1.000000000000000000 ) ) ;
#2554 = EDGE_CURVE ( 'NONE', #1644, #2742, #2252, .T. ) ;
#2555 = CARTESIAN_POINT ( 'NONE',  ( 0.1653543307086614567, 0.003937007874015747977, 0.1023622047244094613 ) ) ;
#2556 = EDGE_CURVE ( 'NONE', #3086, #1403, #690, .T. ) ;
#2557 = DIRECTION ( 'NONE',  ( 0.000000000000000000, 0.000000000000000000, 1.000000000000000000 ) ) ;
#2558 = AXIS2_PLACEMENT_3D ( 'NONE', #309, #2741, #1408 ) ;
#2559 = ORIENTED_EDGE ( 'NONE', *, *, #2402, .T. ) ;
#2560 = FACE_BOUND ( 'NONE', #3104, .T. ) ;
#2561 = STYLED_ITEM ( 'NONE', ( #94 ), #606 ) ;
#2562 = ORIENTED_EDGE ( 'NONE', *, *, #1834, .F. ) ;
#2563 = DIMENSIONAL_EXPONENTS ( 1.000000000000000000, 0.000000000000000000, 0.000000000000000000, 0.000000000000000000, 0.000000000000000000, 0.000000000000000000, 0.000000000000000000 ) ;
#2564 = VERTEX_POINT ( 'NONE', #2911 ) ;
#2565 = VECTOR ( 'NONE', #3501, 39.37007874015748143 ) ;
#2566 = EDGE_CURVE ( 'NONE', #1054, #1470, #327, .T. ) ;
#2567 = ORIENTED_EDGE ( 'NONE', *, *, #2372, .T. ) ;
#2568 = ORIENTED_EDGE ( 'NONE', *, *, #1621, .F. ) ;
#2569 = CIRCLE ( 'NONE', #801, 0.02362204724409448092 ) ;
#2570 = FACE_OUTER_BOUND ( 'NONE', #1090, .T. ) ;
#2571 = DIRECTION ( 'NONE',  ( 0.000000000000000000, 0.000000000000000000, 1.000000000000000000 ) ) ;
#2572 = AXIS2_PLACEMENT_3D ( 'NONE', #2793, #1432, #2480 ) ;
#2573 = ADVANCED_FACE ( 'NONE', ( #2618 ), #1526, .T. ) ;
#2574 = DIRECTION ( 'NONE',  ( 0.000000000000000000, 0.000000000000000000, 1.000000000000000000 ) ) ;
#2575 = AXIS2_PLACEMENT_3D ( 'NONE', #655, #2852, #1546 ) ;
#2576 = CIRCLE ( 'NONE', #3397, 0.02362204724409448092 ) ;
#2577 = AXIS2_PLACEMENT_3D ( 'NONE', #2119, #236, #2657 ) ;
#2578 = ORIENTED_EDGE ( 'NONE', *, *, #1065, .T. ) ;
#2579 = CARTESIAN_POINT ( 'NONE',  ( 0.1614173228346456879, 0.007874015748031495954, 0.1023622047244094613 ) ) ;
#2580 = VECTOR ( 'NONE', #390, 39.37007874015748143 ) ;
#2581 = EDGE_CURVE ( 'NONE', #1219, #1644, #719, .T. ) ;
#2582 = DIRECTION ( 'NONE',  ( 0.000000000000000000, 0.000000000000000000, 1.000000000000000000 ) ) ;
#2583 = VERTEX_POINT ( 'NONE', #2584 ) ;
#2584 = CARTESIAN_POINT ( 'NONE',  ( 0.1535433070866141780, 0.02755905511811023584, -0.1023622047244094613 ) ) ;
#2585 = AXIS2_PLACEMENT_3D ( 'NONE', #699, #1753, #2598 ) ;
#2586 = ORIENTED_EDGE ( 'NONE', *, *, #2760, .F. ) ;
#2587 = VERTEX_POINT ( 'NONE', #2892 ) ;
#2588 = EDGE_LOOP ( 'NONE', ( #1756, #2111, #1310, #2447 ) ) ;
#2589 = DIRECTION ( 'NONE',  ( 1.734723475976804925E-15, -1.000000000000000000, 0.000000000000000000 ) ) ;
#2590 = CARTESIAN_POINT ( 'NONE',  ( 0.1181102362204724532, 0.1299212598425196763, 0.1122047244094488277 ) ) ;
#2591 = EDGE_CURVE ( 'NONE', #1483, #436, #3169, .T. ) ;
#2592 = PLANE ( 'NONE',  #393 ) ;
#2593 = DIRECTION ( 'NONE',  ( 0.000000000000000000, 1.000000000000000000, 0.000000000000000000 ) ) ;
#2594 = EDGE_CURVE ( 'NONE', #2660, #3015, #2870, .T. ) ;
#2595 = ORIENTED_EDGE ( 'NONE', *, *, #398, .F. ) ;
#2596 = LINE ( 'NONE', #1249, #898 ) ;
#2597 = CARTESIAN_POINT ( 'NONE',  ( -0.08858267716535433989, 0.1299212598425196763, 0.08858267716535433989 ) ) ;
#2598 = DIRECTION ( 'NONE',  ( 0.000000000000000000, 0.000000000000000000, 1.000000000000000000 ) ) ;
#2599 = ORIENTED_EDGE ( 'NONE', *, *, #3027, .F. ) ;
#2600 = DIRECTION ( 'NONE',  ( 0.000000000000000000, -1.000000000000000000, 0.000000000000000000 ) ) ;
#2601 = DIRECTION ( 'NONE',  ( 0.000000000000000000, -1.000000000000000000, 0.000000000000000000 ) ) ;
#2602 = EDGE_CURVE ( 'NONE', #2700, #2404, #2040, .T. ) ;
#2603 = ORIENTED_EDGE ( 'NONE', *, *, #1286, .T. ) ;
#2604 = VERTEX_POINT ( 'NONE', #181 ) ;
#2605 = ORIENTED_EDGE ( 'NONE', *, *, #2531, .F. ) ;
#2606 = CARTESIAN_POINT ( 'NONE',  ( 0.1535433070866141780, 0.02755905511811023584, -0.07480314960629921850 ) ) ;
#2607 = LINE ( 'NONE', #978, #1430 ) ;
#2608 = DIRECTION ( 'NONE',  ( 0.000000000000000000, 1.000000000000000000, 0.000000000000000000 ) ) ;
#2609 = DIRECTION ( 'NONE',  ( 0.000000000000000000, -1.000000000000000000, 0.000000000000000000 ) ) ;
#2610 = LINE ( 'NONE', #2077, #10 ) ;
#2611 = EDGE_LOOP ( 'NONE', ( #1627, #2543, #3388, #1711 ) ) ;
#2612 = DIRECTION ( 'NONE',  ( 1.000000000000000000, 0.000000000000000000, 0.000000000000000000 ) ) ;
#2613 = CARTESIAN_POINT ( 'NONE',  ( -0.1968503937007874127, -0.003937007874015747977, 0.07480314960629921850 ) ) ;
#2614 = VECTOR ( 'NONE', #1768, 39.37007874015748143 ) ;
#2615 = CARTESIAN_POINT ( 'NONE',  ( 0.000000000000000000, 0.2559055118110236671, -0.06496062992125985203 ) ) ;
#2616 = ORIENTED_EDGE ( 'NONE', *, *, #3473, .T. ) ;
#2617 = ADVANCED_FACE ( 'NONE', ( #1697, #1426 ), #1714, .F. ) ;
#2618 = FACE_OUTER_BOUND ( 'NONE', #360, .T. ) ;
#2619 = DIRECTION ( 'NONE',  ( -1.000000000000000000, 1.016439536705159791E-16, 0.000000000000000000 ) ) ;
#2621 = ORIENTED_EDGE ( 'NONE', *, *, #1401, .T. ) ;
#2620 = VECTOR ( 'NONE', #2714, 39.37007874015748143 ) ;
#2622 = DIRECTION ( 'NONE',  ( 0.000000000000000000, 1.000000000000000000, 0.000000000000000000 ) ) ;
#2623 = VECTOR ( 'NONE', #2285, 39.37007874015748143 ) ;
#2624 = ORIENTED_EDGE ( 'NONE', *, *, #796, .T. ) ;
#2625 = VERTEX_POINT ( 'NONE', #1774 ) ;
#2626 = DIRECTION ( 'NONE',  ( 0.000000000000000000, 0.000000000000000000, -1.000000000000000000 ) ) ;
#2627 = CYLINDRICAL_SURFACE ( 'NONE', #3158, 0.02362204724409448092 ) ;
#2628 = AXIS2_PLACEMENT_3D ( 'NONE', #832, #1925, #1392 ) ;
#2629 = VECTOR ( 'NONE', #2931, 39.37007874015748143 ) ;
#2630 = PLANE ( 'NONE',  #1838 ) ;
#2631 = DIRECTION ( 'NONE',  ( 1.000000000000000000, 0.000000000000000000, 0.000000000000000000 ) ) ;
#2632 = DIRECTION ( 'NONE',  ( 0.000000000000000000, 0.000000000000000000, 1.000000000000000000 ) ) ;
#2633 = ORIENTED_EDGE ( 'NONE', *, *, #2445, .T. ) ;
#2634 = VECTOR ( 'NONE', #432, 39.37007874015748143 ) ;
#2635 = CARTESIAN_POINT ( 'NONE',  ( -0.1653543307086614567, 0.007874015748031495954, 0.1023622047244094613 ) ) ;
#2636 = DIRECTION ( 'NONE',  ( 0.000000000000000000, 0.000000000000000000, -1.000000000000000000 ) ) ;
#2637 = EDGE_CURVE ( 'NONE', #9, #1566, #3189, .T. ) ;
#2638 = VECTOR ( 'NONE', #1380, 39.37007874015748143 ) ;
#2639 = CYLINDRICAL_SURFACE ( 'NONE', #3114, 0.003937007874015741038 ) ;
#2640 = ORIENTED_EDGE ( 'NONE', *, *, #3323, .T. ) ;
#2641 = DIRECTION ( 'NONE',  ( 0.000000000000000000, -1.000000000000000000, 0.000000000000000000 ) ) ;
#2642 = DIRECTION ( 'NONE',  ( 0.000000000000000000, -1.000000000000000000, 0.000000000000000000 ) ) ;
#2643 = AXIS2_PLACEMENT_3D ( 'NONE', #819, #2485, #1911 ) ;
#2644 = ORIENTED_EDGE ( 'NONE', *, *, #128, .F. ) ;
#2645 = CARTESIAN_POINT ( 'NONE',  ( -0.1614173228346456879, 0.007874015748031495954, 0.07480314960629921850 ) ) ;
#2646 = ADVANCED_FACE ( 'NONE', ( #3479 ), #1277, .T. ) ;
#2647 = AXIS2_PLACEMENT_3D ( 'NONE', #1691, #2243, #3356 ) ;
#2648 = EDGE_LOOP ( 'NONE', ( #3438, #1331, #2316, #2349 ) ) ;
#2649 = DIRECTION ( 'NONE',  ( 0.000000000000000000, 0.000000000000000000, 1.000000000000000000 ) ) ;
#2650 = PLANE ( 'NONE',  #2925 ) ;
#2651 = DIRECTION ( 'NONE',  ( 1.000000000000000000, 0.000000000000000000, 0.000000000000000000 ) ) ;
#2652 = ADVANCED_FACE ( 'NONE', ( #407 ), #3439, .F. ) ;
#2653 = EDGE_LOOP ( 'NONE', ( #1073, #1636, #2839, #1571 ) ) ;
#2654 = DIRECTION ( 'NONE',  ( 0.000000000000000000, -1.000000000000000000, 0.000000000000000000 ) ) ;
#2655 = LINE ( 'NONE', #3477, #100 ) ;
#2656 = VERTEX_POINT ( 'NONE', #1157 ) ;
#2657 = DIRECTION ( 'NONE',  ( -1.000000000000000000, 0.000000000000000000, 0.000000000000000000 ) ) ;
#2658 =( NAMED_UNIT ( * ) PLANE_ANGLE_UNIT ( ) SI_UNIT ( $, .RADIAN. ) );
#2659 = VERTEX_POINT ( 'NONE', #2519 ) ;
#2660 = VERTEX_POINT ( 'NONE', #62 ) ;
#2661 = ORIENTED_EDGE ( 'NONE', *, *, #3301, .F. ) ;
#2662 = DIRECTION ( 'NONE',  ( -1.000000000000000000, 0.000000000000000000, 0.000000000000000000 ) ) ;
#2663 = CARTESIAN_POINT ( 'NONE',  ( 0.1181102362204724532, 0.03937007874015747977, -0.1023622047244094613 ) ) ;
#2664 = CYLINDRICAL_SURFACE ( 'NONE', #624, 0.01574803149606299191 ) ;
#2665 = EDGE_CURVE ( 'NONE', #3432, #2871, #3364, .T. ) ;
#2666 =( NAMED_UNIT ( * ) SI_UNIT ( $, .STERADIAN. ) SOLID_ANGLE_UNIT ( ) );
#2667 = EDGE_CURVE ( 'NONE', #638, #3445, #1615, .T. ) ;
#2668 = DIRECTION ( 'NONE',  ( 0.000000000000000000, 0.000000000000000000, 1.000000000000000000 ) ) ;
#2669 = ORIENTED_EDGE ( 'NONE', *, *, #2062, .F. ) ;
#2670 = CARTESIAN_POINT ( 'NONE',  ( 0.1653543307086614567, -0.003937007874015747977, -0.1023622047244094613 ) ) ;
#2671 =( LENGTH_UNIT ( ) NAMED_UNIT ( * ) SI_UNIT ( $, .METRE. ) );
#2672 = CARTESIAN_POINT ( 'NONE',  ( -0.1181102362204724532, 0.03937007874015747977, 0.1023622047244094613 ) ) ;
#2673 = UNCERTAINTY_MEASURE_WITH_UNIT (LENGTH_MEASURE( 1.000000000000000082E-05 ), #2802, 'distance_accuracy_value', 'NONE');
#2674 = VERTEX_POINT ( 'NONE', #3517 ) ;
#2675 = DIRECTION ( 'NONE',  ( 0.000000000000000000, 1.000000000000000000, 0.000000000000000000 ) ) ;
#2676 = FACE_OUTER_BOUND ( 'NONE', #2653, .T. ) ;
#2677 = EDGE_LOOP ( 'NONE', ( #59, #1128, #76, #2028 ) ) ;
#2678 = DIRECTION ( 'NONE',  ( 0.000000000000000000, 0.000000000000000000, 1.000000000000000000 ) ) ;
#2679 = VECTOR ( 'NONE', #1829, 39.37007874015748143 ) ;
#2680 = ORIENTED_EDGE ( 'NONE', *, *, #786, .F. ) ;
#2681 = CARTESIAN_POINT ( 'NONE',  ( 0.1535433070866141780, 0.02755905511811023584, 0.1023622047244094613 ) ) ;
#2682 = CARTESIAN_POINT ( 'NONE',  ( -0.08858267716535433989, 0.1456692913385826960, 0.08858267716535433989 ) ) ;
#2683 = EDGE_CURVE ( 'NONE', #2510, #2457, #1839, .T. ) ;
#2684 = AXIS2_PLACEMENT_3D ( 'NONE', #3335, #2750, #1178 ) ;
#2685 = DIRECTION ( 'NONE',  ( 0.000000000000000000, 1.000000000000000000, 0.000000000000000000 ) ) ;
#2686 = SURFACE_STYLE_FILL_AREA ( #2728 ) ;
#2687 = EDGE_CURVE ( 'NONE', #1547, #1730, #2292, .T. ) ;
#2688 = AXIS2_PLACEMENT_3D ( 'NONE', #1875, #243, #3000 ) ;
#2689 = CARTESIAN_POINT ( 'NONE',  ( -0.1496062992125984370, 0.02755905511811023584, 0.1023622047244094613 ) ) ;
#2690 = DIRECTION ( 'NONE',  ( 0.000000000000000000, 0.000000000000000000, -1.000000000000000000 ) ) ;
#2691 = ORIENTED_EDGE ( 'NONE', *, *, #917, .T. ) ;
#2692 = FACE_BOUND ( 'NONE', #815, .T. ) ;
#2693 = DIRECTION ( 'NONE',  ( 0.000000000000000000, 0.000000000000000000, 1.000000000000000000 ) ) ;
#2694 = FACE_OUTER_BOUND ( 'NONE', #919, .T. ) ;
#2695 = CIRCLE ( 'NONE', #3447, 0.005905511811023620231 ) ;
#2696 = VECTOR ( 'NONE', #3495, 39.37007874015748143 ) ;
#2697 = ORIENTED_EDGE ( 'NONE', *, *, #2090, .F. ) ;
#2698 = CARTESIAN_POINT ( 'NONE',  ( -0.1181102362204724532, 0.03149606299212598381, 0.1023622047244094613 ) ) ;
#2699 = DIRECTION ( 'NONE',  ( 1.000000000000000000, -1.016439536705159791E-16, 0.000000000000000000 ) ) ;
#2700 = VERTEX_POINT ( 'NONE', #2951 ) ;
#2701 = EDGE_CURVE ( 'NONE', #1296, #2969, #1641, .T. ) ;
#2702 = CIRCLE ( 'NONE', #2409, 0.01574803149606299191 ) ;
#2703 = DIRECTION ( 'NONE',  ( 0.000000000000000000, 0.000000000000000000, 1.000000000000000000 ) ) ;
#2704 = AXIS2_PLACEMENT_3D ( 'NONE', #1050, #3534, #792 ) ;
#2705 = ORIENTED_EDGE ( 'NONE', *, *, #1926, .F. ) ;
#2706 = DIRECTION ( 'NONE',  ( 0.000000000000000000, 0.000000000000000000, -1.000000000000000000 ) ) ;
#2707 = FACE_OUTER_BOUND ( 'NONE', #310, .T. ) ;
#2708 = CARTESIAN_POINT ( 'NONE',  ( 0.1496062992125984370, 0.02755905511811023584, -0.1023622047244094613 ) ) ;
#2709 = EDGE_CURVE ( 'NONE', #1153, #1811, #1312, .T. ) ;
#2710 = CIRCLE ( 'NONE', #3059, 0.003937007874015758385 ) ;
#2711 = CARTESIAN_POINT ( 'NONE',  ( -0.08858267716535433989, 0.1823374350353732243, -0.08858267716535433989 ) ) ;
#2712 = CARTESIAN_POINT ( 'NONE',  ( 0.08858267716535433989, 0.1377952755905511861, 0.08858267716535433989 ) ) ;
#2713 = EDGE_LOOP ( 'NONE', ( #1460, #1248, #200, #2085, #2428, #2749, #2258, #412 ) ) ;
#2714 = DIRECTION ( 'NONE',  ( 0.000000000000000000, 0.000000000000000000, 1.000000000000000000 ) ) ;
#2715 = DIRECTION ( 'NONE',  ( 0.000000000000000000, 1.000000000000000000, 0.000000000000000000 ) ) ;
#2716 = EDGE_CURVE ( 'NONE', #3516, #2224, #2934, .T. ) ;
#2717 = ORIENTED_EDGE ( 'NONE', *, *, #2445, .F. ) ;
#2718 = CARTESIAN_POINT ( 'NONE',  ( -0.08858267716535433989, 0.1377952755905511861, -0.08858267716535433989 ) ) ;
#2719 = CARTESIAN_POINT ( 'NONE',  ( -0.1122047244094488277, 0.000000000000000000, 0.1181102362204724532 ) ) ;
#2720 = EDGE_CURVE ( 'NONE', #130, #9, #3455, .T. ) ;
#2721 = ORIENTED_EDGE ( 'NONE', *, *, #646, .T. ) ;
#2722 = PLANE ( 'NONE',  #1779 ) ;
#2723 = ORIENTED_EDGE ( 'NONE', *, *, #2548, .F. ) ;
#2724 = ADVANCED_FACE ( 'NONE', ( #2426 ), #463, .F. ) ;
#2725 = VERTEX_POINT ( 'NONE', #2462 ) ;
#2726 = EDGE_LOOP ( 'NONE', ( #324, #220 ) ) ;
#2727 = CARTESIAN_POINT ( 'NONE',  ( -0.1122047244094488277, 0.1377952755905511861, 0.1181102362204724532 ) ) ;
#2728 = FILL_AREA_STYLE ('',( #1076 ) ) ;
#2729 = LINE ( 'NONE', #3317, #1042 ) ;
#2730 = DIRECTION ( 'NONE',  ( 0.000000000000000000, -1.000000000000000000, 0.000000000000000000 ) ) ;
#2731 = ORIENTED_EDGE ( 'NONE', *, *, #3090, .T. ) ;
#2732 = CARTESIAN_POINT ( 'NONE',  ( 7.254413608934069766E-18, 0.2500000000000000000, -0.05923678250729006584 ) ) ;
#2733 = ADVANCED_FACE ( 'NONE', ( #2176 ), #3, .T. ) ;
#2734 = EDGE_CURVE ( 'NONE', #37, #869, #3549, .T. ) ;
#2735 = ORIENTED_EDGE ( 'NONE', *, *, #546, .F. ) ;
#2736 = DIRECTION ( 'NONE',  ( 0.000000000000000000, 0.000000000000000000, -1.000000000000000000 ) ) ;
#2737 = LINE ( 'NONE', #1119, #444 ) ;
#2738 = DIRECTION ( 'NONE',  ( 0.000000000000000000, 1.000000000000000000, 0.000000000000000000 ) ) ;
#2739 = EDGE_CURVE ( 'NONE', #1492, #2940, #1775, .T. ) ;
#2740 = ORIENTED_EDGE ( 'NONE', *, *, #533, .T. ) ;
#2741 = DIRECTION ( 'NONE',  ( 0.000000000000000000, 1.000000000000000000, 0.000000000000000000 ) ) ;
#2742 = VERTEX_POINT ( 'NONE', #531 ) ;
#2743 = CARTESIAN_POINT ( 'NONE',  ( -0.1181102362204724532, 0.1299212598425196763, -0.1181102362204724532 ) ) ;
#2744 = DIRECTION ( 'NONE',  ( -1.000000000000000000, -1.016439536705159791E-16, 0.000000000000000000 ) ) ;
#2745 = AXIS2_PLACEMENT_3D ( 'NONE', #1162, #1433, #2242 ) ;
#2746 = DIRECTION ( 'NONE',  ( -1.000000000000000000, 0.000000000000000000, 0.000000000000000000 ) ) ;
#2747 = AXIS2_PLACEMENT_3D ( 'NONE', #3400, #3427, #3109 ) ;
#2748 = DIRECTION ( 'NONE',  ( -1.734723475976804925E-15, -1.000000000000000000, 0.000000000000000000 ) ) ;
#2749 = ORIENTED_EDGE ( 'NONE', *, *, #3112, .T. ) ;
#2750 = DIRECTION ( 'NONE',  ( 1.000000000000000000, 0.000000000000000000, 0.000000000000000000 ) ) ;
#2751 = UNCERTAINTY_MEASURE_WITH_UNIT (LENGTH_MEASURE( 1.000000000000000082E-05 ), #3126, 'distance_accuracy_value', 'NONE');
#2752 = ORIENTED_EDGE ( 'NONE', *, *, #3100, .T. ) ;
#2753 = DIRECTION ( 'NONE',  ( 1.000000000000000000, 0.000000000000000000, 0.000000000000000000 ) ) ;
#2754 = DIRECTION ( 'NONE',  ( 1.000000000000000000, 0.000000000000000000, 0.000000000000000000 ) ) ;
#2755 = CIRCLE ( 'NONE', #3286, 0.003937007874015741038 ) ;
#2756 = ORIENTED_EDGE ( 'NONE', *, *, #2769, .F. ) ;
#2757 = CARTESIAN_POINT ( 'NONE',  ( 0.1968503937007874127, -0.003937007874015747977, 0.1023622047244094613 ) ) ;
#2758 = AXIS2_PLACEMENT_3D ( 'NONE', #2074, #1302, #1267 ) ;
#2759 = ORIENTED_EDGE ( 'NONE', *, *, #2816, .F. ) ;
#2760 = EDGE_CURVE ( 'NONE', #1213, #714, #1262, .T. ) ;
#2761 = AXIS2_PLACEMENT_3D ( 'NONE', #2113, #2693, #2987 ) ;
#2762 = AXIS2_PLACEMENT_3D ( 'NONE', #1294, #2385, #255 ) ;
#2763 = CARTESIAN_POINT ( 'NONE',  ( 0.1181102362204724532, 0.03149606299212598381, -0.1023622047244094613 ) ) ;
#2764 = CARTESIAN_POINT ( 'NONE',  ( -0.1181102362204724532, 0.1377952755905511861, -0.1181102362204724532 ) ) ;
#2765 = VECTOR ( 'NONE', #1070, 39.37007874015748143 ) ;
#2766 = DIRECTION ( 'NONE',  ( 0.000000000000000000, 0.000000000000000000, 1.000000000000000000 ) ) ;
#2767 = AXIS2_PLACEMENT_3D ( 'NONE', #2689, #1328, #1881 ) ;
#2768 = ORIENTED_EDGE ( 'NONE', *, *, #204, .F. ) ;
#2769 = EDGE_CURVE ( 'NONE', #2853, #1197, #2185, .T. ) ;
#2770 = DIRECTION ( 'NONE',  ( 1.000000000000000000, 0.000000000000000000, 0.000000000000000000 ) ) ;
#2771 = CARTESIAN_POINT ( 'NONE',  ( -0.1122047244094488277, 0.1299212598425196763, 0.1181102362204724532 ) ) ;
#2772 = ORIENTED_EDGE ( 'NONE', *, *, #140, .F. ) ;
#2773 = LINE ( 'NONE', #1406, #3503 ) ;
#2774 = ORIENTED_EDGE ( 'NONE', *, *, #3498, .F. ) ;
#2775 = ORIENTED_EDGE ( 'NONE', *, *, #2008, .T. ) ;
#2776 = CARTESIAN_POINT ( 'NONE',  ( -0.1535433070866141780, 0.007874015748031495954, -0.1023622047244094613 ) ) ;
#2777 = CARTESIAN_POINT ( 'NONE',  ( -0.08858267716535433989, 0.1299212598425196763, 0.08858267716535433989 ) ) ;
#2778 = DIRECTION ( 'NONE',  ( 0.000000000000000000, 0.000000000000000000, 1.000000000000000000 ) ) ;
#2779 = EDGE_CURVE ( 'NONE', #1397, #1290, #2524, .T. ) ;
#2780 = PLANE ( 'NONE',  #230 ) ;
#2781 = CARTESIAN_POINT ( 'NONE',  ( 0.1653543307086614567, 0.003937007874015747977, 0.1023622047244094613 ) ) ;
#2782 = CYLINDRICAL_SURFACE ( 'NONE', #2015, 0.003937007874015758385 ) ;
#2783 = VERTEX_POINT ( 'NONE', #214 ) ;
#2784 = PLANE ( 'NONE',  #1538 ) ;
#2785 = EDGE_LOOP ( 'NONE', ( #1407, #2717, #538, #2936 ) ) ;
#2786 = EDGE_LOOP ( 'NONE', ( #508, #259, #2481, #1520 ) ) ;
#2787 = ORIENTED_EDGE ( 'NONE', *, *, #19, .T. ) ;
#2788 = CARTESIAN_POINT ( 'NONE',  ( 0.1181102362204724532, 0.03149606299212598381, -0.1023622047244094613 ) ) ;
#2789 = LINE ( 'NONE', #2504, #1762 ) ;
#2790 = CARTESIAN_POINT ( 'NONE',  ( -0.1496062992125984370, 0.02755905511811023584, -0.07480314960629921850 ) ) ;
#2791 = ADVANCED_FACE ( 'NONE', ( #3232 ), #2198, .F. ) ;
#2792 = CIRCLE ( 'NONE', #1134, 0.01181102362204724046 ) ;
#2793 = CARTESIAN_POINT ( 'NONE',  ( -0.08858267716535433989, 0.1377952755905511861, -0.08858267716535433989 ) ) ;
#2794 = CIRCLE ( 'NONE', #3496, 0.06513941287788303780 ) ;
#2795 = DIRECTION ( 'NONE',  ( 1.000000000000000000, 0.000000000000000000, 0.000000000000000000 ) ) ;
#2796 = FACE_OUTER_BOUND ( 'NONE', #2095, .T. ) ;
#2797 = EDGE_CURVE ( 'NONE', #257, #150, #196, .T. ) ;
#2798 = AXIS2_PLACEMENT_3D ( 'NONE', #3019, #1399, #540 ) ;
#2799 = ORIENTED_EDGE ( 'NONE', *, *, #254, .T. ) ;
#2800 = DIRECTION ( 'NONE',  ( 0.000000000000000000, 0.000000000000000000, 1.000000000000000000 ) ) ;
#2801 = AXIS2_PLACEMENT_3D ( 'NONE', #2128, #1320, #3239 ) ;
#2802 =( CONVERSION_BASED_UNIT ( 'INCH', #2013 ) LENGTH_UNIT ( ) NAMED_UNIT ( #2563 ) );
#2803 = AXIS2_PLACEMENT_3D ( 'NONE', #3366, #890, #2137 ) ;
#2804 = ORIENTED_EDGE ( 'NONE', *, *, #3231, .F. ) ;
#2805 = DIRECTION ( 'NONE',  ( -1.000000000000000000, 0.000000000000000000, 0.000000000000000000 ) ) ;
#2806 = ADVANCED_FACE ( 'NONE', ( #1853 ), #1583, .F. ) ;
#2807 = ORIENTED_EDGE ( 'NONE', *, *, #1669, .F. ) ;
#2808 = AXIS2_PLACEMENT_3D ( 'NONE', #2392, #2912, #445 ) ;
#2809 = FACE_BOUND ( 'NONE', #1788, .T. ) ;
#2810 = AXIS2_PLACEMENT_3D ( 'NONE', #2417, #2944, #3527 ) ;
#2811 = DIRECTION ( 'NONE',  ( 0.000000000000000000, 1.000000000000000000, 0.000000000000000000 ) ) ;
#2812 = ORIENTED_EDGE ( 'NONE', *, *, #873, .T. ) ;
#2813 = FACE_OUTER_BOUND ( 'NONE', #419, .T. ) ;
#2814 = DIRECTION ( 'NONE',  ( 0.000000000000000000, -1.000000000000000000, 0.000000000000000000 ) ) ;
#2815 = AXIS2_PLACEMENT_3D ( 'NONE', #365, #781, #747 ) ;
#2816 = EDGE_CURVE ( 'NONE', #592, #2413, #2156, .T. ) ;
#2817 = DIRECTION ( 'NONE',  ( 0.000000000000000000, 0.000000000000000000, 1.000000000000000000 ) ) ;
#2818 = CIRCLE ( 'NONE', #626, 0.01574803149606299191 ) ;
#2819 = LINE ( 'NONE', #1145, #2913 ) ;
#2820 = FACE_OUTER_BOUND ( 'NONE', #1072, .T. ) ;
#2821 = AXIS2_PLACEMENT_3D ( 'NONE', #2200, #2738, #833 ) ;
#2822 = EDGE_LOOP ( 'NONE', ( #914, #472, #886, #336 ) ) ;
#2823 = EDGE_CURVE ( 'NONE', #2232, #3530, #3308, .T. ) ;
#2824 = PLANE ( 'NONE',  #1427 ) ;
#2825 = VERTEX_POINT ( 'NONE', #3028 ) ;
#2826 = EDGE_CURVE ( 'NONE', #590, #2853, #831, .T. ) ;
#2827 = ORIENTED_EDGE ( 'NONE', *, *, #1113, .T. ) ;
#2828 = FACE_OUTER_BOUND ( 'NONE', #938, .T. ) ;
#2829 = ADVANCED_FACE ( 'NONE', ( #2379 ), #435, .T. ) ;
#2830 = ORIENTED_EDGE ( 'NONE', *, *, #1370, .T. ) ;
#2831 = VERTEX_POINT ( 'NONE', #2110 ) ;
#2832 = CARTESIAN_POINT ( 'NONE',  ( 0.1653543307086614567, 0.007874015748031495954, -0.07480314960629921850 ) ) ;
#2833 = DIRECTION ( 'NONE',  ( 0.000000000000000000, 1.000000000000000000, 0.000000000000000000 ) ) ;
#2834 = CYLINDRICAL_SURFACE ( 'NONE', #2815, 0.02362204724409448092 ) ;
#2835 = CARTESIAN_POINT ( 'NONE',  ( 0.000000000000000000, 0.2501844571990812227, 0.000000000000000000 ) ) ;
#2836 = ORIENTED_EDGE ( 'NONE', *, *, #1742, .F. ) ;
#2837 = DIRECTION ( 'NONE',  ( 0.000000000000000000, -1.000000000000000000, 0.000000000000000000 ) ) ;
#2838 = ADVANCED_FACE ( 'NONE', ( #1617, #751 ), #174, .F. ) ;
#2839 = ORIENTED_EDGE ( 'NONE', *, *, #364, .F. ) ;
#2840 = ORIENTED_EDGE ( 'NONE', *, *, #1417, .T. ) ;
#2841 = EDGE_CURVE ( 'NONE', #87, #37, #485, .T. ) ;
#2842 = ORIENTED_EDGE ( 'NONE', *, *, #442, .F. ) ;
#2843 = ORIENTED_EDGE ( 'NONE', *, *, #1469, .F. ) ;
#2844 = CARTESIAN_POINT ( 'NONE',  ( 0.1122047244094488277, 0.1299212598425196763, -0.1181102362204724532 ) ) ;
#2845 = CARTESIAN_POINT ( 'NONE',  ( 0.1181102362204724532, 0.03937007874015747977, 0.1023622047244094613 ) ) ;
#2846 = CARTESIAN_POINT ( 'NONE',  ( 0.08858267716535433989, 0.1299212598425196763, 0.08858267716535433989 ) ) ;
#2847 =( NAMED_UNIT ( * ) PLANE_ANGLE_UNIT ( ) SI_UNIT ( $, .RADIAN. ) );
#2848 = EDGE_CURVE ( 'NONE', #2725, #20, #713, .T. ) ;
#2849 = ORIENTED_EDGE ( 'NONE', *, *, #3248, .T. ) ;
#2850 = DIRECTION ( 'NONE',  ( 0.000000000000000000, 0.000000000000000000, -1.000000000000000000 ) ) ;
#2851 = VECTOR ( 'NONE', #1676, 39.37007874015748143 ) ;
#2852 = DIRECTION ( 'NONE',  ( 0.000000000000000000, 0.000000000000000000, 1.000000000000000000 ) ) ;
#2853 = VERTEX_POINT ( 'NONE', #1289 ) ;
#2854 = EDGE_CURVE ( 'NONE', #2950, #2437, #2818, .T. ) ;
#2855 = AXIS2_PLACEMENT_3D ( 'NONE', #662, #125, #413 ) ;
#2856 = ORIENTED_EDGE ( 'NONE', *, *, #2527, .T. ) ;
#2857 = SURFACE_STYLE_FILL_AREA ( #3212 ) ;
#2858 = VECTOR ( 'NONE', #492, 39.37007874015748143 ) ;
#2859 = ORIENTED_EDGE ( 'NONE', *, *, #1633, .T. ) ;
#2860 = ORIENTED_EDGE ( 'NONE', *, *, #1152, .F. ) ;
#2861 = ADVANCED_FACE ( 'NONE', ( #249 ), #2984, .T. ) ;
#2862 = VECTOR ( 'NONE', #2873, 39.37007874015748143 ) ;
#2863 = CARTESIAN_POINT ( 'NONE',  ( -0.1181102362204724532, 0.03149606299212598381, 0.07480314960629921850 ) ) ;
#2864 = DIRECTION ( 'NONE',  ( 0.000000000000000000, 0.000000000000000000, 1.000000000000000000 ) ) ;
#2865 = AXIS2_PLACEMENT_3D ( 'NONE', #526, #1651, #286 ) ;
#2866 = CARTESIAN_POINT ( 'NONE',  ( -0.1968503937007874127, 0.003937007874015747977, 0.1023622047244094613 ) ) ;
#2867 = DIRECTION ( 'NONE',  ( 0.000000000000000000, 0.000000000000000000, 1.000000000000000000 ) ) ;
#2868 = VECTOR ( 'NONE', #433, 39.37007874015748143 ) ;
#2869 = ADVANCED_FACE ( 'NONE', ( #3244 ), #455, .T. ) ;
#2870 = CIRCLE ( 'NONE', #3055, 0.07283464566929134798 ) ;
#2871 = VERTEX_POINT ( 'NONE', #2961 ) ;
#2872 = CARTESIAN_POINT ( 'NONE',  ( -0.1614173228346456879, 0.007874015748031495954, -0.1023622047244094613 ) ) ;
#2873 = DIRECTION ( 'NONE',  ( 0.000000000000000000, -1.000000000000000000, 0.000000000000000000 ) ) ;
#2874 = FACE_OUTER_BOUND ( 'NONE', #2785, .T. ) ;
#2875 = EDGE_LOOP ( 'NONE', ( #3008, #2293, #3548, #2603 ) ) ;
#2876 = CARTESIAN_POINT ( 'NONE',  ( 0.1181102362204724532, 0.1377952755905511861, -0.1122047244094488277 ) ) ;
#2877 = AXIS2_PLACEMENT_3D ( 'NONE', #422, #3167, #1772 ) ;
#2878 = DIRECTION ( 'NONE',  ( 0.000000000000000000, 0.000000000000000000, 1.000000000000000000 ) ) ;
#2879 = VERTEX_POINT ( 'NONE', #1883 ) ;
#2880 = ORIENTED_EDGE ( 'NONE', *, *, #2512, .T. ) ;
#2881 = EDGE_LOOP ( 'NONE', ( #2768, #2087, #1473, #921, #1425, #1569, #1758, #3360 ) ) ;
#2882 = CARTESIAN_POINT ( 'NONE',  ( -0.1181102362204724532, 0.03937007874015747977, -0.07480314960629921850 ) ) ;
#2883 = CARTESIAN_POINT ( 'NONE',  ( -0.1122047244094488277, 0.1377952755905511861, -0.1181102362204724532 ) ) ;
#2884 = PLANE ( 'NONE',  #1259 ) ;
#2885 = DIRECTION ( 'NONE',  ( 0.000000000000000000, 0.000000000000000000, -1.000000000000000000 ) ) ;
#2886 = ADVANCED_FACE ( 'NONE', ( #1827 ), #1577, .F. ) ;
#2887 = EDGE_LOOP ( 'NONE', ( #1663, #3460, #2954, #411 ) ) ;
#2888 = DIRECTION ( 'NONE',  ( 0.000000000000000000, 0.000000000000000000, 1.000000000000000000 ) ) ;
#2889 = LINE ( 'NONE', #1522, #3046 ) ;
#2890 = ORIENTED_EDGE ( 'NONE', *, *, #1980, .F. ) ;
#2891 = DIMENSIONAL_EXPONENTS ( 1.000000000000000000, 0.000000000000000000, 0.000000000000000000, 0.000000000000000000, 0.000000000000000000, 0.000000000000000000, 0.000000000000000000 ) ;
#2892 = CARTESIAN_POINT ( 'NONE',  ( -0.08858267716535433989, 0.1456692913385826960, -0.1122047244094488277 ) ) ;
#2893 = CARTESIAN_POINT ( 'NONE',  ( 0.08858267716535433989, 0.1377952755905511861, 0.1043307086614173457 ) ) ;
#2894 = VERTEX_POINT ( 'NONE', #2420 ) ;
#2895 = ORIENTED_EDGE ( 'NONE', *, *, #1252, .F. ) ;
#2896 = EDGE_LOOP ( 'NONE', ( #2842, #102 ) ) ;
#2897 = FACE_OUTER_BOUND ( 'NONE', #968, .T. ) ;
#2898 = LINE ( 'NONE', #764, #622 ) ;
#2899 = FACE_OUTER_BOUND ( 'NONE', #1293, .T. ) ;
#2900 = ADVANCED_FACE ( 'NONE', ( #1271 ), #3182, .T. ) ;
#2901 = LINE ( 'NONE', #1465, #729 ) ;
#2902 = CARTESIAN_POINT ( 'NONE',  ( -0.08858267716535433989, 0.1456692913385826960, 0.1122047244094488277 ) ) ;
#2903 = CARTESIAN_POINT ( 'NONE',  ( -0.1614173228346456879, 0.02755905511811023584, 0.1023622047244094613 ) ) ;
#2904 = ORIENTED_EDGE ( 'NONE', *, *, #2062, .T. ) ;
#2905 = LINE ( 'NONE', #732, #550 ) ;
#2906 = LINE ( 'NONE', #3227, #2054 ) ;
#2907 = ADVANCED_FACE ( 'NONE', ( #1847 ), #227, .F. ) ;
#2908 = VECTOR ( 'NONE', #73, 39.37007874015748143 ) ;
#2909 = DIRECTION ( 'NONE',  ( -1.000000000000000000, 0.000000000000000000, 0.000000000000000000 ) ) ;
#2910 = ORIENTED_EDGE ( 'NONE', *, *, #639, .F. ) ;
#2911 = CARTESIAN_POINT ( 'NONE',  ( -0.1614173228346456879, 0.007874015748031495954, 0.1023622047244094613 ) ) ;
#2912 = DIRECTION ( 'NONE',  ( 0.000000000000000000, 1.000000000000000000, 0.000000000000000000 ) ) ;
#2914 = ORIENTED_EDGE ( 'NONE', *, *, #2556, .T. ) ;
#2913 = VECTOR ( 'NONE', #351, 39.37007874015748143 ) ;
#2915 = CARTESIAN_POINT ( 'NONE',  ( -0.1181102362204724532, 0.03149606299212598381, -0.07480314960629921850 ) ) ;
#2916 = VECTOR ( 'NONE', #1687, 39.37007874015748143 ) ;
#2917 = EDGE_CURVE ( 'NONE', #1421, #944, #1864, .T. ) ;
#2918 = VERTEX_POINT ( 'NONE', #1540 ) ;
#2919 = DIRECTION ( 'NONE',  ( -1.000000000000000000, 0.000000000000000000, 0.000000000000000000 ) ) ;
#2920 = DIRECTION ( 'NONE',  ( 0.000000000000000000, 1.000000000000000000, 0.000000000000000000 ) ) ;
#2921 = AXIS2_PLACEMENT_3D ( 'NONE', #3251, #1658, #2753 ) ;
#2922 = EDGE_CURVE ( 'NONE', #3445, #1470, #3529, .T. ) ;
#2923 = DIRECTION ( 'NONE',  ( -1.000000000000000000, 0.000000000000000000, 0.000000000000000000 ) ) ;
#2924 = SURFACE_SIDE_STYLE ('',( #766 ) ) ;
#2925 = AXIS2_PLACEMENT_3D ( 'NONE', #779, #2089, #1860 ) ;
#2926 = DIRECTION ( 'NONE',  ( 0.000000000000000000, 0.000000000000000000, 1.000000000000000000 ) ) ;
#2927 = LINE ( 'NONE', #1306, #3002 ) ;
#2928 = ORIENTED_EDGE ( 'NONE', *, *, #643, .T. ) ;
#2929 = CIRCLE ( 'NONE', #918, 0.01181102362204724046 ) ;
#2930 = CARTESIAN_POINT ( 'NONE',  ( 0.1535433070866141780, 0.02755905511811023584, -0.1023622047244094613 ) ) ;
#2931 = DIRECTION ( 'NONE',  ( 0.000000000000000000, 0.000000000000000000, 1.000000000000000000 ) ) ;
#2932 = VECTOR ( 'NONE', #1812, 39.37007874015748143 ) ;
#2933 = ORIENTED_EDGE ( 'NONE', *, *, #802, .F. ) ;
#2934 = LINE ( 'NONE', #270, #1266 ) ;
#2935 = DIRECTION ( 'NONE',  ( -1.734723475976804925E-15, -1.000000000000000000, 0.000000000000000000 ) ) ;
#2936 = ORIENTED_EDGE ( 'NONE', *, *, #3406, .T. ) ;
#2937 =( LENGTH_UNIT ( ) NAMED_UNIT ( * ) SI_UNIT ( $, .METRE. ) );
#2938 = EDGE_CURVE ( 'NONE', #1744, #3304, #3474, .T. ) ;
#2939 = AXIS2_PLACEMENT_3D ( 'NONE', #736, #2060, #3205 ) ;
#2940 = VERTEX_POINT ( 'NONE', #206 ) ;
#2941 = ORIENTED_EDGE ( 'NONE', *, *, #1469, .T. ) ;
#2942 = CARTESIAN_POINT ( 'NONE',  ( -0.1181102362204724532, 0.000000000000000000, -0.1122047244094488277 ) ) ;
#2943 = EDGE_CURVE ( 'NONE', #652, #2660, #2927, .T. ) ;
#2944 = DIRECTION ( 'NONE',  ( 0.000000000000000000, -1.000000000000000000, 0.000000000000000000 ) ) ;
#2945 = DIRECTION ( 'NONE',  ( 0.000000000000000000, 0.000000000000000000, -1.000000000000000000 ) ) ;
#2946 = DIRECTION ( 'NONE',  ( 1.000000000000000000, 0.000000000000000000, 0.000000000000000000 ) ) ;
#2947 = EDGE_LOOP ( 'NONE', ( #467, #627, #1376, #142 ) ) ;
#2948 = CARTESIAN_POINT ( 'NONE',  ( -0.1968503937007874127, 0.003937007874015747977, -0.07480314960629921850 ) ) ;
#2949 = CARTESIAN_POINT ( 'NONE',  ( 0.000000000000000000, 0.1299212598425196763, -0.06889763779527559306 ) ) ;
#2950 = VERTEX_POINT ( 'NONE', #2124 ) ;
#2951 = CARTESIAN_POINT ( 'NONE',  ( -0.1653543307086614567, -0.003937007874015747977, 0.1023622047244094613 ) ) ;
#2952 = CARTESIAN_POINT ( 'NONE',  ( 0.1181102362204724532, 0.1299212598425196763, 0.1122047244094488277 ) ) ;
#2953 = EDGE_CURVE ( 'NONE', #2197, #2918, #273, .T. ) ;
#2954 = ORIENTED_EDGE ( 'NONE', *, *, #60, .T. ) ;
#2955 = CARTESIAN_POINT ( 'NONE',  ( -0.1653543307086614567, 0.007874015748031495954, -0.1023622047244094613 ) ) ;
#2956 = ORIENTED_EDGE ( 'NONE', *, *, #2917, .T. ) ;
#2957 = CARTESIAN_POINT ( 'NONE',  ( -0.08858267716535433989, 0.1299212598425196763, 0.1043307086614173457 ) ) ;
#2958 = CARTESIAN_POINT ( 'NONE',  ( 0.1614173228346456879, 0.007874015748031495954, 0.07480314960629921850 ) ) ;
#2959 = EDGE_CURVE ( 'NONE', #2604, #1153, #2179, .T. ) ;
#2960 = FACE_OUTER_BOUND ( 'NONE', #2014, .T. ) ;
#2961 = CARTESIAN_POINT ( 'NONE',  ( -0.1496062992125984370, 0.03937007874015747977, -0.07480314960629921850 ) ) ;
#2962 = ORIENTED_EDGE ( 'NONE', *, *, #808, .F. ) ;
#2963 = ADVANCED_FACE ( 'NONE', ( #1356 ), #2465, .T. ) ;
#2964 = CARTESIAN_POINT ( 'NONE',  ( 0.08858267716535433989, 0.1456692913385826960, 0.08858267716535433989 ) ) ;
#2965 = CARTESIAN_POINT ( 'NONE',  ( 0.1181102362204724532, 0.03149606299212598381, -0.1023622047244094613 ) ) ;
#2966 = ORIENTED_EDGE ( 'NONE', *, *, #2158, .F. ) ;
#2967 = DIRECTION ( 'NONE',  ( 0.000000000000000000, 0.000000000000000000, 1.000000000000000000 ) ) ;
#2968 = CYLINDRICAL_SURFACE ( 'NONE', #2921, 0.003937007874015758385 ) ;
#2969 = VERTEX_POINT ( 'NONE', #1053 ) ;
#2970 = CIRCLE ( 'NONE', #1704, 0.005905511811023620231 ) ;
#2971 = PLANE ( 'NONE',  #629 ) ;
#2972 = EDGE_CURVE ( 'NONE', #1213, #2940, #1088, .T. ) ;
#2973 = ORIENTED_EDGE ( 'NONE', *, *, #1973, .T. ) ;
#2974 = VECTOR ( 'NONE', #401, 39.37007874015748143 ) ;
#2975 = ORIENTED_EDGE ( 'NONE', *, *, #1502, .T. ) ;
#2976 = CARTESIAN_POINT ( 'NONE',  ( 0.1535433070866141780, 0.02755905511811023584, 0.07480314960629921850 ) ) ;
#2977 = CIRCLE ( 'NONE', #2455, 0.01574803149606299191 ) ;
#2978 = ADVANCED_FACE ( 'NONE', ( #6 ), #2722, .T. ) ;
#2979 = DIRECTION ( 'NONE',  ( 0.000000000000000000, 0.000000000000000000, 1.000000000000000000 ) ) ;
#2980 = AXIS2_PLACEMENT_3D ( 'NONE', #2259, #2114, #2097 ) ;
#2981 = PLANE ( 'NONE',  #149 ) ;
#2982 = VECTOR ( 'NONE', #1438, 39.37007874015748143 ) ;
#2983 = LINE ( 'NONE', #264, #104 ) ;
#2984 = PLANE ( 'NONE',  #1040 ) ;
#2985 = ORIENTED_EDGE ( 'NONE', *, *, #154, .T. ) ;
#2986 = PLANE ( 'NONE',  #1820 ) ;
#2987 = DIRECTION ( 'NONE',  ( 1.000000000000000000, 0.000000000000000000, 0.000000000000000000 ) ) ;
#2988 = SPHERICAL_SURFACE ( 'NONE', #161, 0.03937007874015747977 ) ;
#2989 = EDGE_CURVE ( 'NONE', #881, #1998, #3234, .T. ) ;
#2990 = AXIS2_PLACEMENT_3D ( 'NONE', #1278, #1854, #970 ) ;
#2991 = VERTEX_POINT ( 'NONE', #1626 ) ;
#2992 = CARTESIAN_POINT ( 'NONE',  ( 0.1122047244094488277, 0.1299212598425196763, -0.1122047244094488277 ) ) ;
#2993 = DIRECTION ( 'NONE',  ( 7.228014483236699514E-17, 0.000000000000000000, 1.000000000000000000 ) ) ;
#2994 = ORIENTED_EDGE ( 'NONE', *, *, #133, .T. ) ;
#2995 = CIRCLE ( 'NONE', #2758, 0.01574803149606299191 ) ;
#2996 = DIRECTION ( 'NONE',  ( 0.000000000000000000, 0.000000000000000000, 1.000000000000000000 ) ) ;
#2997 = ORIENTED_EDGE ( 'NONE', *, *, #2492, .T. ) ;
#2998 = VECTOR ( 'NONE', #991, 39.37007874015748143 ) ;
#2999 = ORIENTED_EDGE ( 'NONE', *, *, #3538, .T. ) ;
#3000 = DIRECTION ( 'NONE',  ( 1.000000000000000000, 0.000000000000000000, 0.000000000000000000 ) ) ;
#3001 = PRESENTATION_STYLE_ASSIGNMENT (( #1898 ) ) ;
#3002 = VECTOR ( 'NONE', #3521, 39.37007874015748143 ) ;
#3003 = LINE ( 'NONE', #3315, #452 ) ;
#3004 = CARTESIAN_POINT ( 'NONE',  ( 0.000000000000000000, 0.1299212598425196763, 0.07283464566929134798 ) ) ;
#3005 = ADVANCED_FACE ( 'NONE', ( #3311 ), #2971, .F. ) ;
#3006 = LINE ( 'NONE', #893, #3510 ) ;
#3007 = CARTESIAN_POINT ( 'NONE',  ( 0.1496062992125984370, 0.02755905511811023584, 0.1023622047244094613 ) ) ;
#3008 = ORIENTED_EDGE ( 'NONE', *, *, #3338, .F. ) ;
#3009 = DIRECTION ( 'NONE',  ( 0.000000000000000000, 0.000000000000000000, 1.000000000000000000 ) ) ;
#3010 = EDGE_CURVE ( 'NONE', #2121, #2546, #2160, .T. ) ;
#3011 = ORIENTED_EDGE ( 'NONE', *, *, #2959, .T. ) ;
#3012 = DIRECTION ( 'NONE',  ( 0.000000000000000000, 0.000000000000000000, 1.000000000000000000 ) ) ;
#3013 = CARTESIAN_POINT ( 'NONE',  ( 0.1614173228346456879, 0.02755905511811023584, 0.07480314960629921850 ) ) ;
#3014 = CARTESIAN_POINT ( 'NONE',  ( -0.1535433070866141780, 0.02755905511811023584, -0.07480314960629921850 ) ) ;
#3015 = VERTEX_POINT ( 'NONE', #1927 ) ;
#3016 = EDGE_LOOP ( 'NONE', ( #2380, #1629, #3411, #3264 ) ) ;
#3017 = ORIENTED_EDGE ( 'NONE', *, *, #1401, .F. ) ;
#3018 = DIRECTION ( 'NONE',  ( 0.000000000000000000, -1.000000000000000000, 0.000000000000000000 ) ) ;
#3019 = CARTESIAN_POINT ( 'NONE',  ( -0.08858267716535433989, 0.1141732283464566844, -0.08858267716535433989 ) ) ;
#3020 = ADVANCED_FACE ( 'NONE', ( #3554 ), #551, .F. ) ;
#3021 = LINE ( 'NONE', #2168, #1961 ) ;
#3022 = DIRECTION ( 'NONE',  ( 0.000000000000000000, 0.000000000000000000, -1.000000000000000000 ) ) ;
#3023 = ORIENTED_EDGE ( 'NONE', *, *, #2841, .T. ) ;
#3024 = CARTESIAN_POINT ( 'NONE',  ( 0.08858267716535433989, 0.1456692913385826960, 0.06496062992125986590 ) ) ;
#3025 =( NAMED_UNIT ( * ) SI_UNIT ( $, .STERADIAN. ) SOLID_ANGLE_UNIT ( ) );
#3026 = EDGE_LOOP ( 'NONE', ( #3082, #2661, #2697, #3235 ) ) ;
#3027 = EDGE_CURVE ( 'NONE', #1998, #881, #750, .T. ) ;
#3028 = CARTESIAN_POINT ( 'NONE',  ( -0.1968503937007874127, -0.003937007874015747977, -0.1023622047244094613 ) ) ;
#3029 = LINE ( 'NONE', #846, #1712 ) ;
#3030 = DIRECTION ( 'NONE',  ( 0.000000000000000000, 0.000000000000000000, 1.000000000000000000 ) ) ;
#3031 = ORIENTED_EDGE ( 'NONE', *, *, #3157, .T. ) ;
#3032 = VERTEX_POINT ( 'NONE', #1586 ) ;
#3033 = ORIENTED_EDGE ( 'NONE', *, *, #3117, .T. ) ;
#3034 = EDGE_CURVE ( 'NONE', #2437, #2950, #1557, .T. ) ;
#3035 = CYLINDRICAL_SURFACE ( 'NONE', #3402, 0.07283464566929134798 ) ;
#3036 = DIRECTION ( 'NONE',  ( 0.000000000000000000, 0.000000000000000000, -1.000000000000000000 ) ) ;
#3037 =( GEOMETRIC_REPRESENTATION_CONTEXT ( 3 ) GLOBAL_UNCERTAINTY_ASSIGNED_CONTEXT ( ( #2751 ) ) GLOBAL_UNIT_ASSIGNED_CONTEXT ( ( #3126, #2847, #1211 ) ) REPRESENTATION_CONTEXT ( 'NONE', 'WORKASPACE' ) );
#3038 = CARTESIAN_POINT ( 'NONE',  ( -0.08858267716535433989, 0.1377952755905511861, 0.08858267716535433989 ) ) ;
#3039 = AXIS2_PLACEMENT_3D ( 'NONE', #3087, #1717, #2537 ) ;
#3040 = DIRECTION ( 'NONE',  ( 0.000000000000000000, 0.000000000000000000, 1.000000000000000000 ) ) ;
#3041 = ORIENTED_EDGE ( 'NONE', *, *, #1834, .T. ) ;
#3042 = CARTESIAN_POINT ( 'NONE',  ( 0.08858267716535433989, 0.1141732283464566844, -0.08858267716535433989 ) ) ;
#3043 = DIRECTION ( 'NONE',  ( 0.000000000000000000, -1.000000000000000000, 0.000000000000000000 ) ) ;
#3044 = CIRCLE ( 'NONE', #2688, 0.01181102362204724046 ) ;
#3045 = EDGE_LOOP ( 'NONE', ( #1409, #1109, #588, #3524 ) ) ;
#3046 = VECTOR ( 'NONE', #2382, 39.37007874015748143 ) ;
#3047 = DIRECTION ( 'NONE',  ( 0.000000000000000000, -1.000000000000000000, 0.000000000000000000 ) ) ;
#3048 = AXIS2_PLACEMENT_3D ( 'NONE', #408, #1836, #2619 ) ;
#3049 = ORIENTED_EDGE ( 'NONE', *, *, #884, .T. ) ;
#3050 = CYLINDRICAL_SURFACE ( 'NONE', #3271, 0.01574803149606299885 ) ;
#3051 = AXIS2_PLACEMENT_3D ( 'NONE', #1445, #901, #1997 ) ;
#3052 = VECTOR ( 'NONE', #1631, 39.37007874015748143 ) ;
#3053 = ORIENTED_EDGE ( 'NONE', *, *, #808, .T. ) ;
#3054 = ADVANCED_FACE ( 'NONE', ( #3292 ), #3272, .T. ) ;
#3055 = AXIS2_PLACEMENT_3D ( 'NONE', #443, #2311, #1508 ) ;
#3056 = DIRECTION ( 'NONE',  ( 0.000000000000000000, 1.000000000000000000, 0.000000000000000000 ) ) ;
#3057 = CARTESIAN_POINT ( 'NONE',  ( 0.1496062992125984370, 0.02755905511811023584, 0.1023622047244094613 ) ) ;
#3058 = CONICAL_SURFACE ( 'NONE', #3166, 0.06496062992125985203, 0.03123983343026822540 ) ;
#3059 = AXIS2_PLACEMENT_3D ( 'NONE', #359, #2926, #148 ) ;
#3060 = CARTESIAN_POINT ( 'NONE',  ( -0.1614173228346456879, 0.02755905511811023584, -0.07480314960629921850 ) ) ;
#3061 = VERTEX_POINT ( 'NONE', #22 ) ;
#3062 = CARTESIAN_POINT ( 'NONE',  ( -0.08858267716535433989, 0.1377952755905511861, 0.08858267716535433989 ) ) ;
#3063 = LINE ( 'NONE', #1146, #3522 ) ;
#3064 = ORIENTED_EDGE ( 'NONE', *, *, #1579, .F. ) ;
#3065 = DIRECTION ( 'NONE',  ( 0.000000000000000000, -1.000000000000000000, 0.000000000000000000 ) ) ;
#3066 = VERTEX_POINT ( 'NONE', #3014 ) ;
#3067 = EDGE_CURVE ( 'NONE', #83, #462, #3298, .T. ) ;
#3068 = CARTESIAN_POINT ( 'NONE',  ( 0.08858267716535433989, 0.1456692913385826960, 0.08858267716535433989 ) ) ;
#3069 = EDGE_LOOP ( 'NONE', ( #123, #1340, #2353, #1466 ) ) ;
#3070 = MANIFOLD_SOLID_BREP ( 'Fillet1', #1081 ) ;
#3071 = LINE ( 'NONE', #2166, #1955 ) ;
#3072 = ADVANCED_FACE ( 'NONE', ( #2371 ), #776, .F. ) ;
#3073 = LINE ( 'NONE', #2491, #1481 ) ;
#3074 = DIRECTION ( 'NONE',  ( 0.000000000000000000, 0.000000000000000000, -1.000000000000000000 ) ) ;
#3075 = CARTESIAN_POINT ( 'NONE',  ( 0.1653543307086614567, 0.003937007874015747977, -0.1023622047244094613 ) ) ;
#3076 = PLANE ( 'NONE',  #2479 ) ;
#3077 = ORIENTED_EDGE ( 'NONE', *, *, #2848, .F. ) ;
#3078 = DIRECTION ( 'NONE',  ( 0.000000000000000000, -1.000000000000000000, 0.000000000000000000 ) ) ;
#3079 = MANIFOLD_SOLID_BREP ( 'NONE', #325 ) ;
#3080 = ORIENTED_EDGE ( 'NONE', *, *, #956, .T. ) ;
#3081 = DIRECTION ( 'NONE',  ( 0.000000000000000000, 0.000000000000000000, 1.000000000000000000 ) ) ;
#3082 = ORIENTED_EDGE ( 'NONE', *, *, #3095, .F. ) ;
#3083 = EDGE_CURVE ( 'NONE', #2016, #944, #1493, .T. ) ;
#3084 = DIRECTION ( 'NONE',  ( 1.000000000000000000, 0.000000000000000000, 0.000000000000000000 ) ) ;
#3085 = CARTESIAN_POINT ( 'NONE',  ( 0.1122047244094488277, 0.1299212598425196763, 0.1181102362204724532 ) ) ;
#3086 = VERTEX_POINT ( 'NONE', #1031 ) ;
#3087 = CARTESIAN_POINT ( 'NONE',  ( -0.1496062992125984370, 0.02755905511811023584, 0.1023622047244094613 ) ) ;
#3088 = DIRECTION ( 'NONE',  ( 0.000000000000000000, 1.000000000000000000, 0.000000000000000000 ) ) ;
#3089 = CIRCLE ( 'NONE', #3553, 0.01181102362204724046 ) ;
#3090 = EDGE_CURVE ( 'NONE', #2918, #242, #994, .T. ) ;
#3091 = CARTESIAN_POINT ( 'NONE',  ( -0.1122047244094488277, 0.1299212598425196763, -0.1181102362204724532 ) ) ;
#3092 = AXIS2_PLACEMENT_3D ( 'NONE', #50, #304, #3355 ) ;
#3093 = FACE_OUTER_BOUND ( 'NONE', #3346, .T. ) ;
#3094 = CARTESIAN_POINT ( 'NONE',  ( 0.1496062992125984370, 0.03937007874015747977, -0.07480314960629921850 ) ) ;
#3095 = EDGE_CURVE ( 'NONE', #1740, #3061, #576, .T. ) ;
#3096 = MECHANICAL_DESIGN_GEOMETRIC_PRESENTATION_REPRESENTATION (  '', ( #3559 ), #380 ) ;
#3097 = ORIENTED_EDGE ( 'NONE', *, *, #3231, .T. ) ;
#3098 = CARTESIAN_POINT ( 'NONE',  ( 0.1181102362204724532, 0.03937007874015747977, 0.1023622047244094613 ) ) ;
#3099 = VECTOR ( 'NONE', #2837, 39.37007874015748143 ) ;
#3100 = EDGE_CURVE ( 'NONE', #1908, #1421, #1529, .T. ) ;
#3101 = VECTOR ( 'NONE', #1463, 39.37007874015748143 ) ;
#3102 = ORIENTED_EDGE ( 'NONE', *, *, #1175, .F. ) ;
#3103 = CARTESIAN_POINT ( 'NONE',  ( 0.1968503937007874127, -0.003937007874015747977, -0.07480314960629921850 ) ) ;
#3104 = EDGE_LOOP ( 'NONE', ( #2246, #2836 ) ) ;
#3105 = CIRCLE ( 'NONE', #2990, 0.003937007874015741038 ) ;
#3106 = CARTESIAN_POINT ( 'NONE',  ( -0.1122047244094488277, 0.1377952755905511861, 0.1181102362204724532 ) ) ;
#3107 = AXIS2_PLACEMENT_3D ( 'NONE', #3159, #665, #1479 ) ;
#3108 = ORIENTED_EDGE ( 'NONE', *, *, #2548, .T. ) ;
#3109 = DIRECTION ( 'NONE',  ( -1.000000000000000000, 0.000000000000000000, 0.000000000000000000 ) ) ;
#3110 = LINE ( 'NONE', #3428, #1251 ) ;
#3111 = CARTESIAN_POINT ( 'NONE',  ( 0.1181102362204724532, 0.03937007874015747977, -0.07480314960629921850 ) ) ;
#3112 = EDGE_CURVE ( 'NONE', #1837, #1123, #1329, .T. ) ;
#3113 = VECTOR ( 'NONE', #258, 39.37007874015748143 ) ;
#3114 = AXIS2_PLACEMENT_3D ( 'NONE', #134, #385, #3144 ) ;
#3115 = VERTEX_POINT ( 'NONE', #3424 ) ;
#3116 = PLANE ( 'NONE',  #1886 ) ;
#3117 = EDGE_CURVE ( 'NONE', #3464, #1391, #3150, .T. ) ;
#3118 = ORIENTED_EDGE ( 'NONE', *, *, #211, .F. ) ;
#3119 = VERTEX_POINT ( 'NONE', #2645 ) ;
#3120 = CARTESIAN_POINT ( 'NONE',  ( 0.000000000000000000, 0.1299212598425196763, 0.000000000000000000 ) ) ;
#3121 = ORIENTED_EDGE ( 'NONE', *, *, #579, .T. ) ;
#3122 = ORIENTED_EDGE ( 'NONE', *, *, #1633, .F. ) ;
#3123 = CARTESIAN_POINT ( 'NONE',  ( 0.1653543307086614567, 0.003937007874015747977, 0.07480314960629921850 ) ) ;
#3124 = DIRECTION ( 'NONE',  ( -1.000000000000000000, 0.000000000000000000, 0.000000000000000000 ) ) ;
#3125 = PLANE ( 'NONE',  #806 ) ;
#3126 =( CONVERSION_BASED_UNIT ( 'INCH', #366 ) LENGTH_UNIT ( ) NAMED_UNIT ( #657 ) );
#3127 = EDGE_CURVE ( 'NONE', #2551, #1153, #2245, .T. ) ;
#3128 = ORIENTED_EDGE ( 'NONE', *, *, #2959, .F. ) ;
#3129 = CARTESIAN_POINT ( 'NONE',  ( -0.1181102362204724532, 0.03149606299212598381, 0.1023622047244094613 ) ) ;
#3130 = ADVANCED_FACE ( 'NONE', ( #3564 ), #3058, .T. ) ;
#3131 = DIRECTION ( 'NONE',  ( 0.000000000000000000, -1.000000000000000000, 0.000000000000000000 ) ) ;
#3132 = VERTEX_POINT ( 'NONE', #2190 ) ;
#3133 = ORIENTED_EDGE ( 'NONE', *, *, #536, .F. ) ;
#3134 = ORIENTED_EDGE ( 'NONE', *, *, #1523, .F. ) ;
#3135 = EDGE_LOOP ( 'NONE', ( #1610, #2644, #2624, #2787 ) ) ;
#3136 = LINE ( 'NONE', #2606, #1709 ) ;
#3137 = PLANE ( 'NONE',  #2284 ) ;
#3138 = ADVANCED_FACE ( 'NONE', ( #541 ), #3302, .F. ) ;
#3139 = DIRECTION ( 'NONE',  ( 1.000000000000000000, 0.000000000000000000, 0.000000000000000000 ) ) ;
#3140 = VECTOR ( 'NONE', #885, 39.37007874015748143 ) ;
#3141 = VERTEX_POINT ( 'NONE', #2207 ) ;
#3142 = LINE ( 'NONE', #1274, #743 ) ;
#3143 = VECTOR ( 'NONE', #1959, 39.37007874015748143 ) ;
#3144 = DIRECTION ( 'NONE',  ( 1.000000000000000000, 0.000000000000000000, 0.000000000000000000 ) ) ;
#3145 = VERTEX_POINT ( 'NONE', #525 ) ;
#3146 = CARTESIAN_POINT ( 'NONE',  ( 0.1122047244094488277, 0.1377952755905511861, 0.1122047244094488277 ) ) ;
#3147 = COLOUR_RGB ( '',0.7921568627450980005, 0.8196078431372548767, 0.9333333333333333481 ) ;
#3148 = DIRECTION ( 'NONE',  ( 0.000000000000000000, 0.000000000000000000, -1.000000000000000000 ) ) ;
#3149 = ORIENTED_EDGE ( 'NONE', *, *, #802, .T. ) ;
#3150 = LINE ( 'NONE', #2915, #238 ) ;
#3151 = AXIS2_PLACEMENT_3D ( 'NONE', #3525, #1055, #3550 ) ;
#3152 = EDGE_LOOP ( 'NONE', ( #3273, #896, #2201, #2387, #388, #648, #2812, #513, #1227, #2775, #2752, #2956 ) ) ;
#3153 = VERTEX_POINT ( 'NONE', #1114 ) ;
#3154 = AXIS2_PLACEMENT_3D ( 'NONE', #955, #374, #1174 ) ;
#3155 = DIRECTION ( 'NONE',  ( -1.000000000000000000, 1.016439536705159791E-16, 0.000000000000000000 ) ) ;
#3156 = CARTESIAN_POINT ( 'NONE',  ( 0.1122047244094488277, 0.000000000000000000, 0.1122047244094488277 ) ) ;
#3157 = EDGE_CURVE ( 'NONE', #287, #3432, #2729, .T. ) ;
#3158 = AXIS2_PLACEMENT_3D ( 'NONE', #2682, #188, #1284 ) ;
#3159 = CARTESIAN_POINT ( 'NONE',  ( -0.1653543307086614567, 0.003937007874015747977, -0.1023622047244094613 ) ) ;
#3160 = CARTESIAN_POINT ( 'NONE',  ( 0.000000000000000000, 0.2559055118110236671, 0.000000000000000000 ) ) ;
#3161 = AXIS2_PLACEMENT_3D ( 'NONE', #111, #127, #1786 ) ;
#3162 = VECTOR ( 'NONE', #1234, 39.37007874015748143 ) ;
#3163 = ORIENTED_EDGE ( 'NONE', *, *, #3378, .F. ) ;
#3164 = LINE ( 'NONE', #697, #40 ) ;
#3165 = LINE ( 'NONE', #3202, #2862 ) ;
#3166 = AXIS2_PLACEMENT_3D ( 'NONE', #1078, #2478, #285 ) ;
#3167 = DIRECTION ( 'NONE',  ( 0.000000000000000000, 1.000000000000000000, 0.000000000000000000 ) ) ;
#3168 = ORIENTED_EDGE ( 'NONE', *, *, #378, .F. ) ;
#3169 = LINE ( 'NONE', #136, #2998 ) ;
#3170 = CARTESIAN_POINT ( 'NONE',  ( -0.1535433070866141780, 0.02755905511811023584, -0.1023622047244094613 ) ) ;
#3171 = EDGE_LOOP ( 'NONE', ( #480, #195, #2171, #2532 ) ) ;
#3172 = CARTESIAN_POINT ( 'NONE',  ( 0.1496062992125984370, 0.02755905511811023584, 0.07480314960629921850 ) ) ;
#3173 = EDGE_CURVE ( 'NONE', #3145, #2969, #3021, .T. ) ;
#3174 = VERTEX_POINT ( 'NONE', #1362 ) ;
#3175 = ORIENTED_EDGE ( 'NONE', *, *, #2760, .T. ) ;
#3176 = DIRECTION ( 'NONE',  ( 0.000000000000000000, 0.000000000000000000, -1.000000000000000000 ) ) ;
#3177 = PLANE ( 'NONE',  #1831 ) ;
#3178 = ADVANCED_FACE ( 'NONE', ( #1934 ), #1595, .F. ) ;
#3179 = FACE_OUTER_BOUND ( 'NONE', #836, .T. ) ;
#3180 = SURFACE_STYLE_FILL_AREA ( #2076 ) ;
#3181 = FACE_OUTER_BOUND ( 'NONE', #371, .T. ) ;
#3182 = CYLINDRICAL_SURFACE ( 'NONE', #2354, 0.005905511811023620231 ) ;
#3183 = ORIENTED_EDGE ( 'NONE', *, *, #3010, .T. ) ;
#3184 = CARTESIAN_POINT ( 'NONE',  ( 0.08858267716535433989, 0.1456692913385826960, -0.08858267716535433989 ) ) ;
#3185 = DIRECTION ( 'NONE',  ( 0.000000000000000000, 0.000000000000000000, 1.000000000000000000 ) ) ;
#3186 = ADVANCED_FACE ( 'NONE', ( #1346 ), #1634, .F. ) ;
#3187 = FACE_OUTER_BOUND ( 'NONE', #3045, .T. ) ;
#3188 = ORIENTED_EDGE ( 'NONE', *, *, #2337, .T. ) ;
#3189 = LINE ( 'NONE', #1548, #234 ) ;
#3190 = LINE ( 'NONE', #2369, #337 ) ;
#3191 = EDGE_LOOP ( 'NONE', ( #3149, #700, #1992, #2849 ) ) ;
#3192 = ORIENTED_EDGE ( 'NONE', *, *, #2071, .T. ) ;
#3193 = DIRECTION ( 'NONE',  ( 0.000000000000000000, 0.000000000000000000, 1.000000000000000000 ) ) ;
#3194 = LINE ( 'NONE', #203, #164 ) ;
#3195 = DIRECTION ( 'NONE',  ( 0.000000000000000000, -1.000000000000000000, 0.000000000000000000 ) ) ;
#3196 = CARTESIAN_POINT ( 'NONE',  ( 0.08858267716535433989, 0.1299212598425196763, -0.08858267716535433989 ) ) ;
#3197 = EDGE_CURVE ( 'NONE', #705, #394, #982, .T. ) ;
#3198 = CARTESIAN_POINT ( 'NONE',  ( 0.08858267716535433989, 0.1377952755905511861, 0.07283464566929134798 ) ) ;
#3199 = CARTESIAN_POINT ( 'NONE',  ( 0.1496062992125984370, 0.03937007874015747977, -0.1023622047244094613 ) ) ;
#3200 = ORIENTED_EDGE ( 'NONE', *, *, #398, .T. ) ;
#3201 = CARTESIAN_POINT ( 'NONE',  ( 0.1181102362204724532, 0.03937007874015747977, -0.1023622047244094613 ) ) ;
#3202 = CARTESIAN_POINT ( 'NONE',  ( -0.08858267716535433989, 0.1456692913385826960, -0.1122047244094488277 ) ) ;
#3203 = ADVANCED_FACE ( 'NONE', ( #301 ), #1400, .F. ) ;
#3204 = CLOSED_SHELL ( 'NONE', ( #2291, #1160, #3467, #613, #3054, #677, #2236, #2449, #466, #1282, #1574, #247, #484, #1813, #761, #3383, #29, #1441, #470, #2092, #3072, #3138, #934, #1791, #1334, #2304, #3297, #2617, #2838, #2273, #2573, #1707, #2900, #1800 ) ) ;
#3205 = DIRECTION ( 'NONE',  ( -1.000000000000000000, 0.000000000000000000, 0.000000000000000000 ) ) ;
#3206 = VERTEX_POINT ( 'NONE', #2419 ) ;
#3207 = DIRECTION ( 'NONE',  ( 0.000000000000000000, -1.000000000000000000, 0.000000000000000000 ) ) ;
#3208 =( LENGTH_UNIT ( ) NAMED_UNIT ( * ) SI_UNIT ( $, .METRE. ) );
#3209 = EDGE_CURVE ( 'NONE', #993, #1681, #3224, .T. ) ;
#3211 = ORIENTED_EDGE ( 'NONE', *, *, #185, .F. ) ;
#3210 = AXIS2_PLACEMENT_3D ( 'NONE', #487, #1907, #1920 ) ;
#3212 = FILL_AREA_STYLE ('',( #410 ) ) ;
#3213 = VECTOR ( 'NONE', #1747, 39.37007874015748143 ) ;
#3214 = VERTEX_POINT ( 'NONE', #3262 ) ;
#3215 = CARTESIAN_POINT ( 'NONE',  ( -0.1535433070866141780, 0.02755905511811023584, -0.1023622047244094613 ) ) ;
#3216 = CARTESIAN_POINT ( 'NONE',  ( 0.000000000000000000, 0.1299212598425196763, 0.000000000000000000 ) ) ;
#3217 = CIRCLE ( 'NONE', #1140, 0.01181102362204724046 ) ;
#3218 = CIRCLE ( 'NONE', #1766, 0.02362204724409448092 ) ;
#3219 = CARTESIAN_POINT ( 'NONE',  ( 0.08858267716535433989, 0.1377952755905511861, 0.08858267716535433989 ) ) ;
#3220 = AXIS2_PLACEMENT_3D ( 'NONE', #1533, #1555, #2375 ) ;
#3221 = EDGE_CURVE ( 'NONE', #1948, #2083, #2983, .T. ) ;
#3222 = DIRECTION ( 'NONE',  ( -0.000000000000000000, 1.000000000000000000, 0.000000000000000000 ) ) ;
#3223 = ORIENTED_EDGE ( 'NONE', *, *, #888, .T. ) ;
#3224 = CIRCLE ( 'NONE', #1954, 0.01574803149606299191 ) ;
#3225 = VECTOR ( 'NONE', #262, 39.37007874015748143 ) ;
#3226 = CARTESIAN_POINT ( 'NONE',  ( 8.919671568592926781E-18, 0.1299212598425196763, -0.07283464566929134798 ) ) ;
#3227 = CARTESIAN_POINT ( 'NONE',  ( 0.1535433070866141780, 0.007874015748031495954, -0.1023622047244094613 ) ) ;
#3228 = VECTOR ( 'NONE', #2220, 39.37007874015748143 ) ;
#3229 = ORIENTED_EDGE ( 'NONE', *, *, #2720, .F. ) ;
#3230 = DIMENSIONAL_EXPONENTS ( 1.000000000000000000, 0.000000000000000000, 0.000000000000000000, 0.000000000000000000, 0.000000000000000000, 0.000000000000000000, 0.000000000000000000 ) ;
#3231 = EDGE_CURVE ( 'NONE', #2659, #2413, #1965, .T. ) ;
#3232 = FACE_OUTER_BOUND ( 'NONE', #2026, .T. ) ;
#3233 = LENGTH_MEASURE_WITH_UNIT ( LENGTH_MEASURE( 0.02539999999999999897 ), #3208 );
#3234 = CIRCLE ( 'NONE', #2821, 0.01574803149606299885 ) ;
#3235 = ORIENTED_EDGE ( 'NONE', *, *, #3323, .F. ) ;
#3236 = CARTESIAN_POINT ( 'NONE',  ( 0.1614173228346456879, 0.02755905511811023584, 0.1023622047244094613 ) ) ;
#3237 = AXIS2_PLACEMENT_3D ( 'NONE', #1810, #2909, #2098 ) ;
#3238 = ORIENTED_EDGE ( 'NONE', *, *, #2425, .T. ) ;
#3239 = DIRECTION ( 'NONE',  ( 0.000000000000000000, 0.000000000000000000, 1.000000000000000000 ) ) ;
#3240 = CARTESIAN_POINT ( 'NONE',  ( 0.1122047244094488277, 0.000000000000000000, -0.1181102362204724532 ) ) ;
#3241 = EDGE_CURVE ( 'NONE', #1110, #319, #807, .T. ) ;
#3242 = CARTESIAN_POINT ( 'NONE',  ( -0.1181102362204724532, 0.03937007874015747977, 0.1023622047244094613 ) ) ;
#3243 = DIRECTION ( 'NONE',  ( 0.000000000000000000, 0.000000000000000000, -1.000000000000000000 ) ) ;
#3244 = FACE_OUTER_BOUND ( 'NONE', #2411, .T. ) ;
#3245 = ORIENTED_EDGE ( 'NONE', *, *, #2383, .T. ) ;
#3246 = DIRECTION ( 'NONE',  ( 0.000000000000000000, 0.000000000000000000, -1.000000000000000000 ) ) ;
#3247 = DIRECTION ( 'NONE',  ( 0.000000000000000000, 0.000000000000000000, -1.000000000000000000 ) ) ;
#3248 = EDGE_CURVE ( 'NONE', #2390, #3284, #3006, .T. ) ;
#3249 = ORIENTED_EDGE ( 'NONE', *, *, #1370, .F. ) ;
#3250 = CARTESIAN_POINT ( 'NONE',  ( 0.1614173228346456879, 0.02755905511811023584, 0.07480314960629921850 ) ) ;
#3251 = CARTESIAN_POINT ( 'NONE',  ( 0.1653543307086614567, 0.007874015748031495954, -0.1023622047244094613 ) ) ;
#3252 = VERTEX_POINT ( 'NONE', #2526 ) ;
#3253 = DIRECTION ( 'NONE',  ( 0.000000000000000000, 0.000000000000000000, 1.000000000000000000 ) ) ;
#3254 = ADVANCED_FACE ( 'NONE', ( #2820 ), #2782, .F. ) ;
#3255 = VERTEX_POINT ( 'NONE', #1938 ) ;
#3256 = VERTEX_POINT ( 'NONE', #68 ) ;
#3257 = FACE_OUTER_BOUND ( 'NONE', #543, .T. ) ;
#3258 = FILL_AREA_STYLE_COLOUR ( '', #745 ) ;
#3259 = CARTESIAN_POINT ( 'NONE',  ( -0.08858267716535433989, 0.1299212598425196763, -0.08858267716535433989 ) ) ;
#3260 = DIRECTION ( 'NONE',  ( 0.000000000000000000, 0.000000000000000000, -1.000000000000000000 ) ) ;
#3261 = ADVANCED_FACE ( 'NONE', ( #1960 ), #3076, .T. ) ;
#3262 = CARTESIAN_POINT ( 'NONE',  ( 0.08858267716535433989, 0.1456692913385826960, -0.1122047244094488277 ) ) ;
#3263 = DIRECTION ( 'NONE',  ( 0.000000000000000000, 0.000000000000000000, -1.000000000000000000 ) ) ;
#3264 = ORIENTED_EDGE ( 'NONE', *, *, #1120, .F. ) ;
#3265 = CYLINDRICAL_SURFACE ( 'NONE', #1940, 0.005905511811023620231 ) ;
#3266 = DIRECTION ( 'NONE',  ( 0.000000000000000000, -1.000000000000000000, 0.000000000000000000 ) ) ;
#3267 = ORIENTED_EDGE ( 'NONE', *, *, #1749, .T. ) ;
#3268 = CARTESIAN_POINT ( 'NONE',  ( 0.1653543307086614567, -0.003937007874015747977, 0.1023622047244094613 ) ) ;
#3269 = DIRECTION ( 'NONE',  ( 0.000000000000000000, 1.000000000000000000, 0.000000000000000000 ) ) ;
#3270 = ORIENTED_EDGE ( 'NONE', *, *, #1517, .T. ) ;
#3271 = AXIS2_PLACEMENT_3D ( 'NONE', #2182, #1895, #1122 ) ;
#3272 = CYLINDRICAL_SURFACE ( 'NONE', #2643, 0.02362204724409448092 ) ;
#3273 = ORIENTED_EDGE ( 'NONE', *, *, #3083, .F. ) ;
#3274 = ORIENTED_EDGE ( 'NONE', *, *, #2078, .T. ) ;
#3275 = CARTESIAN_POINT ( 'NONE',  ( 0.000000000000000000, 0.1299212598425196763, 0.000000000000000000 ) ) ;
#3276 = SURFACE_STYLE_FILL_AREA ( #3502 ) ;
#3277 = VECTOR ( 'NONE', #63, 39.37007874015748143 ) ;
#3278 = DIRECTION ( 'NONE',  ( 1.000000000000000000, -1.016439536705159791E-16, 0.000000000000000000 ) ) ;
#3279 = EDGE_CURVE ( 'NONE', #2437, #1681, #1416, .T. ) ;
#3280 = VECTOR ( 'NONE', #2414, 39.37007874015748143 ) ;
#3281 = CIRCLE ( 'NONE', #3154, 0.01574803149606299885 ) ;
#3282 = DIRECTION ( 'NONE',  ( 0.000000000000000000, 0.000000000000000000, -1.000000000000000000 ) ) ;
#3283 = DIRECTION ( 'NONE',  ( 0.000000000000000000, 0.000000000000000000, -1.000000000000000000 ) ) ;
#3284 = VERTEX_POINT ( 'NONE', #2496 ) ;
#3285 = DIRECTION ( 'NONE',  ( 0.000000000000000000, 1.000000000000000000, 0.000000000000000000 ) ) ;
#3286 = AXIS2_PLACEMENT_3D ( 'NONE', #3333, #3565, #316 ) ;
#3287 = AXIS2_PLACEMENT_3D ( 'NONE', #1161, #2817, #2051 ) ;
#3288 = ORIENTED_EDGE ( 'NONE', *, *, #2701, .T. ) ;
#3289 = DIRECTION ( 'NONE',  ( 0.000000000000000000, -1.000000000000000000, 0.000000000000000000 ) ) ;
#3290 = DIRECTION ( 'NONE',  ( 0.000000000000000000, -1.000000000000000000, 0.000000000000000000 ) ) ;
#3291 = VECTOR ( 'NONE', #2151, 39.37007874015748143 ) ;
#3292 = FACE_OUTER_BOUND ( 'NONE', #2786, .T. ) ;
#3293 = ORIENTED_EDGE ( 'NONE', *, *, #15, .T. ) ;
#3294 = VECTOR ( 'NONE', #1085, 39.37007874015748143 ) ;
#3295 = DIRECTION ( 'NONE',  ( 0.000000000000000000, 0.000000000000000000, -1.000000000000000000 ) ) ;
#3296 = ORIENTED_EDGE ( 'NONE', *, *, #2499, .T. ) ;
#3297 = ADVANCED_FACE ( 'NONE', ( #2796, #2508 ), #1163, .F. ) ;
#3298 = CIRCLE ( 'NONE', #2189, 0.01181102362204724046 ) ;
#3299 = CARTESIAN_POINT ( 'NONE',  ( -0.1181102362204724532, 0.03937007874015747977, 0.1023622047244094613 ) ) ;
#3300 = LINE ( 'NONE', #2476, #852 ) ;
#3301 = EDGE_CURVE ( 'NONE', #1453, #1740, #3371, .T. ) ;
#3302 = PLANE ( 'NONE',  #692 ) ;
#3303 = CARTESIAN_POINT ( 'NONE',  ( 0.1614173228346456879, 0.02755905511811023584, 0.1023622047244094613 ) ) ;
#3304 = VERTEX_POINT ( 'NONE', #3094 ) ;
#3305 = LINE ( 'NONE', #1045, #1366 ) ;
#3306 = UNCERTAINTY_MEASURE_WITH_UNIT (LENGTH_MEASURE( 1.000000000000000082E-05 ), #720, 'distance_accuracy_value', 'NONE');
#3307 = ORIENTED_EDGE ( 'NONE', *, *, #2321, .T. ) ;
#3308 = LINE ( 'NONE', #548, #574 ) ;
#3309 = ADVANCED_BREP_SHAPE_REPRESENTATION ( 'CUI_DEVICES_TS04-66-65-BK-260-SMT', ( #3079, #645, #640, #3070, #606, #1846, #1863, #2761 ), #2297 ) ;
#3310 = CARTESIAN_POINT ( 'NONE',  ( -0.1181102362204724532, 0.1299212598425196763, -0.1122047244094488277 ) ) ;
#3311 = FACE_OUTER_BOUND ( 'NONE', #357, .T. ) ;
#3312 = ORIENTED_EDGE ( 'NONE', *, *, #596, .F. ) ;
#3313 = ORIENTED_EDGE ( 'NONE', *, *, #2665, .F. ) ;
#3314 = ORIENTED_EDGE ( 'NONE', *, *, #3127, .T. ) ;
#3315 = CARTESIAN_POINT ( 'NONE',  ( -0.1968503937007874127, 0.003937007874015747977, -0.1023622047244094613 ) ) ;
#3316 = CYLINDRICAL_SURFACE ( 'NONE', #614, 0.02362204724409448092 ) ;
#3317 = CARTESIAN_POINT ( 'NONE',  ( -0.1181102362204724532, 0.03937007874015747977, -0.1023622047244094613 ) ) ;
#3318 = CARTESIAN_POINT ( 'NONE',  ( -0.1122047244094488277, 0.1299212598425196763, 0.1181102362204724532 ) ) ;
#3319 = ORIENTED_EDGE ( 'NONE', *, *, #2212, .F. ) ;
#3320 = DIRECTION ( 'NONE',  ( 0.000000000000000000, 0.000000000000000000, 1.000000000000000000 ) ) ;
#3321 = ORIENTED_EDGE ( 'NONE', *, *, #1029, .T. ) ;
#3322 = CARTESIAN_POINT ( 'NONE',  ( 7.977277347923734540E-18, 0.2501844571990812227, -0.06513941287788303780 ) ) ;
#3323 = EDGE_CURVE ( 'NONE', #3061, #1110, #318, .T. ) ;
#3324 = ORIENTED_EDGE ( 'NONE', *, *, #1212, .F. ) ;
#3325 = VERTEX_POINT ( 'NONE', #599 ) ;
#3326 = ORIENTED_EDGE ( 'NONE', *, *, #2267, .T. ) ;
#3327 = VECTOR ( 'NONE', #437, 39.37007874015748143 ) ;
#3328 = CARTESIAN_POINT ( 'NONE',  ( -0.1614173228346456879, 0.02755905511811023584, 0.07480314960629921850 ) ) ;
#3329 = SPHERICAL_SURFACE ( 'NONE', #2798, 0.03937007874015747977 ) ;
#3330 = CARTESIAN_POINT ( 'NONE',  ( 0.08858267716535433989, 0.1141732283464566844, 0.08858267716535433989 ) ) ;
#3331 = VECTOR ( 'NONE', #170, 39.37007874015748143 ) ;
#3332 =( GEOMETRIC_REPRESENTATION_CONTEXT ( 3 ) GLOBAL_UNCERTAINTY_ASSIGNED_CONTEXT ( ( #511 ) ) GLOBAL_UNIT_ASSIGNED_CONTEXT ( ( #454, #2108, #2666 ) ) REPRESENTATION_CONTEXT ( 'NONE', 'WORKASPACE' ) );
#3333 = CARTESIAN_POINT ( 'NONE',  ( -0.1496062992125984370, 0.02755905511811023584, 0.1023622047244094613 ) ) ;
#3334 = ORIENTED_EDGE ( 'NONE', *, *, #185, .T. ) ;
#3335 = CARTESIAN_POINT ( 'NONE',  ( -0.1181102362204724532, 0.03937007874015747977, 0.1023622047244094613 ) ) ;
#3336 = DIRECTION ( 'NONE',  ( 0.000000000000000000, -1.000000000000000000, 0.000000000000000000 ) ) ;
#3337 = CIRCLE ( 'NONE', #2231, 0.005905511811023620231 ) ;
#3338 = EDGE_CURVE ( 'NONE', #1998, #458, #2226, .T. ) ;
#3339 = ORIENTED_EDGE ( 'NONE', *, *, #2351, .T. ) ;
#3340 = AXIS2_PLACEMENT_3D ( 'NONE', #964, #1790, #3419 ) ;
#3341 = CARTESIAN_POINT ( 'NONE',  ( -0.1181102362204724532, 0.1299212598425196763, -0.1122047244094488277 ) ) ;
#3342 = CIRCLE ( 'NONE', #2865, 0.005905511811023620231 ) ;
#3343 = ADVANCED_FACE ( 'NONE', ( #51 ), #911, .T. ) ;
#3344 = ORIENTED_EDGE ( 'NONE', *, *, #3452, .T. ) ;
#3345 = DIRECTION ( 'NONE',  ( 0.000000000000000000, 0.000000000000000000, 1.000000000000000000 ) ) ;
#3346 = EDGE_LOOP ( 'NONE', ( #498, #2547, #427, #3288 ) ) ;
#3347 = AXIS2_PLACEMENT_3D ( 'NONE', #3494, #2967, #1909 ) ;
#3348 = CARTESIAN_POINT ( 'NONE',  ( 0.08858267716535433989, 0.1456692913385826960, -0.08858267716535433989 ) ) ;
#3349 = DIRECTION ( 'NONE',  ( 0.000000000000000000, 0.000000000000000000, 1.000000000000000000 ) ) ;
#3350 = CARTESIAN_POINT ( 'NONE',  ( -0.08858267716535433989, 0.1299212598425196763, -0.1043307086614173457 ) ) ;
#3351 = STYLED_ITEM ( 'NONE', ( #1511 ), #3079 ) ;
#3352 = EDGE_CURVE ( 'NONE', #1219, #1773, #1434, .T. ) ;
#3353 = AXIS2_PLACEMENT_3D ( 'NONE', #712, #2093, #456 ) ;
#3354 = DIRECTION ( 'NONE',  ( 0.000000000000000000, -1.000000000000000000, 0.000000000000000000 ) ) ;
#3355 = DIRECTION ( 'NONE',  ( 0.000000000000000000, 0.000000000000000000, -1.000000000000000000 ) ) ;
#3356 = DIRECTION ( 'NONE',  ( 0.000000000000000000, 0.000000000000000000, 1.000000000000000000 ) ) ;
#3357 = ORIENTED_EDGE ( 'NONE', *, *, #2943, .F. ) ;
#3358 = CARTESIAN_POINT ( 'NONE',  ( -0.08858267716535433989, 0.1377952755905511861, 0.06496062992125986590 ) ) ;
#3359 = EDGE_CURVE ( 'NONE', #2102, #2144, #1670, .T. ) ;
#3360 = ORIENTED_EDGE ( 'NONE', *, *, #1288, .T. ) ;
#3361 = CARTESIAN_POINT ( 'NONE',  ( 0.1968503937007874127, -0.003937007874015747977, 0.1023622047244094613 ) ) ;
#3362 = ORIENTED_EDGE ( 'NONE', *, *, #1727, .F. ) ;
#3363 = EDGE_CURVE ( 'NONE', #1263, #2228, #3063, .T. ) ;
#3364 = LINE ( 'NONE', #1490, #749 ) ;
#3365 = DIRECTION ( 'NONE',  ( 0.000000000000000000, 1.000000000000000000, 0.000000000000000000 ) ) ;
#3366 = CARTESIAN_POINT ( 'NONE',  ( -0.1653543307086614567, 0.007874015748031495954, -0.1023622047244094613 ) ) ;
#3367 = EDGE_CURVE ( 'NONE', #3530, #2517, #2122, .T. ) ;
#3368 = CARTESIAN_POINT ( 'NONE',  ( 0.1968503937007874127, 0.003937007874015747977, 0.07480314960629921850 ) ) ;
#3369 = ADVANCED_FACE ( 'NONE', ( #440 ), #1209, .T. ) ;
#3370 = CARTESIAN_POINT ( 'NONE',  ( -0.08858267716535433989, 0.1377952755905511861, 0.08858267716535433989 ) ) ;
#3371 = LINE ( 'NONE', #1452, #392 ) ;
#3372 = ORIENTED_EDGE ( 'NONE', *, *, #1665, .T. ) ;
#3373 = CARTESIAN_POINT ( 'NONE',  ( 0.1535433070866141780, 0.02755905511811023584, 0.1023622047244094613 ) ) ;
#3374 = ORIENTED_EDGE ( 'NONE', *, *, #3352, .F. ) ;
#3375 = DIRECTION ( 'NONE',  ( -1.000000000000000000, 0.000000000000000000, 0.000000000000000000 ) ) ;
#3376 = ORIENTED_EDGE ( 'NONE', *, *, #1523, .T. ) ;
#3377 = PLANE ( 'NONE',  #1559 ) ;
#3378 = EDGE_CURVE ( 'NONE', #1101, #1492, #2038, .T. ) ;
#3379 = ORIENTED_EDGE ( 'NONE', *, *, #147, .F. ) ;
#3380 = DIRECTION ( 'NONE',  ( -1.000000000000000000, -1.734723475976804925E-15, 0.000000000000000000 ) ) ;
#3381 = DIRECTION ( 'NONE',  ( 0.000000000000000000, 0.000000000000000000, 1.000000000000000000 ) ) ;
#3382 = CLOSED_SHELL ( 'NONE', ( #2206, #1944, #825, #3558, #1568, #3186, #1041, #1809, #619, #1602, #3435, #1929, #2978, #1357 ) ) ;
#3383 = ADVANCED_FACE ( 'NONE', ( #2874 ), #1524, .T. ) ;
#3384 = CARTESIAN_POINT ( 'NONE',  ( -0.1653543307086614567, 0.007874015748031495954, -0.1023622047244094613 ) ) ;
#3385 = AXIS2_PLACEMENT_3D ( 'NONE', #2112, #3285, #3009 ) ;
#3386 = CYLINDRICAL_SURFACE ( 'NONE', #1420, 0.01574803149606299191 ) ;
#3387 = DIRECTION ( 'NONE',  ( -1.000000000000000000, 0.000000000000000000, 0.000000000000000000 ) ) ;
#3388 = ORIENTED_EDGE ( 'NONE', *, *, #786, .T. ) ;
#3389 = DIRECTION ( 'NONE',  ( 0.000000000000000000, 0.000000000000000000, 1.000000000000000000 ) ) ;
#3390 = VECTOR ( 'NONE', #271, 39.37007874015748143 ) ;
#3391 = EDGE_CURVE ( 'NONE', #1811, #3252, #580, .T. ) ;
#3392 = AXIS2_PLACEMENT_3D ( 'NONE', #1309, #1688, #2778 ) ;
#3393 = VERTEX_POINT ( 'NONE', #1275 ) ;
#3394 = ORIENTED_EDGE ( 'NONE', *, *, #502, .T. ) ;
#3395 = STYLED_ITEM ( 'NONE', ( #3001 ), #1863 ) ;
#3396 = CARTESIAN_POINT ( 'NONE',  ( -0.1181102362204724532, 0.03149606299212598381, -0.07480314960629921850 ) ) ;
#3397 = AXIS2_PLACEMENT_3D ( 'NONE', #854, #3056, #1685 ) ;
#3398 = VERTEX_POINT ( 'NONE', #2308 ) ;
#3399 = ORIENTED_EDGE ( 'NONE', *, *, #813, .F. ) ;
#3400 = CARTESIAN_POINT ( 'NONE',  ( 0.1496062992125984370, 0.02755905511811023584, -0.07480314960629921850 ) ) ;
#3401 = DIRECTION ( 'NONE',  ( 1.734723475976804925E-15, -1.000000000000000000, 0.000000000000000000 ) ) ;
#3402 = AXIS2_PLACEMENT_3D ( 'NONE', #1932, #2203, #558 ) ;
#3403 = DIRECTION ( 'NONE',  ( 0.000000000000000000, 0.000000000000000000, -1.000000000000000000 ) ) ;
#3404 = VECTOR ( 'NONE', #2668, 39.37007874015748143 ) ;
#3405 = LINE ( 'NONE', #1501, #1596 ) ;
#3406 = EDGE_CURVE ( 'NONE', #2991, #686, #928, .T. ) ;
#3407 = ORIENTED_EDGE ( 'NONE', *, *, #2709, .F. ) ;
#3408 = LINE ( 'NONE', #3341, #615 ) ;
#3409 = ORIENTED_EDGE ( 'NONE', *, *, #3338, .T. ) ;
#3410 = ADVANCED_FACE ( 'NONE', ( #675 ), #2639, .F. ) ;
#3411 = ORIENTED_EDGE ( 'NONE', *, *, #3209, .F. ) ;
#3412 = ORIENTED_EDGE ( 'NONE', *, *, #1556, .T. ) ;
#3413 = ORIENTED_EDGE ( 'NONE', *, *, #1903, .T. ) ;
#3414 = CARTESIAN_POINT ( 'NONE',  ( 0.08858267716535433989, 0.1377952755905511861, 0.08858267716535433989 ) ) ;
#3415 = CARTESIAN_POINT ( 'NONE',  ( 0.1181102362204724532, 0.03937007874015747977, -0.07480314960629921850 ) ) ;
#3416 = CARTESIAN_POINT ( 'NONE',  ( -0.08858267716535433989, 0.1299212598425196763, 0.1043307086614173457 ) ) ;
#3417 = CARTESIAN_POINT ( 'NONE',  ( -0.1496062992125984370, 0.03149606299212598381, 0.1023622047244094613 ) ) ;
#3418 = EDGE_LOOP ( 'NONE', ( #2034, #2973, #1705, #1239 ) ) ;
#3419 = DIRECTION ( 'NONE',  ( 0.000000000000000000, 0.000000000000000000, -1.000000000000000000 ) ) ;
#3420 = ORIENTED_EDGE ( 'NONE', *, *, #391, .F. ) ;
#3421 = EDGE_CURVE ( 'NONE', #2102, #2725, #1230, .T. ) ;
#3422 = DIRECTION ( 'NONE',  ( 0.000000000000000000, 0.000000000000000000, 1.000000000000000000 ) ) ;
#3423 = VERTEX_POINT ( 'NONE', #155 ) ;
#3424 = CARTESIAN_POINT ( 'NONE',  ( 0.08858267716535433989, 0.1456692913385826960, 0.1122047244094488277 ) ) ;
#3425 = EDGE_LOOP ( 'NONE', ( #1136, #2975 ) ) ;
#3426 = ORIENTED_EDGE ( 'NONE', *, *, #128, .T. ) ;
#3427 = DIRECTION ( 'NONE',  ( 0.000000000000000000, 0.000000000000000000, -1.000000000000000000 ) ) ;
#3428 = CARTESIAN_POINT ( 'NONE',  ( 0.1614173228346456879, 0.007874015748031495954, -0.1023622047244094613 ) ) ;
#3429 = DIRECTION ( 'NONE',  ( -1.000000000000000000, -1.734723475976804925E-15, 0.000000000000000000 ) ) ;
#3430 = CARTESIAN_POINT ( 'NONE',  ( 0.1968503937007874127, -0.003937007874015747977, -0.1023622047244094613 ) ) ;
#3431 = AXIS2_PLACEMENT_3D ( 'NONE', #528, #208, #1364 ) ;
#3432 = VERTEX_POINT ( 'NONE', #1215 ) ;
#3433 = DIRECTION ( 'NONE',  ( -7.228014483236699514E-17, 0.000000000000000000, -1.000000000000000000 ) ) ;
#3434 = CARTESIAN_POINT ( 'NONE',  ( 0.08858267716535433989, 0.1377952755905511861, 0.06496062992125986590 ) ) ;
#3435 = ADVANCED_FACE ( 'NONE', ( #3437 ), #967, .F. ) ;
#3436 = VECTOR ( 'NONE', #3243, 39.37007874015748143 ) ;
#3437 = FACE_OUTER_BOUND ( 'NONE', #441, .T. ) ;
#3438 = ORIENTED_EDGE ( 'NONE', *, *, #884, .F. ) ;
#3439 = CYLINDRICAL_SURFACE ( 'NONE', #1552, 0.01574803149606299885 ) ;
#3440 = CIRCLE ( 'NONE', #331, 0.05923678250729006584 ) ;
#3441 = ORIENTED_EDGE ( 'NONE', *, *, #96, .T. ) ;
#3442 = DIRECTION ( 'NONE',  ( -1.000000000000000000, 0.000000000000000000, 0.000000000000000000 ) ) ;
#3443 = EDGE_CURVE ( 'NONE', #2029, #592, #1047, .T. ) ;
#3444 = VECTOR ( 'NONE', #3401, 39.37007874015748143 ) ;
#3445 = VERTEX_POINT ( 'NONE', #2348 ) ;
#3446 = ORIENTED_EDGE ( 'NONE', *, *, #2439, .F. ) ;
#3447 = AXIS2_PLACEMENT_3D ( 'NONE', #3156, #1783, #2269 ) ;
#3448 = CARTESIAN_POINT ( 'NONE',  ( -0.1653543307086614567, 0.007874015748031495954, -0.07480314960629921850 ) ) ;
#3449 = CARTESIAN_POINT ( 'NONE',  ( -0.1614173228346456879, 0.007874015748031495954, -0.1023622047244094613 ) ) ;
#3450 = DIRECTION ( 'NONE',  ( 0.000000000000000000, 0.000000000000000000, -1.000000000000000000 ) ) ;
#3451 = DIRECTION ( 'NONE',  ( 0.000000000000000000, 0.000000000000000000, -1.000000000000000000 ) ) ;
#3452 = EDGE_CURVE ( 'NONE', #1603, #775, #3459, .T. ) ;
#3453 = VECTOR ( 'NONE', #2107, 39.37007874015748143 ) ;
#3454 = CARTESIAN_POINT ( 'NONE',  ( -0.1181102362204724532, 0.03149606299212598381, -0.1023622047244094613 ) ) ;
#3455 = CIRCLE ( 'NONE', #2126, 0.01574803149606299191 ) ;
#3456 = ORIENTED_EDGE ( 'NONE', *, *, #299, .F. ) ;
#3457 = DIRECTION ( 'NONE',  ( 0.000000000000000000, 1.000000000000000000, 0.000000000000000000 ) ) ;
#3458 = CYLINDRICAL_SURFACE ( 'NONE', #1196, 0.01574803149606299191 ) ;
#3459 = LINE ( 'NONE', #989, #1393 ) ;
#3460 = ORIENTED_EDGE ( 'NONE', *, *, #579, .F. ) ;
#3461 = ADVANCED_FACE ( 'NONE', ( #3187 ), #717, .T. ) ;
#3462 = DIRECTION ( 'NONE',  ( 1.000000000000000000, 0.000000000000000000, 0.000000000000000000 ) ) ;
#3463 = DIRECTION ( 'NONE',  ( 0.000000000000000000, 0.000000000000000000, 1.000000000000000000 ) ) ;
#3464 = VERTEX_POINT ( 'NONE', #3396 ) ;
#3465 = DIRECTION ( 'NONE',  ( -1.000000000000000000, -1.016439536705159791E-16, 0.000000000000000000 ) ) ;
#3466 = ORIENTED_EDGE ( 'NONE', *, *, #1968, .T. ) ;
#3467 = ADVANCED_FACE ( 'NONE', ( #1459 ), #2549, .T. ) ;
#3468 = DIRECTION ( 'NONE',  ( 1.734723475976804925E-15, -1.000000000000000000, 0.000000000000000000 ) ) ;
#3469 = DIRECTION ( 'NONE',  ( 0.000000000000000000, -1.000000000000000000, 0.000000000000000000 ) ) ;
#3470 = DIRECTION ( 'NONE',  ( 0.000000000000000000, 1.000000000000000000, 0.000000000000000000 ) ) ;
#3471 = ADVANCED_FACE ( 'NONE', ( #1185, #2828, #1713, #2281, #2017, #2809 ), #3377, .F. ) ;
#3472 = DIRECTION ( 'NONE',  ( 0.000000000000000000, 0.000000000000000000, -1.000000000000000000 ) ) ;
#3473 = EDGE_CURVE ( 'NONE', #2879, #932, #607, .T. ) ;
#3474 = LINE ( 'NONE', #3199, #3404 ) ;
#3475 = ORIENTED_EDGE ( 'NONE', *, *, #1133, .T. ) ;
#3476 = DIRECTION ( 'NONE',  ( 0.000000000000000000, 0.000000000000000000, -1.000000000000000000 ) ) ;
#3477 = CARTESIAN_POINT ( 'NONE',  ( 0.1653543307086614567, -0.003937007874015747977, 0.1023622047244094613 ) ) ;
#3478 = ORIENTED_EDGE ( 'NONE', *, *, #643, .F. ) ;
#3479 = FACE_OUTER_BOUND ( 'NONE', #1725, .T. ) ;
#3480 = CARTESIAN_POINT ( 'NONE',  ( 0.08858267716535433989, 0.1456692913385826960, -0.06496062992125986590 ) ) ;
#3481 = ORIENTED_EDGE ( 'NONE', *, *, #1700, .T. ) ;
#3482 = DIRECTION ( 'NONE',  ( -1.000000000000000000, -1.016439536705159791E-16, 0.000000000000000000 ) ) ;
#3483 = CARTESIAN_POINT ( 'NONE',  ( -0.1181102362204724532, 0.1299212598425196763, -0.1181102362204724532 ) ) ;
#3484 = SURFACE_STYLE_FILL_AREA ( #1876 ) ;
#3485 = EDGE_CURVE ( 'NONE', #1213, #1101, #864, .T. ) ;
#3486 = PLANE ( 'NONE',  #1723 ) ;
#3487 = EDGE_CURVE ( 'NONE', #2497, #2121, #1171, .T. ) ;
#3488 = CARTESIAN_POINT ( 'NONE',  ( 0.1181102362204724532, 0.1377952755905511861, -0.1181102362204724532 ) ) ;
#3489 = EDGE_LOOP ( 'NONE', ( #1363, #670, #3344, #207 ) ) ;
#3490 = CARTESIAN_POINT ( 'NONE',  ( -0.08858267716535433989, 0.1299212598425196763, 0.07283464566929134798 ) ) ;
#3491 = FACE_OUTER_BOUND ( 'NONE', #2887, .T. ) ;
#3492 = CLOSED_SHELL ( 'NONE', ( #900, #3343, #2861, #2262, #1351, #3203, #943, #415, #2806, #727, #2907, #3254, #3261, #1458 ) ) ;
#3493 = EDGE_LOOP ( 'NONE', ( #201, #2443, #3446, #2364 ) ) ;
#3494 = CARTESIAN_POINT ( 'NONE',  ( -0.1496062992125984370, 0.02755905511811023584, -0.1023622047244094613 ) ) ;
#3495 = DIRECTION ( 'NONE',  ( 0.000000000000000000, 0.000000000000000000, 1.000000000000000000 ) ) ;
#3497 = ORIENTED_EDGE ( 'NONE', *, *, #1288, .F. ) ;
#3496 = AXIS2_PLACEMENT_3D ( 'NONE', #2835, #942, #2320 ) ;
#3498 = EDGE_CURVE ( 'NONE', #1355, #1187, #2710, .T. ) ;
#3499 = AXIS2_PLACEMENT_3D ( 'NONE', #2253, #1381, #13 ) ;
#3500 = ORIENTED_EDGE ( 'NONE', *, *, #956, .F. ) ;
#3501 = DIRECTION ( 'NONE',  ( 0.000000000000000000, 0.000000000000000000, 1.000000000000000000 ) ) ;
#3502 = FILL_AREA_STYLE ('',( #451 ) ) ;
#3503 = VECTOR ( 'NONE', #2484, 39.37007874015748143 ) ;
#3504 = AXIS2_PLACEMENT_3D ( 'NONE', #583, #232, #2222 ) ;
#3505 = CARTESIAN_POINT ( 'NONE',  ( -0.1181102362204724532, 0.03149606299212598381, -0.1023622047244094613 ) ) ;
#3506 = LINE ( 'NONE', #1039, #3436 ) ;
#3507 = VECTOR ( 'NONE', #182, 39.37007874015748143 ) ;
#3508 = DIRECTION ( 'NONE',  ( -1.734723475976804925E-15, -1.000000000000000000, 0.000000000000000000 ) ) ;
#3509 = ORIENTED_EDGE ( 'NONE', *, *, #845, .T. ) ;
#3510 = VECTOR ( 'NONE', #2272, 39.37007874015748143 ) ;
#3511 = VECTOR ( 'NONE', #1075, 39.37007874015748143 ) ;
#3512 = CYLINDRICAL_SURFACE ( 'NONE', #1237, 0.02362204724409448092 ) ;
#3513 = PLANE ( 'NONE',  #3504 ) ;
#3514 = EDGE_CURVE ( 'NONE', #2309, #3153, #1825, .T. ) ;
#3515 = VECTOR ( 'NONE', #609, 39.37007874015748143 ) ;
#3516 = VERTEX_POINT ( 'NONE', #3198 ) ;
#3517 = CARTESIAN_POINT ( 'NONE',  ( -0.08858267716535433989, 0.1456692913385826960, -0.06496062992125986590 ) ) ;
#3518 = FACE_OUTER_BOUND ( 'NONE', #308, .T. ) ;
#3519 = AXIS2_PLACEMENT_3D ( 'NONE', #2955, #1660, #1316 ) ;
#3520 = ORIENTED_EDGE ( 'NONE', *, *, #1857, .F. ) ;
#3521 = DIRECTION ( 'NONE',  ( 0.000000000000000000, 1.000000000000000000, 0.000000000000000000 ) ) ;
#3522 = VECTOR ( 'NONE', #587, 39.37007874015748143 ) ;
#3523 = ADVANCED_FACE ( 'NONE', ( #1270 ), #1539, .T. ) ;
#3524 = ORIENTED_EDGE ( 'NONE', *, *, #2326, .T. ) ;
#3525 = CARTESIAN_POINT ( 'NONE',  ( 0.08858267716535433989, 0.1377952755905511861, 0.08858267716535433989 ) ) ;
#3526 = LINE ( 'NONE', #2415, #2344 ) ;
#3527 = DIRECTION ( 'NONE',  ( 0.000000000000000000, 0.000000000000000000, -1.000000000000000000 ) ) ;
#3528 = DIRECTION ( 'NONE',  ( 0.000000000000000000, 1.000000000000000000, 0.000000000000000000 ) ) ;
#3529 = LINE ( 'NONE', #3488, #2477 ) ;
#3530 = VERTEX_POINT ( 'NONE', #2362 ) ;
#3531 = DIRECTION ( 'NONE',  ( 0.000000000000000000, -1.000000000000000000, 0.000000000000000000 ) ) ;
#3532 = CARTESIAN_POINT ( 'NONE',  ( 0.1181102362204724532, 0.1299212598425196763, -0.1122047244094488277 ) ) ;
#3533 = ORIENTED_EDGE ( 'NONE', *, *, #1570, .F. ) ;
#3534 = DIRECTION ( 'NONE',  ( 0.000000000000000000, 0.000000000000000000, 1.000000000000000000 ) ) ;
#3535 = CARTESIAN_POINT ( 'NONE',  ( -0.1535433070866141780, 0.02755905511811023584, 0.1023622047244094613 ) ) ;
#3536 = ORIENTED_EDGE ( 'NONE', *, *, #1200, .F. ) ;
#3537 = CARTESIAN_POINT ( 'NONE',  ( 7.955382750366665093E-18, 0.2559055118110236671, 0.06496062992125985203 ) ) ;
#3538 = EDGE_CURVE ( 'NONE', #2546, #638, #2610, .T. ) ;
#3539 = ORIENTED_EDGE ( 'NONE', *, *, #1424, .F. ) ;
#3540 = CYLINDRICAL_SURFACE ( 'NONE', #1303, 0.01181102362204724046 ) ;
#3541 = DIRECTION ( 'NONE',  ( 0.000000000000000000, 0.000000000000000000, 1.000000000000000000 ) ) ;
#3542 = LINE ( 'NONE', #1667, #3225 ) ;
#3543 = FACE_OUTER_BOUND ( 'NONE', #826, .T. ) ;
#3544 = CARTESIAN_POINT ( 'NONE',  ( -0.1181102362204724532, 0.000000000000000000, 0.1181102362204724532 ) ) ;
#3545 = CARTESIAN_POINT ( 'NONE',  ( 0.08858267716535433989, 0.1377952755905511861, -0.08858267716535433989 ) ) ;
#3546 = ORIENTED_EDGE ( 'NONE', *, *, #2196, .F. ) ;
#3547 = FACE_BOUND ( 'NONE', #1444, .T. ) ;
#3548 = ORIENTED_EDGE ( 'NONE', *, *, #147, .T. ) ;
#3549 = LINE ( 'NONE', #2441, #3294 ) ;
#3550 = DIRECTION ( 'NONE',  ( 0.000000000000000000, 0.000000000000000000, 1.000000000000000000 ) ) ;
#3551 = EDGE_CURVE ( 'NONE', #3153, #1318, #1322, .T. ) ;
#3552 = ORIENTED_EDGE ( 'NONE', *, *, #3010, .F. ) ;
#3553 = AXIS2_PLACEMENT_3D ( 'NONE', #2635, #342, #2612 ) ;
#3554 = FACE_OUTER_BOUND ( 'NONE', #2430, .T. ) ;
#3555 = ORIENTED_EDGE ( 'NONE', *, *, #1862, .T. ) ;
#3556 = CIRCLE ( 'NONE', #1471, 0.005905511811023620231 ) ;
#3557 = FACE_OUTER_BOUND ( 'NONE', #2677, .T. ) ;
#3558 = ADVANCED_FACE ( 'NONE', ( #3181 ), #1561, .T. ) ;
#3559 = STYLED_ITEM ( 'NONE', ( #1879 ), #640 ) ;
#3560 = DIRECTION ( 'NONE',  ( 7.228014483236699514E-17, 0.000000000000000000, 1.000000000000000000 ) ) ;
#3561 = AXIS2_PLACEMENT_3D ( 'NONE', #3275, #1264, #724 ) ;
#3562 = LENGTH_MEASURE_WITH_UNIT ( LENGTH_MEASURE( 0.02539999999999999897 ), #263 );
#3563 = AXIS2_PLACEMENT_3D ( 'NONE', #2790, #1867, #1064 ) ;
#3564 = FACE_OUTER_BOUND ( 'NONE', #1598, .T. ) ;
#3565 = DIRECTION ( 'NONE',  ( 0.000000000000000000, 0.000000000000000000, 1.000000000000000000 ) ) ;
#3566 = ORIENTED_EDGE ( 'NONE', *, *, #1939, .F. ) ;
#3567 = ADVANCED_FACE ( 'NONE', ( #2342 ), #985, .T. ) ;
#3568 = CARTESIAN_POINT ( 'NONE',  ( -0.1614173228346456879, 0.02755905511811023584, -0.1023622047244094613 ) ) ;
#3569 = PRESENTATION_LAYER_ASSIGNMENT (  '', '', ( #1147 ) ) ;
ENDSEC;
END-ISO-10303-21;
